{"type":"Topology","arcs":[[[99034,58977],[68,-4]],[[99102,58973],[9,-61],[-20,-17],[-57,82]],[[101279,50620],[51,15],[28,54],[77,67]],[[101435,50756],[4,-70],[40,25],[12,30],[25,-46],[-4,-78],[-64,-17],[34,-172]],[[101482,50428],[-20,-31],[-10,-79],[-173,-303],[-109,-17],[-30,-65],[-78,-61],[-87,26],[-22,-20],[15,95],[83,86],[-27,32],[-36,-6],[3,56],[25,46],[5,151],[118,180]],[[101139,50518],[20,-49],[40,26],[16,-76],[17,8],[13,71],[26,47],[8,75]],[[98989,58975],[-16,-24],[-49,30],[8,-44],[24,-12],[0,-23],[17,4],[56,-88],[-55,13],[66,-43],[21,-52],[-27,0],[41,-47],[-26,-42],[-40,-3],[-27,20],[-26,81],[14,-116],[-140,24],[-19,-32],[56,14],[0,-39],[14,-40],[28,-34],[40,-1],[-29,-119],[-29,12],[-1,-19],[61,-39],[10,-44],[45,-10],[4,-27],[-22,-37],[30,9],[10,-22],[-47,-25],[64,-13],[-39,-48],[55,-42],[14,-94],[85,-169],[6,-38],[-14,-36],[-34,-24],[-13,-55],[-30,8],[25,-35],[-50,-12],[41,-26],[-5,-58],[22,-49],[40,-23],[27,-80],[99,-106],[-8,-19],[19,-38],[52,-27],[47,-76],[3,-41],[31,-67],[43,0],[9,-51],[-71,-107],[-46,26],[-32,-27],[-45,23],[-15,-22],[-23,33],[-73,32],[-35,106],[-32,22],[46,-196],[-43,23],[-31,-16],[-22,-45],[-8,-65],[-33,-84],[2,-42],[-37,-90],[-12,-78],[12,-17],[-15,-19],[20,-89],[-32,-130],[21,-69],[-19,-109],[63,66],[-25,-52],[15,-12],[-7,-47],[-16,-7],[15,-14],[-8,-37],[-23,-7],[43,-21],[4,-30],[-45,-11],[-14,-49],[-22,24],[-14,-39],[-19,58],[-10,-63],[-71,-143],[-5,-41],[-22,-23],[-46,-13],[4,41],[-11,-14],[-18,121],[-2,-123],[18,-15],[-10,-76],[-64,-50],[-10,-111],[-71,-51],[-34,-53],[21,-11],[46,25],[8,-18],[-12,-32],[18,-38],[-3,-85],[-58,-79],[29,20],[13,-42],[36,24],[8,-27],[21,10],[-29,-226],[-12,-4],[-12,39],[-47,-17],[-3,-52],[24,32],[8,-11],[-9,-180],[-26,-78],[-19,-9],[-26,116],[-6,-12],[-9,-102],[18,-4],[35,-83],[-33,-12],[7,-48],[-6,-21],[-14,-9],[15,34],[-21,-13],[-47,-227],[-36,-7],[-92,-100],[-306,-253],[-19,32],[2,281],[-30,103],[9,108],[-16,-22],[-8,-74],[-71,65],[34,116],[-39,-93],[-21,-14],[-26,22],[4,98],[-26,-103],[-75,-63],[-61,-1],[3,126],[-10,51],[-42,0],[-15,-40],[-25,-9],[-21,57],[16,-69],[-49,112],[-34,32],[-22,75],[-6,-71],[-25,-44],[27,-35],[-128,-159],[-31,-18],[-65,76],[-48,-4],[-99,-152],[-33,25],[12,93],[-4,202],[-33,162],[7,40],[-27,-97],[10,-31],[-44,-45],[-28,46],[-41,12],[-125,-103],[-77,38],[16,42],[51,50],[-54,-40],[-44,-86],[-15,107],[-22,27],[-96,-85],[-19,67],[14,50],[-12,102],[-18,20],[14,43],[22,-3],[5,24],[-20,-9],[-20,61],[-6,91],[-15,34],[11,104],[-12,75],[-63,78],[43,113],[9,187],[-44,77],[2,70],[-33,16],[-32,75],[8,60],[-29,-71],[-50,76],[-33,10],[-12,-41],[-39,37],[-4,117],[83,-37],[-52,49],[0,21],[23,-4],[-8,14],[-46,3],[-46,59],[-7,81],[11,6],[-11,64],[-17,-2],[0,20],[23,16],[35,-21],[-23,161],[48,-6],[-44,64],[-22,82],[-58,45],[1,189],[-25,122],[42,90],[-16,139],[70,46],[41,90],[-9,6],[-34,-89],[-51,-29],[23,86],[6,113],[67,100],[25,73],[-21,-20],[18,99],[80,39],[22,53]],[[96354,57674],[-39,-121],[9,-55],[29,-13],[5,-115],[61,-122],[26,-5],[44,-112],[39,-26],[31,-113],[34,-8],[47,-77],[90,28],[35,67],[105,41],[59,-42],[32,9],[11,-40],[40,45],[66,-14],[29,66],[61,19],[31,148],[-8,34],[103,83],[110,-15],[17,25],[40,-8],[17,-35],[-22,-62],[43,10],[103,-86],[42,12],[34,-54],[94,135],[62,15],[26,-29],[67,54],[57,-45],[6,64],[35,99],[3,91],[51,39],[3,85],[-20,-1],[-9,62],[8,70],[45,23],[3,44],[95,98],[-18,54],[-32,7],[0,65],[16,31],[-12,45],[58,131],[22,-35],[51,28],[18,79],[-11,31],[11,94],[13,43],[15,3],[-19,125],[15,143],[-17,39],[24,48],[12,108],[29,44],[12,-9],[25,103],[59,-74],[35,67],[34,-14],[27,17],[34,-59],[27,22],[9,45],[23,-41],[40,23],[31,-23],[133,16],[78,-107],[43,-16]],[[106776,54741],[0,-1250],[1,-1089],[-8,-61],[-14,-4],[13,-38],[-34,-78],[0,-50],[22,-100],[21,-21],[0,-1384]],[[106777,50666],[-40,36],[-165,350],[-124,186],[-3,45],[26,25],[1,83],[22,8],[8,32],[-30,-25],[-7,-76],[-22,-32],[-114,-17],[-79,-48],[-46,34],[-12,105],[23,4],[-24,13],[3,-77],[-45,-37],[-59,-99],[-23,109],[27,30],[-3,105],[26,23],[33,192],[-50,39],[-26,101],[-66,86],[163,-28],[28,58],[-60,-39],[-72,42],[-27,20],[-67,122],[17,26],[42,-12],[64,34],[47,-67],[40,-15],[-169,162],[-1,44],[49,-39],[-121,191],[-33,194],[-34,111],[47,50],[-65,6],[-17,32],[68,60],[-97,-31],[-6,87],[19,34],[-15,15],[2,63],[-24,-43],[-28,58],[3,36],[-37,-18],[-11,27],[9,38],[-25,-12],[-14,39],[-37,18],[-2,38],[-18,-17],[-18,33],[-29,8],[-3,35],[-33,8],[3,49],[-20,-48],[-23,42],[-11,-21],[-8,12],[3,44],[-20,-33],[-31,16],[7,30],[-49,-37],[-7,30],[-19,-1],[-122,124],[-113,61],[-29,50],[-173,48],[-81,-12],[-93,116],[-32,6],[-25,36],[-4,34],[-25,15],[16,41],[-2,66],[75,-19],[18,26],[-98,18],[-24,-58],[-26,-16],[-31,74],[-32,24],[8,-35],[-18,-12],[12,-32],[-9,-15],[-41,48],[-7,34],[-9,-9],[17,42],[-22,57],[-6,-45],[-23,15],[-23,-36],[-44,163],[-14,-26],[11,-57],[-22,39],[-20,-8],[-21,119],[21,49],[-4,118],[52,81],[27,-17],[-22,45],[-1,75],[-64,-125],[-1,-150],[-12,-34],[-26,-10],[-12,34],[-8,-42],[26,-23],[8,-40],[-61,-111],[15,-89],[-68,-127],[-66,4],[-20,-33],[-28,16],[-37,92],[10,16],[-32,146],[9,35],[41,-10],[17,56],[-37,73],[-3,97],[-23,3],[-3,-34],[-20,2],[-40,139],[-75,100],[-117,11],[16,47],[-11,8],[18,24],[-29,9],[75,40],[-23,13],[29,17],[76,-13],[-3,-30],[21,29],[34,-11],[50,-58],[39,58],[60,149],[46,36],[29,3],[18,-17],[4,-38],[19,-5],[0,-103],[21,114],[2,-92],[7,75],[15,-42],[41,29],[11,-20],[3,-89],[10,128],[35,-86],[1,108],[-24,25],[34,8],[19,-33],[-14,41],[46,15],[-35,6],[21,32],[-32,-9],[28,30],[0,56],[-7,-44],[-30,-16],[-16,25],[53,57],[-18,4],[15,35],[-28,0],[-70,-81],[-18,-1],[0,34],[-15,-39],[-14,26],[3,-14],[-23,-7],[-50,21],[-117,-50],[-42,24],[-43,-39],[-42,77],[-85,-50],[-30,62],[-56,52],[27,53],[-34,-13],[-28,78],[-5,56],[32,81],[-35,-20],[-10,35],[3,32],[28,39],[-37,-9],[-22,-34],[-4,68],[-14,-47],[-14,11],[5,24],[-25,-5],[-25,29],[-45,-14],[-21,67],[-32,13],[20,-50],[-44,-44],[-13,34],[-63,11],[-10,25],[19,25],[9,61],[50,36],[18,63],[19,126],[-17,60],[87,54],[14,-2],[-9,-30],[119,60],[91,159],[82,51],[104,-4],[65,-58],[24,5],[24,-40],[35,-15],[79,-119],[60,-18],[135,18],[65,-88],[-33,-20],[-12,-39],[81,-246],[-22,-132],[-42,-76],[22,-224],[-11,-60],[24,-153],[45,-89],[45,-213],[23,17],[-16,185],[20,48],[31,-30],[21,-281],[23,-11],[27,48],[-11,-148],[27,-79],[21,15],[13,-61],[113,-34],[54,27],[32,90],[50,47],[2,46],[51,43],[18,132],[101,135],[38,204],[50,28],[0,-23],[24,-16],[48,0],[77,79],[66,12],[18,29],[-14,35],[5,34],[-35,39],[8,57],[238,204],[28,-8],[50,-79],[197,-112],[59,-101],[87,-39],[225,-214],[28,-11],[97,32],[17,-51],[41,-34],[16,10],[-1,28],[122,-65],[-15,-68],[8,-16],[10,21],[74,0]],[[97601,51079],[5,-25],[-42,-1],[2,35],[35,-9]],[[100845,51092],[11,-11],[-5,-19],[-52,-21],[-26,-60],[-16,13],[39,84],[49,14]],[[102537,51202],[-17,-22],[-33,19],[7,27],[37,8],[6,-32]],[[102802,51229],[-8,-35],[-57,40],[65,-5]],[[102374,51259],[9,-33],[-33,-18],[-22,21],[46,30]],[[99021,51266],[10,-22],[-42,-113],[-25,2],[-2,111],[59,22]],[[102199,51342],[3,-51],[-24,7],[2,39],[19,5]],[[103493,51591],[9,4],[-14,-43],[-40,-6],[9,27],[36,18]],[[103447,51650],[6,-10],[-48,14],[6,26],[36,-30]],[[103516,51732],[-32,-62],[-30,19],[10,36],[52,7]],[[103552,51779],[-2,-26],[-21,9],[17,37],[6,-20]],[[100118,51809],[35,-13],[-24,-20],[-67,34],[56,-1]],[[100050,51938],[8,12],[-3,-46],[-34,-13],[-38,49],[19,2],[3,44],[45,-48]],[[106037,52124],[11,-32],[-23,-22],[-33,85],[45,-31]],[[103656,52186],[9,-19],[-18,-14],[7,-22],[-13,-21],[-5,39],[20,37]],[[104691,52243],[10,-27],[-23,-88],[-16,16],[3,23],[26,76]],[[104658,52348],[-22,-68],[-26,65],[-39,41],[33,47],[54,-85]],[[104735,52431],[16,-16],[-21,-100],[-10,45],[15,71]],[[104581,52452],[15,-16],[-28,-32],[-45,86],[-13,-2],[7,40],[-14,-15],[-6,77],[10,18],[0,-26],[21,15],[8,-31],[10,7],[-13,-43],[41,-78],[7,0]],[[96440,51461],[-159,39],[-19,38],[-90,17],[-28,-29],[-38,27],[-9,50],[-37,-52],[-23,13],[-7,-30],[-11,20],[-33,-2],[-29,-79],[-196,46],[-150,156],[-338,73],[-3,93],[27,34],[-4,20],[28,56],[-10,57],[-59,-23],[-118,114],[-148,-34],[-74,39],[-12,-24],[-19,48],[19,7],[29,60],[26,-81],[16,-9],[44,111],[8,94],[11,4],[11,-37],[24,14],[14,48],[14,204],[62,143],[35,-80],[46,40],[57,-56],[72,14],[36,-58],[70,20],[14,99],[41,-41],[62,3],[38,-106],[69,-58],[69,32],[4,-28],[66,-60],[33,25],[-3,35],[58,-10],[4,-59],[56,-91],[22,-172],[47,-32],[29,15],[37,-38],[25,38],[41,-43],[69,-12],[29,10],[18,37],[149,-77],[66,17],[13,25],[67,-74],[35,23],[29,64],[24,93],[9,117],[57,52],[56,-2],[44,-170],[74,-12],[26,14],[17,41],[38,-26],[44,-73],[47,-17],[31,15],[36,-76],[117,22],[36,-29],[13,29],[0,-74],[28,-41],[-18,-23],[24,-52],[-27,-11],[32,-39],[23,34],[18,-39],[-21,-168],[124,-124],[63,-36],[69,54],[85,-17],[87,72],[31,-56],[39,1],[44,-37],[26,-45],[-36,-362],[6,-69],[9,45],[14,-98],[47,-38],[12,-48],[-23,-23],[-63,23],[7,48],[-28,33],[-35,-21],[-72,15],[-5,37],[-47,3],[-6,35],[-27,-17],[-6,23],[-80,71],[-18,-7],[-57,68],[-71,-14],[-42,-63],[-23,18],[-53,-45],[-99,47],[-11,25],[-124,34],[-17,-16],[-42,29],[-7,-38],[-18,16],[-7,-50],[-22,30],[-60,7],[-8,28],[-50,12],[-38,-21],[-19,47],[-29,-30],[-100,39],[-112,75],[-158,148]],[[101151,52635],[-2,-41],[-30,58],[3,41],[29,-58]],[[104056,52856],[5,-39],[-17,-4],[-7,46],[14,49],[5,-52]],[[103896,52916],[21,-13],[-6,-18],[-10,-6],[-5,37]],[[101055,52916],[12,-51],[-41,77],[29,-26]],[[100976,53084],[28,-13],[3,-63],[-25,10],[-6,66]],[[103101,53532],[7,10],[-5,-30],[-25,5],[23,15]],[[102205,53976],[2,-56],[-32,16],[7,45],[23,-5]],[[100571,54170],[11,-28],[-21,-15],[10,43]],[[104024,54207],[0,-42],[-27,60],[15,9],[12,-27]],[[100610,54228],[8,-14],[-10,-27],[-7,61],[9,-20]],[[102332,54298],[9,-30],[-54,39],[28,23],[17,-32]],[[102384,54389],[2,-51],[-45,12],[21,43],[22,-4]],[[102444,54543],[14,-14],[-16,-50],[-40,-7],[42,71]],[[101088,55105],[3,-34],[-15,15],[12,19]],[[101245,55142],[7,-50],[-23,33],[16,17]],[[102250,55513],[3,-24],[-31,-12],[15,45],[13,-9]],[[96196,55582],[-9,-34],[-14,7],[23,27]],[[94635,56200],[5,-24],[-29,-2],[-1,18],[25,8]],[[94170,56761],[-1,-31],[-14,51],[15,-20]],[[94181,56866],[-7,-44],[-5,24],[12,20]],[[94664,56869],[18,-13],[-36,-16],[18,29]],[[94297,56945],[2,-31],[-20,26],[18,5]],[[100014,57041],[12,-17],[-26,17],[14,0]],[[99924,57046],[10,-12],[-10,-23],[0,35]],[[99747,55822],[3,99],[-32,154],[14,217],[-42,15],[-13,69],[11,-9],[2,22],[35,-67],[18,-5],[18,97],[-34,106],[28,29],[-4,49],[18,68],[40,27],[5,137],[60,50],[17,112],[21,-7],[2,-80],[73,-46],[32,117],[23,7],[23,46],[11,171],[25,17],[0,-26],[19,22],[38,-9],[61,-64],[62,42],[0,-81],[32,-60],[126,17],[21,-48],[25,27],[57,-35],[73,7],[63,-39],[68,-88],[23,26],[17,64],[69,-25],[3,32],[36,-37],[30,9],[60,-38],[121,-23],[121,117],[33,105],[67,7],[8,38],[-27,20],[4,44],[24,36],[33,-7],[39,40],[-3,65],[47,63],[5,36],[14,8],[12,-44],[38,3],[-3,-59],[28,-63],[-45,-62],[-27,-131],[-45,-127],[-78,-105],[-50,-189],[-16,-34],[-48,-32],[-71,-7],[-13,-22],[-147,-53],[-19,23],[-110,13],[-55,120],[-32,-21],[-94,0],[-15,26],[-4,-31],[-200,5],[-79,-35],[-28,55],[-38,23],[-24,-9],[-11,-34],[-78,0],[-51,-47],[-34,26],[-43,-16],[-66,67],[-58,-1],[-43,-32],[-72,-157],[-54,-273],[26,-254],[60,-179],[24,-24],[29,21],[29,-44],[29,-89],[-8,-62],[37,-112],[51,34],[5,-31],[87,-10],[34,134],[98,208],[39,37],[13,-7],[1,-47],[18,-30],[70,-13],[60,18],[17,80],[17,22],[138,8],[31,-26],[71,21],[10,18],[-75,51],[93,28],[21,30],[54,-9],[55,-45],[16,-72],[-23,-154],[-24,-30],[-54,73],[1,39],[-19,24],[-29,-37],[-56,-4],[-40,-131],[-117,-240],[-61,-76],[-14,12],[-93,-47],[-57,-150],[-46,-13],[-37,73],[-31,21],[-18,-23],[17,-25],[-2,-85],[21,52],[44,-94],[13,-65],[42,-11],[41,-67],[62,-192],[2,-62],[54,-71],[5,-38],[31,-14],[9,-24],[-11,-70],[35,-58],[15,11],[14,-23],[-15,-59],[-23,17],[-12,-24],[-6,-53],[23,-20],[2,-41],[-18,40],[-25,-1],[13,-60],[-30,-53],[2,-23],[43,-78],[35,-8],[36,-93],[36,-6],[-11,-40],[-24,-11],[35,-23],[11,-82],[51,6],[-22,50],[23,-6],[20,-86],[-2,-121],[-19,-31],[-57,77],[33,-64],[-4,-42],[-16,20],[-9,-18],[-4,31],[-24,22],[-163,-77],[-23,-90],[6,-50],[24,-36],[-18,-26],[-63,-3],[-21,21],[-40,-14],[-50,57],[-23,55],[-1,47],[17,215],[18,1],[14,94],[-24,41],[-67,33],[-19,51],[-14,-10],[0,55],[-32,12],[-95,186],[5,69],[59,122],[-6,80],[11,122],[-16,36],[-7,-21],[-9,15],[32,41],[-25,61],[-69,29],[-71,-42],[-14,-41],[-113,-132],[27,-103],[-7,-12],[54,-72],[-9,-153],[16,-143],[-29,-103],[-3,-130],[12,-121],[-6,-82],[27,-139],[-21,-114],[-26,-26],[-15,-175],[41,-127],[26,-168],[-16,3],[-31,67],[-74,-54],[-62,17],[-36,-78],[-28,-7],[-25,16],[-13,43],[-13,-29],[-17,61],[-28,-18],[1,41],[-28,104],[17,145],[19,32],[20,98],[-8,125],[31,96],[12,156],[-7,132],[14,79],[-13,1],[-5,-31],[-46,204],[20,86],[-6,42],[-66,43],[-23,-36],[-67,-16],[-8,-31],[-26,-4],[-54,298],[28,14],[13,124],[-17,18],[-21,-13],[-5,54],[16,91],[36,-11],[74,121],[-1,157],[28,122],[16,29],[27,2],[7,80],[-21,113],[10,49],[-13,105],[13,35],[-7,65],[46,94],[24,148],[53,77],[-8,26],[25,39],[37,-151]],[[102388,57788],[10,-19],[-11,-16],[-11,24],[12,11]],[[102524,57852],[-13,-50],[-9,45],[11,29],[11,-24]],[[93460,57513],[-49,240],[29,56],[55,-4],[5,-45],[83,-122],[3,-68],[34,-130],[47,-33],[60,3],[123,-172],[9,-87],[17,-30],[4,-110],[72,-138],[35,-38],[115,-10],[26,-32],[43,-101],[-3,-45],[-149,-131],[-15,-33],[-50,41],[38,-48],[119,61],[87,88],[19,50],[47,30],[59,-63],[22,-78],[13,22],[32,-43],[20,-178],[-58,-26],[-17,22],[0,-57],[-27,-9],[-27,-61],[-48,-26],[73,29],[-18,-79],[-30,-18],[49,-6],[35,-38],[-17,-33],[-43,-18],[-15,43],[15,-79],[-11,-66],[-13,-9],[39,-39],[-7,-34],[28,-3],[41,-79],[48,-42],[12,-40],[9,38],[33,23],[85,-61],[55,26],[8,-124],[16,-54],[5,-161],[25,-117],[-18,-76],[4,-34],[23,49],[24,-40],[-16,-61],[21,31],[11,-47],[43,23],[22,-74],[-41,-128],[-51,-45],[35,20],[1,-117],[-48,-62],[-13,-73],[23,68],[44,46],[14,110],[37,81],[15,-56],[17,30],[45,-33],[44,23],[100,-49],[25,12],[-2,-121],[18,-42],[35,-17],[11,-131],[73,-53],[14,-170],[-57,-95],[-27,-167],[44,-101],[-46,-253],[13,-104],[18,-41],[-13,-222],[14,-74],[-14,-62],[-13,-384],[-33,-152],[-5,41],[-43,26],[-5,69],[-29,13],[-68,135],[-13,-78],[-20,-8],[12,-73],[-20,-18],[20,-20],[-17,-17],[-124,110],[-37,64],[-25,18],[-18,-19],[-6,-32],[52,-155],[9,-71],[-52,-5],[-6,55],[-81,124],[1,36],[-103,171],[0,42],[-30,17],[-3,72],[-55,54],[-7,39],[-17,-15],[-13,37],[-39,35],[-28,-3],[-80,157],[-84,79],[-73,139],[-130,175],[-9,38],[9,41],[-30,139],[-203,262],[-94,304],[-74,95],[-61,159],[-29,109],[17,77],[-10,91],[-67,171],[-7,69],[-21,41],[-1,70],[-54,42],[9,36],[-22,35],[2,48],[15,16],[-21,45],[-18,100],[-88,206],[-70,109],[-22,91],[-4,87],[-45,80],[-73,46],[-17,42],[-36,-13],[-32,28],[7,36],[-16,16],[7,42],[-10,118],[-17,12],[-3,98],[-20,35],[-45,322],[-45,136],[14,-18],[22,53],[-15,81],[-15,27],[-3,-37],[-9,2],[-52,125],[-89,64],[-38,75],[-66,71],[-29,-15],[-41,21],[-29,82],[-18,285],[-66,48],[-31,74],[-14,96],[-33,25],[-96,268],[-41,41],[-93,19],[-94,215],[-62,65],[-95,192],[-53,66],[2,23],[-48,96],[-49,185],[4,43],[-31,64],[18,74],[-13,101],[72,51],[27,-32],[33,15],[92,-72],[14,-61],[53,-75],[106,-49],[81,0],[59,40],[48,-5],[84,-79],[100,60],[46,-106],[82,-115],[32,-160],[-3,-55],[47,-7],[45,-69],[-3,-134],[-26,-26],[-3,-38],[28,43],[14,-61],[34,-1],[90,-103],[11,-69],[29,-49],[127,-112],[85,-103],[41,-86],[64,-40],[36,-106],[40,-40],[6,-93],[-14,-65],[18,-58],[1,47],[-13,16],[27,15],[24,-124],[-2,84],[30,27],[34,-90],[41,-182],[42,-73],[83,-73],[45,-134]],[[100062,50131],[16,-57],[-39,-91],[-59,-23],[-32,-48],[-19,29],[-79,27],[-40,68],[-23,81],[-89,82],[-21,52],[-58,12],[-18,-25],[-103,45],[-52,92],[0,28],[28,55],[48,33],[153,27],[57,-26],[53,59],[45,-107],[45,-20],[14,-94],[25,-17],[43,18],[64,-153],[41,-47]],[[98318,50942],[25,-65],[-12,-24],[-40,48],[27,41]],[[99706,50970],[23,-2],[-27,-43],[-4,-68],[-28,15],[15,58],[-8,55],[20,-44],[9,29]],[[99652,51034],[3,-45],[-21,16],[-16,-20],[11,-9],[-16,-42],[9,-39],[-30,0],[12,186],[14,11],[4,-33],[28,-4],[2,-21]],[[100912,51191],[-19,-85],[-90,8],[5,37],[40,55],[64,-15]],[[98678,51187],[37,-73],[-21,-104],[-60,-154],[3,-34],[27,-4],[-8,-20],[-40,-15],[9,50],[-17,2],[-6,-74],[-25,35],[-84,3],[-2,24],[-17,-33],[-17,37],[-43,20],[3,58],[15,-19],[65,11],[-20,183],[86,131],[36,22],[79,-46]],[[99494,51277],[17,-37],[-28,-45],[-11,45],[22,37]],[[99533,50976],[-17,-82],[-60,-6],[-24,40],[-65,-38],[74,-30],[8,-23],[-14,-11],[-64,32],[-100,-34],[-9,36],[17,67],[-8,67],[-7,-58],[-79,-121],[-44,11],[-44,-54],[-55,16],[-112,-89],[-66,19],[-21,-43],[-39,-10],[-82,58],[-12,33],[2,56],[30,47],[-25,82],[14,52],[13,6],[3,42],[48,7],[70,87],[80,-77],[3,44],[38,3],[11,-68],[11,47],[5,-64],[35,-18],[20,-94],[30,12],[25,-30],[33,58],[71,9],[0,34],[-16,24],[-8,-17],[-51,79],[-29,-7],[-86,138],[10,58],[59,39],[77,-30],[9,-62],[45,-87],[50,77],[61,-25],[16,-52],[-9,-110],[29,138],[35,24],[38,-8],[26,-106],[0,-109],[26,7],[12,46],[12,-32]],[[100805,51178],[-2,-28],[-39,-19],[-2,-61],[-31,15],[15,-72],[-14,-37],[-119,-77],[-111,1],[-111,-97],[-30,23],[-15,-34],[-22,55],[-61,15],[-19,-78],[-43,16],[-72,-30],[-29,17],[-24,60],[-29,-34],[-56,51],[-100,-25],[-38,39],[-63,-29],[-22,-36],[-6,41],[-28,41],[0,107],[21,47],[-1,51],[18,-30],[23,9],[12,39],[23,-9],[39,67],[55,11],[15,30],[11,-30],[46,-5],[0,31],[50,-61],[77,-4],[26,-43],[75,-39],[34,-65],[40,-19],[35,37],[6,47],[18,-27],[71,11],[42,42],[7,-55],[83,-75],[62,24],[13,27],[-10,43],[38,55],[53,22],[41,47],[20,58],[-67,-18],[15,61],[26,34],[39,-48],[15,-89]],[[98341,51178],[32,-54],[-5,-28],[-32,-51],[-94,-77],[-39,-77],[5,-26],[4,22],[-1,-48],[-31,-13],[-14,20],[30,45],[-9,53],[-76,122],[-44,39],[-64,12],[-45,105],[-7,61],[19,19],[17,-27],[14,15],[87,-52],[55,13],[56,73],[103,-73],[39,-73]],[[96145,51510],[8,-13],[-80,29],[-1,20],[8,14],[65,-50]],[[98325,52045],[-5,-22],[-58,18],[-11,-19],[17,-20],[-27,13],[-8,-34],[-6,43],[-21,6],[21,58],[61,-4],[37,-39]],[[97370,52783],[10,-64],[-42,-12],[-7,33],[39,43]],[[93946,52985],[-14,-24],[8,-22],[-35,-14],[-62,103],[25,34],[78,-77]],[[98416,53386],[-13,-37],[-11,5],[26,47],[-2,-15]],[[98601,54245],[11,-11],[-16,-144],[-20,67],[25,88]],[[98569,54041],[10,-20],[-15,-41],[6,-56],[-72,-102],[-14,30],[14,53],[-25,192],[34,191],[50,66],[-2,-117],[19,-58],[-15,-22],[10,-116]],[[93314,54414],[7,-38],[-12,14],[5,24]],[[93278,54376],[20,-95],[-41,70],[3,60],[-32,36],[-20,65],[-3,102],[16,19],[80,-152],[1,-62],[-28,-18],[4,-25]],[[93214,54683],[3,-38],[-26,-42],[-41,-9],[-13,214],[77,-125]],[[93086,54933],[8,-54],[-81,72],[5,20],[-30,55],[12,9],[0,63],[22,7],[21,-31],[27,-119],[16,-22]],[[96127,55384],[-5,-36],[-30,-21],[-22,53],[36,29],[21,-25]],[[96392,55678],[5,-23],[-91,-95],[-28,24],[19,174],[83,-7],[12,-73]],[[92904,55346],[0,-65],[-7,52],[-18,17],[18,-90],[-45,-19],[-78,77],[-97,301],[22,147],[80,30],[15,-43],[-13,-4],[11,-47],[75,-218],[0,-27],[-11,6],[48,-117]],[[92647,56081],[-1,-66],[-17,25],[-9,-38],[-49,39],[21,4],[31,172],[26,-76],[-2,-60]],[[92639,56270],[27,-75],[-4,-64],[-84,234],[37,0],[24,-95]],[[94241,56761],[-5,-54],[-36,-16],[-10,16],[13,98],[22,-1],[16,-43]],[[94316,56882],[1,-25],[-34,60],[33,-35]],[[94415,56925],[27,-21],[14,-49],[-41,70]],[[94306,56856],[7,-21],[-25,-60],[-30,73],[4,68],[14,5],[30,-65]],[[94410,56904],[10,-55],[-35,68],[25,-13]],[[94457,56993],[8,-30],[-15,-8],[-28,43],[14,18],[21,-23]],[[94741,57016],[15,-9],[-3,-39],[-12,48]],[[95661,57019],[13,-17],[-14,-25],[-10,30],[11,12]],[[94291,57004],[-35,4],[-2,58],[19,11],[18,-73]],[[94159,56869],[-13,-65],[-38,60],[-126,1],[-36,52],[31,50],[-11,96],[30,12],[19,-43],[-3,-29],[53,0],[94,-134]],[[94185,56951],[16,-29],[-16,-30],[-112,124],[-55,-6],[30,83],[29,5],[78,-74],[30,-73]],[[94524,57096],[-18,-106],[-45,12],[-16,39],[41,73],[18,-35],[2,35],[18,-18]],[[94693,57056],[2,-105],[-31,-62],[-27,19],[-12,39],[13,9],[-22,13],[21,48],[-15,15],[-56,-34],[-13,56],[56,69],[36,-15],[22,29],[4,-51],[22,-30]],[[93968,57147],[-9,-103],[7,-65],[-33,-24],[-45,103],[-8,187],[27,4],[61,-102]],[[93975,57224],[5,-54],[-10,-5],[-50,90],[-78,39],[-29,87],[151,-62],[11,-95]],[[92664,57423],[15,-31],[-56,18],[11,30],[19,-33],[11,16]],[[92197,57659],[-16,-27],[-11,45],[17,16],[10,-34]],[[93718,57659],[18,-69],[-20,-107],[-30,-40],[-45,14],[-31,108],[7,85],[44,9],[33,44],[24,-44]],[[92029,57702],[9,-16],[-16,-20],[-4,31],[11,5]],[[92256,57715],[-2,-73],[-38,90],[-35,23],[60,11],[15,-51]],[[99332,57775],[19,-39],[-26,35],[-7,47],[26,-26],[-20,14],[8,-31]],[[96175,57955],[-27,-28],[-1,26],[-19,10],[47,-8]],[[95222,58099],[-2,-18],[-11,54],[13,-36]],[[91974,57882],[1,-32],[-49,-5],[-17,51],[-73,89],[-91,47],[-17,78],[-14,0],[1,33],[26,9],[4,61],[40,-23],[-9,-38],[11,9],[29,-52],[40,-27],[-7,-50],[19,-4],[-1,20],[54,-71],[18,-58],[7,32],[10,-9],[18,-60]],[[96087,58232],[4,19],[14,-13],[-3,-60],[-15,-26],[-23,31],[23,49]],[[95742,58258],[2,-18],[-22,-2],[9,26],[11,-6]],[[95075,58247],[17,-9],[-14,-49],[-33,-39],[4,84],[-14,22],[3,30],[16,-45],[21,6]],[[95236,58361],[-2,-58],[-23,26],[-1,61],[26,-29]],[[98968,58458],[8,-27],[-37,-2],[6,30],[23,-1]],[[95231,58475],[9,-2],[-6,-80],[-16,17],[13,65]],[[99008,58523],[20,-24],[-12,-96],[-39,98],[31,22]],[[99098,58560],[-1,-26],[-22,24],[-14,55],[21,-4],[16,-49]],[[98972,58547],[-82,15],[-17,37],[17,21],[41,-17],[41,-56]],[[99082,58749],[-39,43],[26,-7],[13,-36]],[[99033,58945],[18,-38],[-29,-43],[-24,51],[22,53],[13,-23]],[[95938,58796],[-26,-119],[-44,-22],[-30,30],[31,60],[31,-38],[-6,38],[-67,40],[-26,97],[80,146],[11,-71],[46,-88],[-11,-64],[11,-9]],[[95808,59359],[-4,-51],[-18,0],[22,51]],[[91541,59895],[-7,-21],[-16,17],[11,26],[12,-22]],[[91520,59947],[2,-27],[-20,-8],[0,48],[-15,8],[14,8],[19,-29]],[[91596,60063],[13,-56],[-9,13],[-6,-31],[-21,18],[-20,59],[23,-28],[20,25]],[[100926,49736],[6,-55],[-20,3],[-35,-40],[-11,-47],[-74,-32],[-5,-26],[-43,-10],[-7,18],[-3,72],[79,42],[112,174],[-10,-93],[11,-6]],[[100444,49837],[18,-7],[1,-42],[-39,-56],[-49,0],[-14,21],[63,85],[20,-1]],[[100951,50012],[14,-23],[-20,-33],[-17,8],[6,-66],[-16,20],[-15,-24],[0,45],[23,58],[25,15]],[[101105,51217],[1,-28],[-47,-14],[-34,-89],[-10,19],[-28,-41],[12,-40],[-9,-19],[-27,27],[-31,-42],[-60,39],[86,110],[-4,19],[-35,3],[15,31],[51,12],[-16,-66],[23,-13],[-2,42],[19,8],[1,44],[20,-17],[34,45],[41,-30]],[[101231,51221],[-2,-62],[-50,-138],[-30,-7],[-14,76],[-37,-16],[39,89],[11,4],[17,-49],[50,127],[16,-24]],[[106085,51148],[-1,-43],[-115,37],[42,98],[36,19],[11,-1],[8,-73],[19,-37]],[[101506,51223],[-3,-85],[-209,-49],[-23,-23],[-23,7],[-8,27],[26,67],[45,47],[-51,-21],[27,83],[31,1],[12,-48],[28,26],[88,10],[45,-6],[15,-36]],[[102490,51277],[12,-19],[-34,-63],[-60,35],[-28,55],[110,-8]],[[103494,51277],[24,4],[-40,-51],[-56,-28],[-5,-37],[-38,-26],[50,86],[4,51],[16,-8],[21,39],[14,-41],[10,11]],[[103072,51435],[6,-34],[-33,-76],[-22,10],[-33,72],[-2,55],[15,25],[30,0],[38,-21],[1,-31]],[[102073,51530],[-5,-22],[-36,9],[-52,-45],[-31,-92],[-14,21],[-123,30],[-43,-17],[-50,-60],[13,99],[52,119],[78,-34],[42,12],[51,61],[48,24],[7,-36],[24,-32],[31,-1],[8,-36]],[[102283,51655],[4,-39],[-41,-41],[5,93],[32,-13]],[[106099,51646],[45,-22],[-27,-90],[-6,-75],[-28,-36],[4,-112],[-81,-58],[-19,-54],[-76,-97],[-175,20],[-70,-30],[40,221],[82,273],[28,49],[102,97],[107,28],[29,-9],[45,-105]],[[103690,51843],[-19,-17],[6,-81],[17,-21],[-26,-127],[-81,-142],[-24,-107],[-11,51],[-18,-42],[-38,1],[-8,96],[23,30],[-15,58],[45,1],[-23,35],[20,102],[24,40],[14,-7],[14,57],[18,6],[39,127],[28,12],[0,-38],[17,26],[13,-41],[-15,-19]],[[103784,51867],[-5,-41],[-29,56],[-49,15],[8,19],[54,4],[21,-53]],[[102682,51899],[-10,-51],[-36,56],[30,42],[26,-29],[-10,-18]],[[97818,52039],[26,-42],[-72,-42],[-12,-50],[-87,-1],[-32,-74],[-116,18],[-3,43],[-12,7],[2,-57],[-133,45],[-12,63],[50,93],[25,11],[335,17],[41,-31]],[[94896,52281],[-2,-63],[-18,-28],[-9,56],[-19,-30],[23,53],[25,12]],[[104617,52251],[12,-7],[-7,-32],[-33,-12],[12,-16],[-42,-111],[-42,-37],[-37,58],[-7,39],[19,191],[33,-30],[-6,39],[-23,16],[-6,150],[64,-74],[11,-57],[43,-35],[9,-82]],[[99980,52650],[4,-80],[-26,-257],[-3,126],[-14,56],[14,263],[25,-108]],[[94753,52762],[2,-38],[-23,43],[21,-5]],[[104057,52745],[-9,-86],[-11,-16],[-9,33],[-8,-20],[-10,52],[9,54],[-23,98],[26,4],[-2,-33],[17,-7],[20,-79]],[[104708,52513],[-19,-103],[-31,-30],[-18,9],[-35,57],[-38,27],[-19,64],[5,40],[25,13],[-22,11],[6,32],[-11,26],[30,82],[-15,-7],[-43,58],[18,21],[32,-23],[35,113],[15,-8],[2,74],[40,-10],[22,-56],[-20,-34],[25,-13],[16,-39],[-19,-102],[21,-35],[-23,-17],[13,-32],[-27,22],[-17,-11],[18,-2],[38,-85],[-27,-61],[23,19]],[[104184,53044],[-23,-179],[-46,-83],[-6,-84],[-39,-84],[29,187],[12,36],[13,-4],[36,210],[24,1]],[[100486,53103],[-7,-148],[-26,-10],[-54,130],[12,63],[13,10],[-9,26],[21,30],[1,-26],[19,16],[30,-91]],[[100723,53290],[-58,-152],[10,-22],[-12,-21],[20,-43],[-20,-77],[-19,-6],[-10,89],[-14,-68],[-21,27],[15,24],[-19,-4],[-10,-43],[-28,12],[17,154],[24,39],[-25,138],[18,60],[109,82],[23,-189]],[[100846,53097],[21,-48],[-22,-52],[-33,-25],[-23,19],[-34,-40],[-5,-31],[19,-12],[-30,-94],[-12,-10],[-8,32],[-7,-24],[-4,33],[-19,-32],[-13,10],[-24,97],[29,52],[-8,13],[31,86],[31,35],[-19,2],[15,103],[-17,6],[27,65],[7,200],[18,85],[44,57],[15,-3],[-6,-32],[44,-94],[6,-142],[-7,-13],[-16,75],[-8,4],[-7,-35],[-17,17],[-13,-119],[-17,-40],[7,-45],[-11,-78],[32,33],[34,-55]],[[104309,53719],[23,-43],[-80,60],[-19,25],[-2,35],[78,-77]],[[103579,53788],[9,-20],[-37,52],[28,-32]],[[103536,53872],[1,-37],[-10,42],[9,-5]],[[100864,53869],[17,-61],[-19,-61],[-20,-32],[-31,18],[-31,102],[26,46],[24,-25],[34,13]],[[103606,53841],[-1,-18],[-14,12],[-10,53],[15,2],[10,-49]],[[102724,54088],[5,-21],[-16,-15],[-5,25],[16,11]],[[100855,54131],[-19,-34],[-19,36],[26,20],[12,-22]],[[102636,54157],[11,-37],[-57,-32],[12,75],[34,-6]],[[102570,54170],[1,-72],[-28,7],[9,-37],[-14,-30],[-46,-32],[35,84],[-72,-83],[-18,5],[-7,38],[24,52],[116,68]],[[102699,54161],[3,-56],[-20,29],[-11,-34],[-25,81],[53,-20]],[[102207,54196],[1,-85],[-13,-34],[-28,4],[-71,-84],[-70,-47],[-164,145],[-18,66],[-32,50],[-20,124],[8,48],[25,37],[36,-43],[19,37],[54,32],[140,-2],[84,-79],[6,-45],[-18,8],[-1,-40],[20,-28],[11,21],[37,-23],[-6,-62]],[[95443,54535],[-4,-56],[-11,-7],[-47,40],[30,46],[32,-23]],[[95507,54579],[-5,-32],[-23,19],[16,36],[12,-23]],[[95605,54573],[30,30],[7,-21],[-32,-59],[-23,38],[18,12]],[[103415,54131],[-18,-185],[-67,52],[-66,94],[-138,102],[-14,57],[-23,31],[-127,19],[18,-86],[-26,-15],[-134,77],[-41,-9],[-7,22],[14,43],[-34,31],[-62,-92],[-5,-52],[-64,-19],[-29,33],[-42,124],[-31,11],[7,52],[-11,28],[-25,-41],[-13,-112],[-24,-47],[-18,-105],[-9,18],[10,126],[-29,94],[55,62],[32,5],[5,51],[-16,9],[35,71],[113,14],[116,-17],[63,36],[17,-90],[24,-6],[1,20],[13,-10],[47,54],[13,40],[47,7],[141,-121],[141,-13],[67,-85],[26,-171],[50,-19],[18,-88]],[[103657,54719],[18,14],[-27,-24],[9,10]],[[95904,54586],[-30,-99],[-6,-62],[8,-19],[-39,-16],[-6,-41],[-31,-9],[-5,56],[-32,62],[-15,-9],[-3,-63],[-71,-39],[14,63],[-21,74],[10,58],[-21,1],[18,28],[-3,53],[17,24],[9,117],[54,23],[57,-35],[9,-38],[12,30],[10,-9],[56,-93],[9,-57]],[[104649,54856],[-11,-22],[-9,28],[15,71],[5,-77]],[[104584,55115],[13,-23],[-22,-71],[-9,44],[18,50]],[[101817,54876],[3,-49],[-21,2],[-36,143],[-14,112],[23,55],[22,-32],[-7,-103],[30,-128]],[[101082,55148],[4,-30],[-25,4],[-3,74],[24,-48]],[[101904,55230],[-19,-30],[-115,-40],[-18,18],[-147,-30],[0,43],[-32,19],[22,48],[100,-28],[97,21],[112,-21]],[[100841,55264],[6,-37],[-26,-48],[7,91],[13,-6]],[[104534,55281],[3,-36],[-23,-93],[-2,71],[22,58]],[[103254,55187],[-15,-25],[31,-30],[-21,-23],[-12,39],[-27,-60],[-43,-13],[-13,26],[-71,27],[-53,63],[105,86],[67,6],[37,36],[3,-40],[29,-59],[-17,-33]],[[101566,55255],[2,-65],[-90,-3],[-12,-35],[-61,31],[-95,-70],[-46,1],[-26,84],[19,127],[44,26],[4,-18],[34,15],[108,-41],[31,-43],[20,4],[4,48],[21,-14],[4,-53],[24,38],[10,-8],[-6,-26],[11,2]],[[105403,55264],[17,-22],[-85,-48],[-37,6],[1,-22],[-66,26],[-23,-30],[-183,129],[-73,13],[-25,45],[256,-27],[58,-44],[160,-26]],[[95112,55434],[43,-56],[-2,-60],[48,-131],[-6,-74],[13,-108],[39,-158],[26,-32],[145,-53],[-31,-30],[-21,-53],[-24,-132],[45,-59],[2,-48],[-48,6],[-23,-22],[-32,85],[-149,94],[-27,91],[13,111],[-39,64],[-16,153],[-58,23],[-13,30],[-39,-35],[-48,-8],[-12,30],[-41,5],[-6,22],[9,68],[82,96],[-22,53],[20,57],[66,51],[12,-55],[24,-26],[-13,-53],[50,-33],[-39,163],[72,24]],[[104883,55445],[16,-5],[-19,-24],[-60,9],[5,21],[58,-1]],[[102508,55371],[2,-47],[-33,-28],[-46,20],[-127,-31],[-51,62],[16,136],[20,-22],[49,76],[35,-16],[30,-48],[23,3],[82,-105]],[[102356,55609],[-7,-36],[-69,23],[29,40],[47,-27]],[[100964,55578],[16,-13],[-8,-93],[-40,-52],[-15,3],[-12,56],[-13,0],[-15,-132],[-5,25],[-16,-19],[-23,29],[25,57],[-11,116],[-85,-181],[-28,91],[3,82],[31,86],[77,-5],[14,24],[19,-49],[-16,-28],[11,-79],[40,104],[51,-22]],[[103110,55641],[-32,-44],[-9,-2],[14,25],[-43,-2],[38,36],[32,-13]],[[104788,55732],[-3,-41],[-21,-33],[-21,9],[-21,59],[26,57],[25,-34],[-9,-51],[24,34]],[[103477,55743],[-7,-142],[-25,-79],[-14,21],[-19,-11],[-35,62],[-36,166],[81,52],[16,-26],[31,11],[14,-33],[-6,-21]],[[103430,55882],[-32,-58],[-140,-36],[26,81],[14,-25],[15,21],[7,-17],[77,8],[-5,39],[38,-13]],[[105246,55685],[-27,-57],[-45,-23],[-56,32],[-35,-8],[-17,34],[-23,181],[-16,9],[-19,-39],[-58,81],[2,-30],[-11,8],[-30,98],[103,-31],[5,-27],[28,-12],[30,28],[66,-105],[43,-122],[26,12],[34,-29]],[[102225,55904],[8,-32],[-13,-7],[-41,21],[15,93],[20,2],[11,-77]],[[103350,56097],[-12,-58],[-23,-3],[8,43],[-44,-38],[11,21],[-14,17],[17,14],[10,-17],[30,37],[17,-16]],[[100415,56118],[21,-43],[-7,-24],[-53,18],[-12,-35],[-19,-6],[36,90],[34,0]],[[94658,56120],[17,-41],[-29,-94],[-30,24],[-22,-54],[-7,75],[-26,42],[9,46],[19,35],[2,-52],[2,26],[10,-9],[29,44],[26,-42]],[[100473,56162],[9,-15],[-9,-32],[-56,18],[22,41],[34,-12]],[[102423,55891],[-5,-34],[-40,-43],[-34,37],[-9,47],[-56,-39],[-7,54],[11,55],[-23,13],[-35,79],[7,97],[19,6],[24,-54],[24,71],[20,-14],[37,-97],[-28,-86],[14,-17],[2,-39],[46,11],[33,-47]],[[102205,56062],[-18,-21],[-24,15],[1,133],[21,21],[41,-17],[-15,-26],[9,-50],[-15,-55]],[[94380,56201],[15,-48],[-48,-26],[-50,13],[7,50],[25,40],[51,-29]],[[100536,56215],[6,-17],[-30,26],[11,23],[13,-32]],[[100586,56204],[3,-51],[-18,55],[-32,37],[47,-41]],[[100322,56255],[8,36],[17,-14],[-8,-32],[-17,10]],[[103557,56221],[16,-32],[-31,-60],[-52,38],[-39,-23],[-34,66],[-27,10],[-27,91],[-30,5],[10,-18],[-9,-17],[41,-92],[20,-19],[25,14],[20,-44],[-13,-29],[-51,-21],[-16,23],[-6,74],[-36,-27],[-11,-64],[-8,112],[-49,-10],[-53,46],[69,1],[-12,15],[6,30],[-7,-19],[-16,11],[3,-31],[-16,15],[-6,38],[19,16],[7,-30],[0,30],[23,-17],[-2,17],[30,22],[11,-18],[9,18],[65,-4],[-2,20],[21,9],[110,-51],[48,-46],[0,-49]],[[94785,56221],[27,-28],[-31,-4],[6,-27],[-67,73],[-64,-35],[-35,49],[25,49],[18,91],[36,-53],[-7,-23],[18,-4],[20,-57],[16,-3],[11,33],[27,-61]],[[102971,56286],[11,-37],[-10,-15],[-27,64],[-29,22],[-26,79],[81,-113]],[[102280,56367],[-2,-23],[-14,40],[-4,-12],[3,90],[14,-5],[3,-90]],[[94641,56414],[-7,-30],[-21,43],[0,53],[28,-66]],[[94705,56414],[5,-24],[-36,43],[-35,89],[66,-108]],[[94611,56582],[0,-29],[-22,45],[22,-16]],[[102260,56607],[6,-41],[-20,-19],[-7,41],[21,19]],[[102253,56760],[2,84],[11,0],[9,-57],[-22,-27]],[[94570,56813],[-26,11],[-3,34],[26,10],[3,-55]],[[102250,56861],[-19,-17],[-8,50],[25,2],[2,-35]],[[94551,56921],[10,-26],[-27,-25],[-28,51],[3,43],[42,-43]],[[92456,56993],[-18,-234],[-18,-40],[-39,9],[-30,157],[-44,75],[-28,1],[-8,72],[-42,130],[-61,93],[58,1],[28,36],[5,40],[27,-12],[23,-27],[69,-182],[33,-26],[45,-93]],[[101560,57341],[-10,-86],[-27,-14],[37,100]],[[102349,56239],[16,326],[-46,65],[-17,91],[10,112],[23,58],[-43,45],[-1,94],[-30,-7],[8,53],[-9,51],[47,167],[-7,35],[12,101],[24,89],[102,221],[37,10],[-6,-59],[-31,-92],[-23,-21],[-6,-49],[56,-83],[0,-259],[-14,-5],[-28,-91],[-84,-95],[-3,-39],[38,-75],[36,-4],[24,36],[4,86],[20,48],[61,45],[-1,49],[-28,15],[38,83],[77,94],[94,19],[-11,-78],[18,-26],[3,-38],[-16,-171],[-133,-111],[-1,-44],[-22,2],[-6,-33],[50,-81],[105,-56],[3,-130],[45,-23],[25,-64],[-121,74],[-25,43],[-66,-2],[-37,40],[-64,17],[-16,-28],[-11,-71],[14,-112],[-11,-77],[31,-180],[82,-279],[71,-125],[-63,27],[0,44],[-73,61],[-48,183],[-59,75],[-14,49]],[[101605,57865],[7,-34],[-20,-5],[-7,31],[20,8]],[[102688,57925],[-15,-139],[-25,-95],[-25,-35],[-74,-37],[7,28],[-15,42],[-1,73],[-15,27],[41,120],[46,83],[19,-11],[17,38],[40,-94]],[[101609,58119],[-14,-58],[7,-42],[-10,-3],[-11,78],[14,36],[14,-11]],[[101679,58543],[4,-25],[-16,-22],[-37,43],[5,71],[-33,57],[7,43],[30,-34],[40,-133]],[[102042,58783],[37,-60],[-15,-16],[-22,76]],[[102013,58863],[18,-38],[-5,-68],[-27,145],[14,-39]],[[102084,59082],[17,-30],[-37,-79],[-4,-87],[-41,-8],[0,35],[42,102],[-30,25],[-5,84],[16,93],[24,0],[19,-33],[-1,-102]],[[100584,51088],[16,-7],[0,-27],[-19,4],[3,30]],[[100367,51178],[12,-14],[-12,-27],[-11,28],[11,13]],[[100390,51770],[13,6],[6,-34],[-26,-17],[7,45]],[[98000,51904],[8,-23],[-41,7],[33,16]],[[97925,51929],[8,-56],[-33,23],[-8,39],[18,19],[15,-25]],[[100918,55322],[4,-25],[-32,-46],[28,71]],[[100510,56129],[-23,-9],[2,81],[21,-72]],[[103147,51508],[5,-16],[-19,9],[14,7]],[[103128,51531],[-4,-14],[-5,27],[9,-13]],[[103017,51627],[-6,23],[19,-14],[-13,-9]],[[102953,52139],[15,20],[-6,-29],[-9,9]],[[103786,53039],[10,-8],[-17,-37],[7,45]],[[101926,57208],[-5,-35],[-11,25],[16,10]],[[101592,57688],[-19,-15],[6,31],[17,0],[-4,-16]],[[100335,49729],[-6,-20],[-23,3],[29,17]],[[98431,51918],[2,-36],[-19,-20],[-32,29],[12,22],[34,-27],[3,32]],[[104698,52296],[0,-26],[-18,-11],[-17,48],[20,18],[15,-29]],[[96615,52713],[12,-1],[-10,-26],[-2,27]],[[104526,52763],[3,-36],[-13,-7],[-4,37],[14,6]],[[104320,54828],[4,-17],[-14,-15],[-24,51],[34,-19]],[[100996,55365],[0,-62],[-36,-4],[-5,92],[15,50],[16,-74],[10,-2]],[[102582,55751],[13,-24],[-25,4],[-9,48],[21,-28]],[[103092,56114],[-12,-57],[-5,42],[17,15]],[[92662,56469],[86,1],[15,-32],[-54,-24],[-50,12],[3,43]],[[101519,57496],[-9,-35],[-5,54],[14,-19]],[[99034,58977],[-21,40],[21,25],[68,-69]],[[93835,60289],[30,-38],[12,22],[46,-35],[61,-191],[49,-92],[119,-150],[65,-165],[75,-260],[1,-199],[15,-114],[-33,-119],[13,-104],[-14,-10],[-5,-83],[-13,-28],[41,-140],[-5,-18],[11,4],[-18,-90],[5,-279],[65,-157],[43,-14],[24,-116],[37,-78],[9,-92],[45,-136],[4,-66],[24,-45],[20,-101],[12,-104],[-5,-65],[-57,5],[-15,69],[29,37],[-31,-24],[-30,89],[15,-125],[-12,-18],[-45,35],[-47,-16],[-32,-61],[-18,18],[-10,-70],[-50,168],[-144,131],[-33,62],[-45,8],[-57,133],[-124,103],[-55,99],[-21,18],[-20,-18],[-31,121],[-77,46],[-47,99],[-38,19],[-1,39],[30,57],[-25,171],[-63,124],[-23,93],[-76,103],[11,41],[-20,-8],[-25,28],[-1,63],[55,22],[-31,1],[-4,49],[-29,41],[-15,-6],[-23,103],[27,151],[-16,7],[-1,25],[24,36],[-21,-2],[4,80],[-13,3],[-9,48],[-18,-2],[5,22],[-23,10],[-26,101],[22,67],[1,62],[-27,184],[-2,53],[14,7],[-13,208],[-33,131],[-25,44],[-16,95]],[[93187,60405],[14,158],[32,3],[22,-89],[19,-22],[81,-49],[33,30],[25,-49],[9,-111],[47,22],[36,-16],[-10,-70],[14,-31],[-5,-92],[-21,-25],[-17,-66],[52,-102],[30,32],[13,66],[102,78],[26,-35],[10,-56],[21,13],[24,-29],[37,74],[8,77],[41,71],[5,102]],[[98184,59444],[21,32],[49,-36],[66,103],[16,91],[-27,-2],[-41,72],[-11,-10],[9,66],[52,80],[18,59],[0,-72],[5,30],[48,-28],[28,23],[28,127],[40,50],[30,144],[-12,34],[39,69],[23,-3],[0,27],[-19,-2],[89,140],[6,46],[39,82],[10,110],[26,84],[10,11],[18,-34],[7,-52],[-11,6],[12,-76],[-25,-95],[15,-28],[50,79],[26,77],[-5,70],[15,4],[-2,27],[24,7],[36,-41],[-9,-75],[22,-114],[54,-56],[25,47],[8,-51],[56,-56],[-1,-123],[-22,-1],[-19,-35],[20,-57],[-9,-41],[12,-43],[-67,-65],[102,25],[-1,23],[37,6],[45,67],[36,-124],[-22,-34],[-46,0],[13,-76],[31,19],[27,-18],[14,73],[63,5],[76,-83],[-10,-97],[13,58],[16,11],[56,-99],[4,17],[29,-32],[4,-38],[15,1],[2,26],[34,-17],[35,26],[29,-67],[-3,-90],[-37,-59],[-158,-102],[-37,17],[-24,-25],[-23,55],[-24,13],[-74,-98],[47,-118],[45,-58],[22,-1],[6,-58],[34,7],[16,-52],[-18,-4],[-12,-41],[-67,-2],[-124,-81],[-108,121],[-17,-27],[16,-69],[-18,-41],[9,-19],[-20,-10]],[[96354,57674],[16,-131],[64,-71],[14,-42],[108,8],[12,-20],[13,81],[21,-65],[39,26],[-14,-75],[86,-46],[3,-31],[-19,-31],[29,19],[10,58],[43,-25],[73,-100],[30,14],[36,-38],[14,12],[-41,42],[-34,-9],[-37,44],[-13,50],[10,76],[26,7],[21,-38],[29,0],[-31,20],[-26,72],[12,11],[-6,27],[31,146],[20,0],[-4,36],[27,-9],[14,32],[-16,-21],[-48,10],[0,31],[18,14],[-18,23],[12,102],[8,12],[40,-59],[27,19],[16,-16],[-30,86],[39,5],[-33,30],[6,88],[76,102],[115,27],[330,173],[21,73],[69,129],[52,168],[101,156],[70,170],[15,103],[-8,88],[10,14]],[[97802,59251],[82,-75],[12,-135],[46,-3],[19,-72],[50,-81],[46,72],[17,81],[-12,15],[22,69],[-19,42],[-16,168],[38,48],[31,8],[11,44]],[[98129,59432],[11,17],[5,-60]],[[98145,59389],[-1,-101],[24,-168],[82,-49],[4,23],[-28,78],[0,102],[-42,170]],[[99206,60037],[4,-15],[-22,-2],[18,17]],[[96941,57867],[-14,-19],[-19,44],[1,222],[22,-55],[10,-192]],[[94550,58114],[-4,-44],[-27,19],[14,91],[17,-66]],[[99375,59183],[10,-22],[-28,-13],[-10,37],[28,-2]],[[99303,59281],[29,-8],[-21,-21],[-63,46],[37,14],[18,-31]],[[98218,59730],[3,-46],[-33,-25],[10,58],[20,13]],[[93248,59784],[11,-21],[-18,-97],[-35,3],[-1,119],[43,-4]],[[93074,60279],[17,33],[-11,-77],[-6,44]],[[93112,60356],[5,-21],[-17,-25],[-13,21],[-32,-40],[-3,58],[-20,6],[-5,46],[42,-10],[24,31],[19,-66]],[[98956,60608],[13,-59],[-21,-23],[-32,12],[32,27],[-15,26],[23,17]],[[98801,60977],[3,-48],[-11,7],[1,-23],[-43,-35],[16,56],[34,43]],[[98857,60969],[37,-7],[-6,-82],[-41,-21],[-23,-41],[-1,111],[34,40]],[[93590,58281],[-1,-27],[-22,-27],[13,62],[10,-8]],[[36756,45405],[4,-72],[54,-116],[11,-106],[73,-40],[-24,-63],[18,-59],[22,-153],[0,-107],[28,-137],[-13,-49],[27,-76],[153,-230],[-85,-176],[47,-80],[7,-48],[-16,-85],[-68,-32],[22,-28],[16,-111],[-26,-22],[-3,-36],[27,-60],[68,-67],[-30,-74],[5,-107],[47,-29],[69,-203],[3,-181],[30,-136],[4,-103],[45,-93],[3,-145],[31,-133],[-9,-170],[38,-44],[52,-6],[140,47]],[[37526,42075],[60,-111],[-108,-627],[-301,-241],[-28,-70],[-23,-2],[-18,-80],[-15,17],[-25,-105],[5,-58],[28,-29],[35,-135],[-50,-38],[-30,-158],[66,-443],[-55,-100],[-7,-96],[8,-59],[88,-217],[-8,-92],[-62,-20],[-23,-54],[-44,35],[-32,-9],[-39,-172],[-28,-41],[-58,-307],[-37,-30],[-39,-134],[-24,9],[-6,-43],[-48,-82],[-8,-110],[-25,-62],[7,-76],[-24,-91],[0,-100],[-36,-28],[-43,-96],[42,-319],[-4,-107],[-18,-60],[33,-17],[15,-39],[-42,-133],[-22,-14],[-48,20],[10,-47],[-25,-47],[-40,-265],[24,-61],[-24,-4],[-23,-68],[-24,34],[-30,-130],[-6,-165],[41,-170],[73,-65],[-13,-65],[-35,-4],[23,-142],[26,-32],[-1,-46],[28,-51],[2,-158],[52,-87],[-14,-73],[-23,-28],[0,-82],[33,-82],[23,36],[35,-15],[16,-71],[-30,-112],[6,-105],[-18,-29],[29,-289],[-28,-32],[-48,-4],[-4,-77],[-82,-208],[13,-33],[-26,-97],[-11,-133],[-52,-27],[-12,-32],[50,-61],[-14,-14],[38,-273],[-21,-33],[11,-119],[-21,-59],[-44,6],[-43,-77],[-2,-93],[-30,-12],[-27,21],[-15,-45],[-36,-8],[-5,-127],[-29,0],[-17,-95],[20,-70],[-24,-13],[39,-82],[-38,-119],[29,-109],[-22,-150],[59,-228],[11,-222],[46,-87],[-13,-80],[-24,-35],[-96,-40],[-55,-62],[-4,-255],[-43,-135],[13,-43],[-38,-9],[-24,30],[-9,-21],[10,-145],[23,-48],[-22,-119],[-44,4],[-3,-73],[50,-72],[-19,-60],[-22,4],[-19,-127],[-34,-65],[35,-136],[-18,-269],[17,-125],[-24,-54],[44,-134],[19,-136],[-62,-58],[-29,33],[-41,-102],[31,-122],[-34,-47],[10,-192],[-12,-85],[31,-67],[104,-53],[-3,-66],[-50,-16],[-18,-76],[29,-12],[-2,-48],[53,-40],[2,-51],[-36,-46],[21,-9],[-2,-35],[34,-62],[-34,-86],[-33,-27],[19,-130],[-19,-39],[216,-32],[29,-76],[-30,-36],[-8,-88],[-20,-30],[-66,33],[-45,-23],[-139,15],[-13,-17],[5,-75],[161,-48],[92,-201],[-65,-68],[6,-56],[-91,-47],[-13,-95],[15,-77],[31,-23],[17,-54],[-52,-89],[-48,-25],[50,-58],[25,-279],[-87,-77],[-7,-85],[19,-31],[-30,-40],[43,-50],[-2,-50],[-50,15],[-2,-56],[-44,-75],[-64,-27],[6,-95],[-67,-196],[67,-97],[16,-165],[-93,-74],[-6,-213],[-62,-89],[-76,-36],[-59,-140],[29,-36]],[[35562,25509],[-16,-20],[-108,-8],[1,-44],[-40,-96],[41,-138]],[[35440,25203],[-36,-107],[32,-49],[-21,-65],[79,-116],[42,-282],[42,-6],[98,89],[31,-32],[52,42],[68,-30],[-15,-59],[28,-59],[-1,-78],[-46,-90],[48,-88],[-30,-144],[-33,-48],[39,-30],[10,-57],[106,-96],[6,-79],[669,-23],[156,-78],[91,-4],[252,-101],[2,-30]],[[37109,23583],[-150,27],[-112,63],[-78,-43],[-9,-71],[-58,-91],[-58,28],[-102,-63],[-18,-40],[-38,8],[-66,-54],[-2,40],[-58,-50],[-11,24],[-44,-12],[42,-39],[-50,-82],[27,-30],[-62,-264],[18,-131],[-11,-102],[-104,-82],[-119,39],[-77,80],[-18,-20],[-24,34],[-14,-21],[-20,12],[-116,176],[13,60],[43,43],[56,-9],[12,-45],[-7,-38],[-12,12],[-35,-40],[50,7],[25,19],[-2,91],[55,14],[23,-135],[-72,-76],[63,26],[20,36],[4,150],[127,67],[54,121],[27,2],[-17,67],[-61,4],[-16,49],[0,-64],[-28,4],[-140,-117],[-39,-71],[-32,-2],[-56,61],[6,-26],[-37,14],[-61,-18],[65,6],[59,-70],[-21,-16],[-37,16],[16,-16],[-16,-10],[-41,22],[9,-27],[-26,21],[42,-37],[-41,-9],[5,-60],[-41,30],[93,-137],[-55,-3],[-64,49],[-13,47],[-11,-33],[-5,34],[-129,91],[-35,55],[54,-21],[61,17],[81,-82],[8,32],[-35,42],[22,-9],[-6,30],[31,-9],[-20,30],[-44,-28],[-29,29],[18,55],[-14,-10],[-1,91],[-17,30],[71,43],[19,39],[31,-41],[-34,-60],[42,46],[-3,-24],[41,17],[14,-31],[11,46],[79,82],[39,-14],[21,18],[43,-31],[124,31],[-31,53],[-152,1],[-23,27],[-61,2],[-51,-66],[5,-22],[-43,39],[53,53],[-60,-31],[-29,22],[-46,-12],[-21,24],[-43,-127],[56,74],[48,-41],[-39,-63],[-74,-56],[20,-32],[-8,-101],[-54,-28],[-12,53],[-7,-57],[-80,58],[-6,17],[35,-6],[12,38],[24,-17],[13,41],[-49,7],[-71,55],[110,4],[-24,47],[51,51],[10,53],[39,-5],[-38,16],[9,24],[68,-13],[-44,25],[-41,-9],[-17,37],[-14,-41],[26,-43],[-37,-68],[-41,81],[-1,-58],[-37,-12],[-36,-59],[-28,22],[43,52],[-33,-7],[-6,28],[45,29],[-22,20],[18,26],[23,2],[-7,34],[-22,-17],[-28,15],[34,63],[-16,29],[11,43],[-34,39],[-18,73],[62,-99],[27,12],[-9,23],[64,-56],[33,71],[19,-11],[49,38],[4,-49],[-18,-4],[-13,-55],[29,31],[42,-43],[37,125],[-43,-89],[-21,20],[0,73],[15,-9],[13,69],[20,11],[39,-32],[-6,-45],[34,-33],[22,-68],[-22,-74],[-25,10],[-84,-78],[69,26],[67,-26],[-39,31],[47,52],[10,70],[-60,97],[-7,55],[23,-9],[43,29],[-13,58],[14,29],[-74,123],[-79,32],[-47,40],[-8,36],[-56,-46],[69,-5],[-15,-64],[36,49],[65,-44],[31,-63],[49,-20],[-3,-31],[-53,-37],[-36,44],[-49,-1],[-24,45],[-33,-4],[-11,42],[-32,19],[18,-65],[51,-9],[26,-41],[-38,28],[-11,-15],[27,0],[3,-39],[-52,-30],[78,36],[18,-23],[-76,-51],[-10,-88],[-16,-7],[-54,275],[31,-321],[-90,78],[-19,143],[74,-127],[-63,166],[42,40],[-29,-22],[0,26],[-14,-26],[-21,21],[-21,-55],[-31,55],[32,31],[-61,8],[27,56],[-31,6],[-8,76],[18,23],[22,-15],[67,-146],[3,71],[-19,11],[21,39],[-32,11],[-30,113],[8,25],[26,-51],[-4,86],[-25,13],[2,-29],[-39,-46],[-48,79],[-2,-60],[-33,12],[-8,80],[27,67],[-53,-51],[-8,60],[35,41],[66,-12],[8,18],[42,-60],[-26,79],[8,23],[38,-15],[-16,15],[6,79],[45,19],[28,-42],[26,22],[-83,71],[53,97],[-65,-70],[-21,-152],[-38,-43],[-35,3],[-28,38],[22,31],[-19,16],[-10,-26],[-29,78],[12,28],[-33,49],[30,11],[27,-80],[-8,68],[90,-38],[-83,75],[38,37],[-23,4],[-56,-52],[-23,35],[13,75],[-24,-59],[-28,1],[-32,39],[18,29],[-18,-8],[4,26],[-32,-9],[7,26],[-19,-13],[-13,20],[40,52],[23,-20],[3,34],[49,-6],[20,-28],[-12,-26],[33,-15],[10,-40],[25,23],[87,-41],[-47,30],[-2,25],[-56,2],[-63,130],[5,35],[27,1],[43,-52],[68,-8],[16,-30],[-9,43],[-31,11],[15,38],[27,7],[-9,39],[-43,-68],[-96,59],[-8,49],[85,28],[10,22],[-75,-18],[-11,68],[29,42],[60,17],[10,-50],[8,37],[24,-6],[9,-51],[58,-82],[13,38],[-56,44],[-8,76],[-70,20],[-11,47],[16,101],[77,-56],[-47,48],[2,69],[-21,51],[33,37],[29,-21],[8,15],[-75,13],[7,-83],[-23,-48],[-29,8],[16,-59],[-23,-138],[-70,87],[17,124],[-11,74],[-12,-14],[-9,37],[22,27],[-6,33],[18,2],[-23,23],[-4,55],[25,55],[13,-22],[44,22],[48,-13],[-37,23],[-46,-15],[6,22],[-25,6],[-12,45],[67,86],[68,-77],[-11,93],[45,23],[-115,38],[43,28],[-54,-18],[-16,77],[-41,19],[-23,57],[14,39],[-40,-32],[-12,47],[36,28],[57,-38],[23,-103],[24,-29],[11,8],[-46,143],[83,-6],[33,-30],[23,16],[4,-46],[37,42],[-12,-50],[19,17],[49,-31],[15,-73],[23,47],[45,-30],[23,88],[-31,-52],[-36,25],[-53,87],[-4,54],[49,-50],[93,-17],[-43,31],[-41,-5],[-12,53],[-34,9],[23,35],[-53,20],[-11,46],[25,54],[-12,-8],[10,38],[-16,26],[-18,-39],[15,-22],[-14,-97],[-51,-40],[-33,9],[-14,36],[-95,-11],[-18,13],[23,9],[-14,6],[-57,-25],[-62,41],[27,47],[29,-23],[-21,37],[25,45],[12,-34],[27,31],[31,-52],[-45,-39],[45,18],[17,-34],[30,-20],[15,7],[-37,8],[-11,34],[57,9],[-40,21],[70,13],[-32,15],[27,32],[-85,-38],[-11,47],[-15,-9],[-21,34],[20,21],[-24,18],[-13,-32],[-8,24],[68,133],[14,-17],[35,26],[22,-82],[-1,89],[33,10],[14,-49],[-5,55],[-23,7],[39,81],[-33,35],[-38,3],[-18,46],[27,41],[-39,-23],[-8,52],[-108,35],[36,-37],[-52,3],[-11,-43],[80,-5],[-15,-29],[-67,12],[-45,72],[-14,-28],[-50,38],[-25,70],[47,78],[2,49],[-89,-120],[-2,22],[-44,-39],[-21,17],[-64,-45],[-21,-41],[9,-11],[31,54],[39,-10],[-18,-37],[30,-4],[-16,-52],[29,-2],[-21,-41],[-47,-11],[-33,48],[-19,136],[24,52],[39,11],[-7,26],[55,26],[-9,20],[19,28],[24,20],[16,-26],[9,67],[30,-31],[26,3],[-37,18],[16,61],[54,-36],[-10,37],[26,43],[35,-41],[-15,62],[16,45],[24,5],[-9,56],[21,75],[35,-2],[0,-48],[35,-25],[-4,-49],[22,53],[-21,76],[34,16],[13,-26],[50,25],[23,-28],[-30,-29],[25,-9],[-9,-21],[28,0],[-7,-32],[-28,-15],[27,-15],[-27,-67],[30,25],[5,72],[30,-64],[-31,-55],[-83,-49],[-59,54],[0,-16],[49,-45],[98,44],[-10,-82],[17,22],[61,-35],[-58,86],[17,38],[28,2],[38,-58],[-1,-55],[-72,-149],[45,-22],[22,61],[15,-23],[-8,38],[25,63],[67,45],[-26,19],[14,60],[60,93],[-28,-2],[-86,-183],[23,137],[-14,80],[25,56],[21,6],[-13,29],[53,80],[72,25],[-47,27],[-88,-101],[27,206],[21,24],[14,-24],[4,48],[23,-13],[-1,34],[33,25],[71,-90],[51,-12],[10,29],[-14,20],[-36,-9],[-92,95],[-56,-24],[-11,41],[51,48],[-31,64],[4,43],[90,16],[102,113],[27,6],[16,135],[27,24],[3,103],[-44,-101],[-9,33],[-58,47],[-5,42],[-81,37],[18,64],[-39,-31],[-14,45],[22,-2],[7,41],[28,-16],[-8,63],[43,134],[15,-30],[22,27],[25,-20],[-7,81],[-17,-46],[-25,-8],[-28,31],[28,59],[22,9],[-40,13],[-28,79],[9,90],[57,51],[-7,86],[23,50],[20,3],[23,-41],[-4,106],[-32,45],[-7,54],[8,142],[43,18],[57,-39],[-46,50],[-55,125],[83,61],[51,-174],[7,12],[-21,95],[23,32],[-23,24],[19,33],[-21,12],[8,95],[-18,15],[-21,-50],[-52,11],[-50,65],[81,117],[50,4],[64,43],[-14,22],[15,130],[-13,21],[-26,-179],[-56,-32],[-28,17],[-30,86],[-63,38],[-52,-58],[15,-76],[-47,-54],[-98,-14],[-88,36],[21,70],[47,18],[20,61],[-40,-56],[-64,28],[-46,365],[30,36],[-12,32],[28,99],[-11,25],[37,77],[-18,75],[16,156],[25,41],[-17,88],[84,85],[27,-42],[-9,129],[54,128],[11,185],[-12,-17],[-91,438],[-8,77],[27,218],[-68,204],[-6,80],[28,94],[-27,63],[25,120],[46,-32],[2,-22],[60,17],[24,34],[21,204],[-20,37],[25,25],[4,87],[16,-73],[28,7],[0,113],[18,-1],[36,148],[8,193],[72,130],[-21,128],[39,48],[44,161],[56,73],[14,145],[43,142],[3,159],[20,31],[-10,134],[37,82],[30,140],[43,41],[11,41],[10,72],[-27,67],[12,68],[-30,140],[62,57],[19,86],[-10,55],[33,75],[-10,82],[23,93],[-44,114],[13,197],[-55,451],[-15,348],[25,233],[32,-27],[32,77],[15,-9],[8,61],[-12,55],[20,38],[18,-2],[5,34],[-18,95],[16,78],[-16,49],[9,73],[-17,71],[-42,52],[-12,171],[12,59],[32,29],[30,78],[-5,64],[42,104],[5,196],[45,267],[42,28],[7,81],[-18,76],[-5,132],[11,34],[19,-7],[27,76],[-11,82],[30,73],[11,223],[23,32],[-17,23],[15,207],[-34,91],[17,101],[18,27],[-4,65],[36,33],[8,51],[16,3],[10,91],[-22,89],[11,59],[-36,168],[-2,130],[25,224],[3,240],[36,130],[-8,41],[-28,26],[-14,-39],[-30,9],[15,59],[8,228],[18,31],[8,-48],[19,-1],[45,116],[-7,70],[24,190],[16,378],[14,14],[0,130],[18,39],[12,99],[-11,43],[4,83],[-30,137],[14,49],[-28,78],[2,177],[13,50],[-8,51],[20,63],[-11,36],[14,86],[-5,140],[-13,130],[-22,27],[14,40],[-29,146],[7,77],[-30,253],[18,206],[-31,67]],[[36461,44884],[79,7],[63,48],[35,66],[27,102],[-22,182],[10,20],[45,2],[58,94]],[[37044,22047],[-4,-54]],[[37040,21993],[-91,67],[-12,-7],[76,-66],[-131,-29],[-172,75],[7,81],[-17,-45],[-13,47],[-5,-71],[-14,55],[-12,-60],[-34,-5],[-19,89],[-8,-99],[-33,-9],[2,44],[-26,-42],[-48,5],[21,93],[-40,-91],[-72,35],[-59,-39],[-23,40],[94,50],[31,40],[-13,12],[-46,-33],[16,-14],[-19,-17],[-59,-21],[-35,24],[49,19],[-57,6],[-27,-66],[25,101],[-37,15],[4,-41],[-17,15],[-26,-43],[-36,16],[32,31],[-21,8],[7,52],[-21,-18],[-16,27],[3,-30],[-25,-9],[25,-17],[-19,2],[-31,-53],[-2,60],[-30,-39],[-5,46],[-16,-46],[-2,34],[-34,5],[-23,-39],[-40,0],[-12,26],[25,0],[5,28],[-37,-2],[-2,41],[22,-3],[-11,39],[41,-56],[60,-21],[-26,38],[55,-22],[-37,48],[-49,2],[-3,32],[34,11],[62,-71],[23,22],[-40,40],[75,-29],[22,19],[-37,17],[23,17],[58,-35],[33,-51],[-18,47],[57,-21],[7,82],[50,14],[64,-14],[-39,-56],[-13,-108],[8,31],[36,-31],[-21,66],[37,65],[112,-116],[-18,50],[57,-31],[-99,68],[-49,102],[-89,7],[-18,51],[25,-9],[-37,52],[203,-133],[62,-64],[21,36],[-41,31],[54,40],[23,-77],[30,-26],[-3,-51],[33,12],[3,-45],[12,48],[-39,124],[55,-23],[52,-78],[-10,54],[22,8],[91,-76],[-63,-100],[13,-36],[36,93],[33,-28],[4,78],[49,-11],[7,25],[-193,129],[-148,70],[-57,189],[16,45],[74,49],[88,16],[96,71],[3,104],[-181,-19],[-102,-51],[-72,58],[-18,41],[18,187],[35,27],[-7,-52],[31,-7],[36,32],[15,63],[-43,29],[-27,-32],[6,73],[-48,20],[99,22],[42,-69],[30,-4],[59,46],[48,83],[-5,76],[62,44],[93,-146],[73,28],[47,57],[50,-57]],[[37049,23400],[-4,-1343]],[[37045,22057],[-24,8],[23,-18]],[[33014,35220],[6,52],[12,-52],[-18,0]],[[33669,35319],[10,-21],[-42,6],[-34,-22],[34,58],[32,-21]],[[23542,39401],[-4,-23],[-69,-42],[24,85],[49,-20]],[[37509,21396],[7,-37],[-64,40],[19,15],[38,-18]],[[37559,21404],[-2,-55],[-23,33],[25,22]],[[37424,21407],[10,-13],[-50,-48],[-4,37],[-20,-19],[-18,26],[-18,-31],[-37,39],[137,9]],[[37513,21438],[25,-4],[-23,-13],[-2,17]],[[37466,21451],[-69,26],[25,35],[33,-29],[-8,66],[24,13],[-1,-83],[31,-6],[6,-30],[-30,-18],[-11,26]],[[37377,21610],[18,-55],[-48,-23],[11,73],[19,5]],[[36688,21705],[25,-27],[-54,-12],[0,47],[29,-8]],[[36588,21730],[22,14],[-19,-57],[-35,51],[32,-8]],[[37639,21752],[-14,-39],[-54,4],[11,56],[50,4],[7,-25]],[[37781,21805],[-29,-49],[-38,-9],[3,50],[33,24],[31,-16]],[[37634,21906],[21,-55],[-88,65],[67,-10]],[[37258,21528],[-11,-21],[16,-8],[-35,-25],[-21,74],[-45,-9],[12,54],[-34,31],[-48,-10],[-39,52],[5,-34],[-43,-2],[-23,28],[10,-45],[-32,-8],[-33,61],[70,17],[-18,13],[16,17],[-70,-28],[57,118],[-62,-48],[-43,38],[-2,36],[-4,-63],[-26,20],[-9,56],[-67,-22],[51,-4],[6,-39],[-70,-4],[7,-43],[17,13],[42,-21],[-9,-26],[22,-6],[-20,-37],[55,-8],[-8,-46],[-22,28],[-37,-3],[-8,54],[-25,-64],[-5,51],[-23,10],[35,25],[-64,-7],[-4,22],[-56,15],[73,22],[-34,12],[57,48],[-116,-52],[-25,22],[24,5],[-20,12],[23,17],[-63,13],[49,53],[99,14],[2,-71],[12,73],[35,13],[3,-22],[34,0],[-18,22],[21,15],[40,-15],[-4,16],[256,32],[36,-77],[-36,11],[-23,-42],[-30,29],[11,-43],[-16,-11],[-145,83],[-2,-26],[90,-65],[135,-12],[57,-49],[-6,-18],[-90,-13],[-39,4],[-15,30],[-28,-8],[61,-35],[-13,-21],[51,21],[34,-11],[7,-35],[59,-3],[-10,-36],[40,-4],[-15,-37],[46,-41],[-12,-22]],[[37297,21769],[48,4],[-53,43],[-29,-35],[-50,3],[-17,151],[-47,-8],[-6,44],[347,-5],[80,-90],[-9,-74],[-60,-73],[-60,22],[9,35],[-27,28],[-35,-11],[-13,-45],[-78,11]],[[36495,21870],[9,-19],[-24,-10],[-26,31],[-10,-30],[26,-22],[-42,-30],[-14,35],[-4,-37],[-5,46],[17,21],[-26,35],[-41,-45],[-5,43],[-29,-20],[-63,26],[29,33],[-31,16],[49,22],[23,-29],[2,28],[76,-23],[-11,22],[81,25],[12,-9],[-60,-21],[-10,-34],[-65,8],[-3,-19],[107,-24],[33,15],[10,-13],[-21,-13],[16,-8]],[[36625,21924],[-16,27],[36,7],[-24,34],[26,10],[21,-53],[20,5],[7,21],[-27,22],[15,9],[71,-18],[-5,-33],[35,29],[87,-35],[-64,0],[6,-17],[-54,4],[1,-18],[-93,-18],[-47,-3],[5,27]],[[36452,22018],[7,-17],[-60,-16],[-55,16],[47,26],[61,-9]],[[36265,21966],[-55,-3],[14,24],[-32,-7],[-2,24],[-23,2],[-24,-56],[6,33],[-23,-26],[-19,40],[19,31],[79,-1],[29,-30],[44,4],[11,-30],[-24,-5]],[[35945,22108],[7,-22],[-24,-10],[2,34],[-37,34],[25,10],[27,-46]],[[35814,22340],[12,-21],[-25,8],[-30,-47],[-24,53],[42,24],[25,-17]],[[36465,22430],[52,-17],[-9,-32],[-68,19],[-21,39],[10,16],[36,-25]],[[35829,22498],[30,-43],[-32,-65],[-66,6],[-5,25],[73,56],[-32,12],[32,9]],[[35535,22503],[0,-35],[-45,4],[-7,35],[-46,-4],[39,30],[59,-30]],[[36050,22498],[0,78],[26,8],[13,-30],[17,30],[22,-75],[-1,54],[39,-21],[21,-110],[13,62],[8,-43],[15,53],[27,-10],[-11,-73],[19,23],[5,-63],[-22,-40],[-33,21],[25,-24],[-8,-26],[-24,31],[-10,-26],[-47,37],[45,50],[-29,-20],[-10,36],[-8,-25],[-19,7],[-11,30],[24,19],[-15,28],[-30,-19],[-11,-81],[-18,25],[15,30],[-34,-31],[-16,41],[23,54]],[[35922,22421],[-31,30],[22,9],[-27,4],[27,13],[-20,34],[-34,-21],[-18,102],[44,-3],[21,-31],[-6,22],[13,-8],[32,68],[39,-42],[-7,-34],[19,48],[47,-18],[-46,-45],[30,8],[-23,-41],[39,-24],[-38,-47],[-60,98],[11,-68],[56,-72],[-42,-33],[9,-34],[-48,13],[28,55],[-37,17]],[[36441,22791],[1,-172],[39,-76],[-34,-33],[-77,69],[33,-72],[10,-98],[-94,68],[-26,150],[41,31],[57,-26],[-35,103],[48,47],[11,41],[22,-4],[4,-28]],[[35320,22878],[46,-32],[-54,-40],[8,32],[-22,7],[20,12],[-8,36],[10,-15]],[[35464,22915],[-39,-39],[39,-34],[-30,-26],[-20,39],[-12,-22],[-74,69],[75,-35],[-14,22],[27,0],[-18,43],[66,-17]],[[35751,22501],[-15,-13],[-20,45],[-24,-50],[-26,7],[-19,-26],[-28,9],[14,22],[-41,-5],[1,17],[70,4],[-22,26],[33,-8],[-21,21],[16,13],[-25,13],[69,60],[-41,-8],[13,21],[-27,-13],[3,26],[-69,-35],[-16,38],[-16,-76],[23,-32],[-21,-33],[-80,52],[34,37],[-27,38],[22,31],[-20,27],[22,17],[-115,-25],[35,34],[-3,23],[-40,8],[10,43],[34,-3],[21,14],[72,-63],[85,12],[-44,-1],[17,40],[-35,-39],[-41,7],[-1,49],[-26,6],[-27,51],[114,-40],[-28,74],[41,17],[12,-68],[-4,54],[34,-12],[9,-160],[23,73],[-14,71],[41,-40],[19,-99],[16,9],[-14,77],[75,-29],[16,-32],[-29,-25],[11,-43],[26,34],[78,-68],[-37,-50],[-47,20],[16,-41],[-25,8],[16,-32],[-16,-13],[33,-31],[-38,-16],[-6,34],[-21,5],[-5,-58]],[[35214,23022],[29,-5],[-20,-35],[-36,-11],[27,51]],[[35451,23258],[18,-28],[-14,-29],[-27,45],[-103,-18],[42,40],[28,-10],[-4,28],[60,-28]],[[35526,22975],[39,-24],[-76,2],[-34,44],[-19,-26],[-36,4],[-6,16],[36,1],[-28,13],[-11,52],[-14,-12],[-25,46],[-5,-21],[-45,68],[-59,0],[14,-17],[-24,-13],[-54,43],[3,-29],[-26,-9],[-29,81],[-63,28],[8,45],[-59,60],[25,22],[101,-95],[-12,-26],[16,-21],[56,4],[16,-30],[19,17],[-16,17],[19,-8],[46,-30],[-8,-18],[21,-8],[7,21],[83,-90],[1,55],[36,-127],[19,81],[49,-66],[-18,-21],[33,2],[20,-31]],[[35316,23362],[-39,-5],[37,69],[-46,-35],[37,65],[-84,-98],[-20,75],[45,14],[35,51],[-30,4],[1,29],[94,19],[24,-53],[-37,-44],[13,-46],[-30,-45]],[[35038,23556],[-13,30],[-34,-5],[3,41],[-33,31],[2,28],[28,-29],[65,21],[25,-27],[-16,-93],[-27,3]],[[35339,23563],[-38,6],[19,19],[-59,52],[-25,68],[88,-59],[15,-86]],[[35221,23551],[-41,51],[13,57],[34,-14],[-39,38],[26,-4],[-46,30],[-18,-13],[-26,15],[31,36],[67,-60],[61,-90],[-62,-46]],[[34999,23688],[-1,35],[64,37],[-23,-62],[-40,-10]],[[35098,23814],[-81,-66],[64,102],[17,-36]],[[35359,23683],[5,-34],[-59,92],[-80,63],[23,-9],[-23,25],[16,36],[93,-93],[25,-80]],[[35013,23774],[-41,-59],[40,190],[8,-24],[43,21],[-50,-128]],[[34909,23874],[-18,-7],[3,54],[36,58],[8,-39],[-29,-66]],[[35118,23898],[8,22],[-31,64],[61,-35],[7,-37],[41,-10],[-16,-21],[42,-4],[-33,-45],[-79,66]],[[35332,23966],[-10,-51],[-40,96],[50,-45]],[[34966,23799],[-20,-68],[1,34],[-22,-30],[13,43],[-32,34],[34,34],[-23,4],[18,50],[9,16],[30,-40],[11,26],[-18,41],[12,41],[-24,32],[19,24],[27,-26],[7,-78],[-42,-137]],[[35281,23963],[5,-22],[-29,-15],[-75,63],[34,20],[-4,39],[26,0],[-9,41],[36,-78],[-6,-32],[22,-16]],[[35196,24160],[-21,79],[28,10],[23,-90],[-30,1]],[[34922,24220],[2,-52],[-18,8],[-15,-46],[-15,30],[6,-87],[-24,10],[3,-33],[-34,-19],[-2,60],[29,29],[13,72],[-11,44],[31,22],[-7,-61],[15,44],[27,-21]],[[35331,24265],[0,-71],[-34,23],[23,20],[-32,0],[43,28]],[[35016,24196],[-20,-40],[-72,-22],[73,86],[-56,-8],[57,83],[64,3],[17,-49],[-24,2],[26,-53],[-26,-26],[-22,77],[-17,-53]],[[34974,24351],[-4,-23],[-47,-9],[17,42],[34,-10]],[[35122,24357],[12,-20],[-16,-39],[-47,32],[-10,47],[39,37],[9,-26],[-12,8],[-8,-30],[33,-9]],[[35179,24280],[-24,196],[42,-159],[-18,-37]],[[35134,24439],[-4,-67],[-26,58],[-83,-69],[-8,39],[23,22],[-32,9],[-19,-52],[-20,17],[18,47],[-35,-5],[-7,20],[21,41],[92,-25],[14,25],[-19,0],[-1,23],[28,19],[-34,56],[87,-73],[-11,-51],[16,-34]],[[34961,24554],[-18,43],[38,-12],[-19,45],[23,-20],[9,26],[30,-86],[-20,0],[19,-36],[19,23],[-10,-41],[-80,24],[24,17],[-15,17]],[[34936,24553],[-34,9],[-10,39],[23,9],[-13,33],[32,-1],[2,-89]],[[35060,24731],[2,-31],[-24,-8],[-2,39],[24,0]],[[34887,24744],[-29,-65],[-44,23],[25,-38],[-6,-101],[-15,26],[-42,-13],[18,55],[-36,16],[52,36],[-36,61],[21,21],[17,-26],[7,22],[18,-22],[50,5]],[[35159,24531],[-21,4],[-9,50],[-39,10],[-21,61],[53,66],[-84,34],[26,26],[76,-26],[43,-126],[-63,14],[68,-43],[14,-38],[-6,-41],[-24,39],[-13,-30]],[[35001,24752],[16,68],[64,-6],[-59,-67],[-21,5]],[[34916,24872],[-61,-92],[-33,22],[43,62],[-87,-39],[22,126],[40,3],[-28,-27],[58,-34],[20,73],[-23,-16],[-39,25],[-30,58],[33,18],[8,-40],[38,29],[35,-65],[29,33],[4,-23],[-39,-49],[90,39],[-4,-56],[-43,-4],[-33,-43]],[[34780,25194],[-56,-56],[-3,68],[39,24],[-35,51],[37,50],[49,-34],[58,-185],[-27,45],[-3,-40],[-23,24],[-8,87],[-28,-34]],[[34756,25442],[31,-55],[-4,-32],[-35,41],[15,9],[-7,37]],[[34962,25631],[-11,-127],[-41,72],[-48,-4],[28,25],[-39,-8],[26,59],[20,1],[-10,17],[43,-36],[9,30],[23,-29]],[[34744,25525],[-34,26],[107,135],[-12,-42],[29,-19],[-10,-29],[-29,-33],[-4,32],[-26,-81],[-21,11]],[[34858,25670],[-4,-32],[-16,2],[-14,68],[-19,1],[-42,-54],[-11,12],[22,42],[-52,-17],[-3,67],[55,19],[-15,-41],[39,50],[-9,-35],[21,-21],[-7,41],[25,-8],[30,-94]],[[34894,25698],[-39,-5],[-28,115],[72,-48],[-16,-32],[25,-16],[-14,-14]],[[34863,25196],[-32,87],[20,48],[-27,5],[20,34],[-26,-11],[3,33],[-32,30],[-13,65],[26,17],[72,-138],[-51,116],[5,38],[51,-77],[20,5],[-32,51],[25,-20],[0,29],[25,8],[-18,38],[66,-103],[11,159],[18,4],[-50,61],[33,19],[13,-19],[-2,36],[-48,-23],[4,43],[-20,16],[48,31],[-47,-19],[-15,35],[11,14],[28,-21],[-15,43],[52,44],[12,-36],[3,37],[29,5],[6,-29],[19,2],[-4,-83],[30,94],[-7,-123],[30,-28],[-18,-51],[22,-57],[6,-115],[-31,-136],[12,-42],[-34,-79],[26,53],[27,-8],[7,-65],[-37,-1],[34,-26],[-7,-61],[-7,26],[-16,-8],[16,-55],[-19,-10],[-27,31],[26,-53],[-42,-35],[-4,35],[-32,-36],[-12,41],[-9,-26],[-8,24],[39,43],[26,-19],[-6,15],[-18,18],[-49,-37],[-11,21],[8,36],[54,15],[-37,5],[22,43],[-37,-19],[-12,74],[25,-4],[-16,45],[61,-15],[-19,11],[4,27],[-36,-8],[-8,35],[35,35],[13,-25],[-3,38],[30,16],[-25,0],[30,51],[-33,-30],[-22,13],[21,-30],[-34,-46],[-12,16],[-19,-43],[-14,39],[-19,-69],[11,-54],[19,22],[-23,-63],[20,-27],[-27,-26],[11,-45],[-41,25],[-22,54]],[[34901,25907],[-1,-91],[-20,-23],[-33,33],[54,81]],[[34922,25874],[16,3],[-12,30],[62,-14],[-66,-54],[0,35]],[[34817,25915],[14,-65],[-29,20],[-37,-50],[-51,-2],[2,49],[45,-11],[56,59]],[[34820,25960],[-4,-39],[-67,-54],[-21,25],[35,0],[20,31],[-53,-16],[-25,34],[23,90],[19,-21],[68,28],[5,-78]],[[35105,26020],[-13,30],[35,-6],[33,-45],[-41,-23],[-14,44]],[[35232,26005],[-48,70],[59,-36],[-11,-34]],[[35097,26087],[46,-13],[-12,36],[27,20],[30,-103],[-16,-11],[-75,71]],[[35096,25941],[-5,-52],[-31,-18],[-48,41],[-86,26],[-8,52],[30,54],[37,17],[17,-59],[22,20],[-33,69],[26,136],[19,-111],[32,-46],[-30,-26],[23,-26],[2,-65],[23,-37],[10,25]],[[35081,26104],[7,80],[-27,-26],[15,71],[62,-82],[-57,-43]],[[34876,26119],[14,23],[-30,31],[-16,90],[62,-26],[18,17],[63,-39],[-8,-141],[-60,-46],[-43,91]],[[34880,25893],[-30,-27],[-26,221],[-56,-46],[-23,16],[69,60],[-20,-9],[4,26],[-22,-26],[-31,5],[40,68],[-32,-20],[-12,37],[-6,54],[27,34],[16,-21],[39,30],[16,-124],[42,-97],[-8,-26],[30,-34],[-17,-11],[22,-15],[4,-56],[-26,-39]],[[34839,26288],[35,84],[74,7],[24,42],[28,2],[4,-99],[-20,-23],[24,-9],[12,-53],[-95,41],[-13,34],[-48,-33],[-25,7]],[[35124,26344],[-29,13],[46,55],[38,-29],[-27,34],[14,9],[127,-47],[23,16],[10,-19],[-8,-40],[-30,-7],[-1,29],[-131,-40],[-32,26]],[[34869,26411],[-28,35],[-26,-4],[-4,29],[88,35],[11,-44],[-22,-20],[34,-13],[-68,-32],[15,14]],[[34968,26486],[5,-32],[-30,-7],[-32,53],[18,17],[39,-31]],[[35106,26885],[51,6],[-46,-64],[-5,58]],[[35237,26919],[33,-17],[-30,-56],[-35,-20],[-18,30],[4,40],[16,28],[18,-26],[12,21]],[[35354,27527],[13,-35],[-36,-57],[-6,37],[-43,44],[15,35],[57,-24]],[[35359,27606],[8,-59],[-45,12],[16,63],[21,-16]],[[35012,27679],[12,-26],[-22,-102],[-46,-58],[-47,2],[-8,47],[75,17],[-73,9],[17,13],[-20,9],[-7,47],[75,-34],[-29,41],[27,-12],[19,47],[27,0]],[[35348,27688],[16,-60],[-32,8],[-22,-57],[-26,-3],[8,61],[56,51]],[[35286,27718],[-29,-106],[-26,94],[55,12]],[[34999,27789],[5,-46],[-33,58],[28,-12]],[[35078,27825],[-10,-101],[-34,-5],[2,77],[42,29]],[[35238,27752],[-13,65],[27,34],[40,-36],[2,-50],[-32,-32],[-24,19]],[[35095,27726],[18,56],[-15,19],[15,16],[-5,43],[30,42],[33,-27],[-1,-46],[17,-9],[-21,-25],[27,-8],[-50,-39],[9,-17],[-25,-27],[-21,-5],[-11,27]],[[35373,27911],[27,-47],[-9,-73],[-23,4],[23,-43],[-23,-39],[-45,69],[25,21],[-10,61],[35,47]],[[35300,27890],[23,-3],[-18,-54],[-53,28],[-37,-36],[26,95],[59,-30]],[[35078,27842],[28,82],[-11,-108],[-17,26]],[[35320,27937],[-32,-22],[-34,24],[28,16],[38,-18]],[[35149,27973],[10,-32],[-23,-7],[-49,66],[46,8],[16,-35]],[[35320,28018],[13,-42],[-75,-13],[-39,19],[-12,45],[32,30],[28,-42],[53,3]],[[35171,28055],[-17,-60],[-30,35],[9,58],[38,-33]],[[35351,28050],[-12,-43],[-25,28],[-48,-4],[-32,66],[-48,-12],[-2,54],[20,29],[103,20],[50,-75],[-6,-63]],[[35172,28220],[36,50],[59,-21],[24,-33],[-24,-22],[-26,13],[-1,-21],[-97,-8],[29,42]],[[35275,28304],[-37,-28],[-38,30],[64,21],[11,-23]],[[35285,28317],[31,3],[25,-91],[-11,-17],[-43,40],[-1,24],[23,-26],[-24,67]],[[34899,28313],[23,-30],[-3,-38],[-33,-14],[-23,75],[17,27],[19,-20]],[[35394,28345],[-8,-54],[-41,17],[3,30],[46,7]],[[35149,28306],[4,-26],[-43,8],[-22,64],[32,9],[29,-55]],[[35102,28413],[4,-39],[-67,17],[16,31],[47,-9]],[[35286,28417],[17,-41],[-127,-69],[-37,36],[17,27],[-32,11],[5,38],[44,14],[113,-16]],[[35004,28447],[14,-7],[-18,-53],[-13,29],[10,51],[7,-20]],[[35375,28387],[23,-19],[-54,-21],[-30,55],[16,63],[44,-4],[13,-39],[-12,-35]],[[35198,28503],[13,-42],[-68,0],[-3,21],[58,21]],[[35250,28499],[-43,43],[65,-26],[8,-45],[-60,5],[30,23]],[[35131,28469],[-43,12],[-6,46],[34,9],[6,-20],[24,43],[27,-2],[15,-39],[-66,-23],[9,-26]],[[35332,28546],[-2,-20],[-31,-3],[-5,51],[38,-28]],[[35468,28443],[47,-32],[-14,61],[44,-19],[6,17],[-37,20],[-1,47],[26,18],[44,-48],[-18,52],[29,26],[25,-48],[-18,-47],[36,47],[35,-18],[15,-39],[-30,-67],[-56,21],[50,-47],[-2,-21],[-103,-126],[-37,-18],[-50,74],[33,23],[34,-9],[-31,26],[-31,-19],[-25,92],[29,34]],[[35353,28545],[-21,27],[45,19],[-2,-21],[-23,-2],[17,-29],[-16,6]],[[35252,28589],[34,0],[-4,-60],[-47,42],[-10,35],[27,-17]],[[35507,28568],[-13,24],[18,27],[24,-43],[-29,-8]],[[35307,28602],[-37,28],[57,14],[5,-27],[-25,-15]],[[35133,28655],[28,-6],[2,-32],[-37,16],[7,22]],[[35348,28645],[25,0],[-18,-24],[-7,24]],[[35226,28669],[-1,24],[21,-5],[-5,30],[56,-57],[-38,-11],[-3,-44],[-30,63]],[[35170,28718],[6,-15],[-26,-11],[-16,19],[36,7]],[[35301,28737],[17,-27],[-9,-21],[-52,33],[21,24],[23,-9]],[[35347,28840],[11,10],[24,-42],[10,-50],[-14,-30],[-31,112]],[[35519,28804],[-19,47],[42,34],[2,-84],[-25,3]],[[35214,28919],[33,20],[26,-21],[34,42],[34,-79],[-36,0],[-14,13],[16,13],[-21,4],[-16,-17],[23,-26],[-29,-17],[-13,27],[-44,11],[7,30]],[[34990,29040],[-2,45],[26,-2],[3,22],[60,-61],[-67,-31],[-20,27]],[[35391,29477],[20,11],[62,-45],[-82,34]],[[35394,29701],[-4,-37],[-46,25],[50,12]],[[35458,29735],[-3,-25],[-20,44],[-44,27],[-11,49],[34,-4],[44,-91]],[[35566,29909],[4,-26],[-22,-16],[-17,33],[35,9]],[[35747,29975],[-25,24],[19,32],[17,-13],[-11,-43]],[[35151,29261],[-24,27],[31,63],[-2,41],[30,31],[-9,20],[29,68],[12,119],[-19,163],[10,120],[35,69],[0,116],[15,36],[-18,51],[9,22],[29,-26],[11,19],[7,-38],[-33,14],[0,-23],[43,-22],[13,22],[19,-28],[8,41],[55,24],[26,-30],[-26,-62],[41,-62],[-15,-45],[38,-50],[3,-52],[-6,-19],[-90,-28],[-7,-62],[25,-37],[-47,-13],[-3,47],[-21,-35],[6,-59],[105,-132],[-6,-37],[-66,7],[44,-62],[18,-55],[-30,2],[41,-31],[-4,-18],[-91,6],[10,-68],[26,-42],[-22,-14],[21,-29],[-20,-18],[-23,20],[-16,-40],[-27,37],[-21,-15],[-21,16],[-10,-24],[-83,75]],[[35566,30162],[6,67],[22,-68],[-28,1]],[[35582,22262],[28,0],[-12,-25],[-32,1],[16,24]],[[36459,22499],[36,6],[-10,-52],[-63,38],[37,8]],[[36364,23270],[23,2],[-49,-45],[26,43]],[[35120,23485],[19,-79],[-40,49],[21,30]],[[35104,23607],[-2,-83],[-18,46],[20,37]],[[35324,23886],[15,22],[17,-13],[-7,-102],[-80,109],[26,21],[29,-37]],[[35143,24215],[20,-36],[-13,-19],[-25,37],[18,18]],[[34939,24873],[27,-5],[-29,-86],[-22,-27],[-43,9],[67,109]],[[35120,25294],[-14,72],[14,46],[46,-76],[-46,-42]],[[35046,26432],[43,-25],[-41,-53],[-15,56],[13,22]],[[34822,27129],[50,5],[13,-63],[-63,58]],[[35365,29320],[10,-36],[-19,18],[9,18]],[[35592,29628],[9,-24],[17,7],[-9,-53],[-17,70]],[[35492,29671],[23,-15],[-39,14],[16,1]],[[35301,32343],[-5,-33],[-18,63],[23,-30]],[[35415,33202],[31,-44],[-15,11],[-9,-24],[-7,57]],[[36756,45405],[-4,86],[-48,50],[14,65],[65,62],[5,40],[77,184],[48,37],[10,22],[-11,33],[4,80],[65,78],[-50,75],[-46,-13],[-21,22],[-82,356],[29,116],[19,23],[-1,34],[47,74],[-78,157],[4,113],[34,32],[11,110],[22,-2],[2,47],[58,78],[-7,83],[48,34],[-13,95],[-26,42],[-11,138],[-28,54],[25,20],[18,83],[-3,397],[34,71],[37,28],[8,28],[-17,28],[36,74],[-297,971]],[[36733,49510],[61,11],[170,-51],[26,13],[16,-11],[-6,-80],[53,17],[107,84],[83,196],[61,5],[47,-30],[45,128],[39,31],[17,44],[25,6],[6,34],[46,-5],[40,43],[141,219],[184,77],[20,-15],[65,32],[9,-17],[6,32],[5,-22],[21,8],[-1,-24],[43,-27],[44,98],[18,-4],[33,-96],[-13,-79],[17,-150],[-55,-164],[5,-99],[18,-45],[-8,-63],[26,-32],[9,-75],[-13,-86],[-18,-29],[11,-41],[-9,-37],[20,-31],[-9,-35],[12,-58],[32,-26],[1,-42],[17,-20],[-9,-79],[15,-19],[12,51],[16,-39],[23,-152],[68,-23],[18,-70],[16,25],[9,-48],[58,-36],[0,-84],[67,-78],[24,15],[24,-29],[8,19],[66,-34],[19,47],[21,9],[48,-13],[57,-52],[18,-49],[38,-41],[27,2],[33,41],[20,-12],[29,-120],[20,-1],[46,-97],[35,22],[15,-40],[56,-25],[16,-36],[84,5],[19,-20],[2,-62],[78,-129],[12,-53],[80,21],[31,-26],[52,34],[66,-16],[34,34],[8,-44],[42,-11],[141,-153],[29,-117],[-29,-83],[3,-101],[24,-50],[18,-110],[-10,-6],[25,-55],[8,-284],[-104,-9],[111,-238],[29,-493],[564,-41],[24,32],[18,-6],[-1,-115],[-46,-132],[27,-347],[129,-162],[70,-23],[5,-90],[30,-93],[-12,-13],[60,-211],[28,-22],[-33,-24],[-72,-410],[17,-7],[5,-77],[-24,-9],[-112,-420],[88,-157],[-99,-115]],[[40532,43740],[-6,215],[-304,335],[-305,-7],[-581,-218],[-63,-287],[-108,-281],[-3,-322],[-124,-732]],[[39038,42443],[-45,65],[-11,82],[-273,2],[-34,-33],[-24,29],[-40,1],[-106,-337],[-25,-208],[-10,75],[-32,69],[8,63],[-34,73],[-14,51],[10,43],[-18,43],[-141,69],[-241,-11],[-62,106],[-38,17],[-16,53],[-43,29],[-28,-182],[-142,-93],[-17,-126],[-82,-61],[2,-72],[-56,-115]],[[36461,44884],[-161,201],[-12,44],[-129,151],[-27,5],[8,40],[-13,146],[-33,65],[-115,77],[-35,63],[-56,34],[-26,64],[-32,23],[-31,84],[-67,54],[-65,19],[-131,135],[-40,12],[-10,40],[-31,24],[-93,30],[-12,34],[-89,96],[-14,48],[-73,71],[-44,13],[-22,62],[-232,209],[-10,20],[12,10],[-4,22],[-32,38],[10,22],[-48,51],[-43,135],[-141,168],[-17,118],[-51,64],[9,33],[-14,52],[-33,47],[-7,-33],[-8,188],[-20,-12],[-13,24],[7,45],[15,12],[24,-38],[24,195],[-13,114],[-87,202],[-11,104],[-38,74],[-17,83],[-39,69],[3,80],[-21,49],[-62,62],[-5,56],[-40,27],[10,87],[-22,179],[-50,116],[-95,106],[0,44],[16,9],[1,27],[-25,148],[-170,512],[1,43],[-19,60],[2,95],[-47,112],[-15,159],[-37,58],[10,50],[-20,4],[1,-38],[-19,42],[17,30],[-24,35],[-7,87],[-37,99],[2,105],[-60,108],[12,37],[-27,100],[-105,174],[-55,140],[10,26],[-49,132],[-10,123],[-28,56],[-4,44],[-74,140],[-24,90],[-98,123],[-164,153],[-113,166],[-7,95],[25,60],[45,-40],[26,67],[2,59],[-25,116],[-89,161],[12,84],[27,-4],[6,36],[-91,215],[11,22],[-8,105],[16,50],[-3,62],[140,266],[20,83],[65,78],[26,69],[50,17],[15,53]],[[33153,54244],[25,-20],[13,-203],[20,-88],[-53,-78],[-34,21],[-22,-21],[-7,-43],[15,-81],[41,9],[-46,-148],[34,-26],[42,56],[17,55],[21,10],[53,-66],[26,-6],[24,-51],[58,25],[50,-58],[-7,-54],[26,-120],[49,-95],[80,-31],[27,86],[27,19],[-9,60],[9,33],[76,90],[11,73],[-15,67],[36,143],[4,75],[22,19],[6,63],[20,36],[23,252],[31,-13],[10,-61],[21,19],[-11,71],[109,234],[414,283],[177,256],[173,371],[53,384],[21,-32],[41,7],[-23,136],[12,127],[-49,63],[-26,122],[-45,42],[-8,33],[35,5],[37,-27],[48,36]],[[34835,56303],[32,47],[85,-112],[20,-7],[16,32],[23,-68],[-12,-21],[49,-17],[75,-127],[18,-84],[-7,-29],[32,-71],[-18,-14],[25,-71],[49,-31],[14,19],[14,-56],[18,9],[0,-26],[21,-4],[21,-61],[18,-8],[16,25],[39,-45],[24,-73],[-3,-28],[25,-38],[5,-59],[-16,-64],[60,-73],[31,30],[22,-29],[27,-178],[-29,-88],[13,-50],[25,-32],[9,28],[23,-24],[17,-54],[44,29],[14,-15],[9,22],[7,-34],[23,55],[89,-73],[42,34],[25,-9],[38,56],[37,-2],[38,90],[30,30],[5,-36],[17,13],[47,-34],[13,-57],[14,37],[12,-76],[71,23],[29,55],[30,-7],[3,42],[39,-9],[66,-74],[19,-76],[23,28],[45,-58],[29,7],[-3,-44],[31,7],[12,-50],[18,4],[11,-31],[18,23],[15,-52],[-227,-668],[80,-61],[38,38],[22,-7],[32,-60],[9,-65],[53,-64],[21,-66]],[[36604,53716],[-19,-64],[-31,50],[-30,-53],[-37,61],[-4,65],[-11,-16],[-22,21],[-29,-30],[-11,26],[-12,-34],[-20,50],[-16,-36],[-30,10],[-20,-21],[0,-30],[-42,-92],[-12,24],[-8,-24],[-17,13],[-16,-23],[-13,24],[-15,-30],[-17,22],[-33,-52],[-38,11],[-15,-28],[-47,-14],[-40,17],[-41,-23],[-114,-151],[-45,-22],[-10,-52],[-76,-115],[-34,3],[-57,-48],[7,-87],[-25,-122],[-2,-116],[-85,-267],[35,-197],[-6,-53],[-29,-55],[-46,-12],[-129,-190],[-17,-135],[33,-127],[-63,-43],[-27,11],[13,-58],[-9,-47],[-16,-12],[60,-111],[42,-42],[-1,-49],[-27,-5],[4,-42],[39,-46],[42,-216],[61,-76],[2,-74],[20,-45],[39,-31],[66,-166],[1,-94],[-81,-172],[134,-1],[166,-76],[16,-144],[34,-72],[-11,-80],[298,7],[35,34],[17,48],[49,37],[130,223],[27,11],[-13,-85],[-20,0],[27,-89],[-32,-90],[-1,-726],[36,46],[32,-62],[49,-18],[111,91],[79,-28],[47,8]],[[34532,47436],[5,-20],[-14,13],[9,7]],[[39038,42443],[8,-44],[112,-112],[18,-45],[-6,-30],[20,-15],[1,-50],[77,-205],[63,-82],[12,-48],[72,-64],[5,-39],[68,-47],[62,-78],[-3,-37],[38,-87],[56,-42],[68,-13],[18,-32],[80,-46],[101,6],[189,-217],[42,-84],[113,-98],[63,-83],[112,-47],[46,-88],[37,32],[80,-83],[38,-7],[38,-60],[66,-164],[-6,-76],[-66,-86],[11,-13],[-27,-35],[7,-33],[-25,-28],[8,-21],[-18,-37],[15,-8],[-4,-18],[-71,-74],[-13,-46],[-9,12],[15,-36],[-21,-19],[-14,-93],[11,-146],[-19,1],[-4,-68],[-13,-33],[-17,2],[8,-41],[-54,-40],[-12,-77],[-11,12],[-6,-47],[-30,-25],[17,-100],[31,23],[162,12],[170,-97],[59,3],[51,-49],[92,43],[44,-55],[75,33],[49,-83],[34,66],[6,58],[52,56],[77,-22],[12,-42],[34,-26],[54,72],[-2,101],[21,42],[24,1],[16,74],[44,29],[48,-12],[4,56],[50,48],[18,71],[42,18],[2,73],[30,63],[20,145],[-8,136],[19,20],[6,86],[-19,93],[20,10],[-5,44]],[[41716,40351],[42,-32],[8,-39],[18,67],[32,18],[14,-29],[22,12],[-8,30],[33,24],[5,-65],[6,30],[28,-16],[10,-49],[23,9],[22,-202],[57,-187],[-21,-73],[4,-77],[-21,-134],[21,-119],[-36,-148],[-7,-15],[-14,28],[-9,-31],[-18,9],[1,-23],[-14,2],[-29,-61],[-29,26],[-36,-116],[-20,22],[-8,-38],[-6,27],[-19,2],[-1,-32],[-31,-17],[-16,21],[-33,-62],[-28,-7],[-11,23],[-13,-54],[-18,-7],[-4,-71],[-24,-30],[-32,4],[17,-45],[-24,4],[-6,-23],[-19,17],[-28,-41],[-18,3],[-42,-103],[-22,0],[-15,-42],[-18,18],[-55,-72],[36,-59],[-10,-46],[-50,33],[-21,-19],[2,-55],[-37,-20],[-10,-70],[-47,-85],[-34,-22],[-5,-64],[-30,-44],[-12,-74],[-63,-57],[-24,-105],[-111,-222],[-30,-52],[-60,-30],[-11,-104],[-60,-103],[-35,-24]],[[40714,37465],[-10,-6]],[[40704,37459],[-4,-85],[-79,-139],[31,-199],[-3,-25],[-32,-14],[16,-81],[-17,-114],[-56,-146],[31,-78],[-23,-124],[-51,-60],[19,-78],[-13,-85],[30,-80],[-35,-104]],[[40518,36047],[-7,-55],[28,-229],[-3,-94],[-19,-26],[-60,10],[-15,-17],[5,-122],[-36,-95],[-9,-160],[29,-97],[5,-94],[20,-23],[3,-89],[-27,-53],[-37,-9],[38,-49],[-18,-44],[12,-53],[53,-85],[264,-223],[91,-148],[40,-120],[-75,-180],[-14,-84],[9,-79],[40,-114],[46,-70],[57,-43],[0,-21],[57,25],[1,26],[22,-58],[9,-312],[-128,-325],[-144,-263],[-23,-181],[-257,-233],[-244,-125],[-244,-91],[-356,-86],[-217,-22],[-169,46],[-43,79],[-67,15],[-5,-71],[12,2],[5,-40],[16,4],[-28,-92],[6,-58],[27,-38],[-22,0],[78,-37],[22,-39],[-11,-22],[-44,63],[-31,0],[77,-103],[-23,-227],[-40,-7],[-21,24],[-19,-239],[-43,-72],[25,-97],[50,-56],[-1,-51],[-26,21],[5,-44],[50,27],[-52,-154],[-238,-172],[-190,-9],[-67,7],[-79,68],[0,26],[-37,-6],[-157,102],[-88,14],[55,17],[-17,46],[-62,0],[24,-29],[-34,2],[-40,-47],[-14,-80],[9,-132],[29,-168],[23,-47],[-15,-88],[12,-81],[-25,-99],[23,-89],[50,-62],[125,-39],[-41,-105],[53,-15],[113,12],[18,35],[-6,64],[-90,20],[190,100],[56,-139],[7,-184],[-31,-131],[-145,-51],[-48,68],[16,88],[-61,74],[-76,1],[-110,-87],[-24,-58],[7,-24],[117,-88],[70,-32],[40,16],[4,-19],[-48,-55],[-106,-49],[-59,-58],[-30,-37],[-2,-60],[-97,-168],[20,-188],[14,-7],[-4,-33],[18,-5],[-17,-31],[8,-33],[-32,-39],[31,-104],[-38,-59],[17,-35],[-31,0],[1,-44],[-31,6],[-60,-57],[-28,-89],[4,-38],[65,-39],[-57,-81],[-50,37],[-31,-29],[-27,29],[-61,6],[-27,-40],[-72,-20],[-9,-27],[17,-23],[-38,19],[21,-49],[-135,-25],[-134,-223],[-11,-109],[-30,-24],[-41,-105],[-14,-107],[66,-253],[97,-87],[115,-188],[195,-52],[73,15],[78,-87],[3,-191],[-36,-146],[-62,2],[-81,-75],[-38,-3],[29,-5],[93,63],[40,1],[47,-112],[-55,4],[-14,-66],[22,-19],[-5,-22],[-64,-6],[-69,-89],[-8,-55],[-36,1],[-17,-39],[-50,-11],[-72,-100],[-82,-52],[-28,-91],[-119,-123],[-26,-72],[8,-30],[-41,-61],[7,-25],[-40,-40],[35,-7],[35,87],[-37,-332],[-54,-135],[-92,-73],[-57,-3],[-104,226],[-28,19],[25,-25],[29,-101],[-145,-50],[143,24],[30,-69],[48,-43],[-176,-114],[-66,-144],[-25,-114],[5,-101],[-91,-113],[81,66],[68,-364],[-52,-28],[-86,30],[-80,-43],[104,20],[49,-26],[-14,-32],[75,42],[96,-242],[106,-188],[-23,-53],[-4,27]],[[35440,25203],[89,49],[46,80],[-13,177]],[[37044,22047],[25,-49],[-29,-5]],[[37049,23400],[105,-171],[29,-119],[-18,55],[-23,-1],[-57,-65],[-10,-74],[33,-37],[113,-29],[42,-161],[92,-128],[50,-20],[-4,-45],[143,-134],[124,-80],[95,-135],[212,-114],[234,1],[-72,-176],[-35,27],[-12,-31],[-57,-24],[-16,39],[-82,5],[-9,-44],[-108,-14],[-45,-36],[-193,92],[-299,27],[-123,44],[-9,-32],[-64,-6],[-40,43]],[[38626,22091],[25,0],[-51,-54],[-5,36],[-88,-49],[-2,37],[-20,0],[-104,-79],[-45,45],[25,38],[54,-7],[-7,42],[45,-18],[8,-25],[7,49],[58,-26],[10,20],[31,-22],[59,13]],[[39285,31857],[13,-64],[-53,35],[-24,60],[64,-31]],[[39225,31928],[-14,2],[30,9],[24,-26],[-14,-11],[-26,26]],[[39202,31082],[21,-2],[22,-48],[-27,-69],[-18,5],[-1,29],[-24,0],[27,85]],[[39214,31235],[35,-28],[-2,-106],[-37,102],[4,32]],[[71117,78276],[-27,-2]],[[71090,78274],[1,10]],[[71091,78284],[-8,28]],[[71083,78312],[8,21],[1,-24],[49,19],[7,38],[10,-32]],[[71158,78334],[-2,-5]],[[71156,78329],[-33,-14],[20,-29],[-7,-18],[17,-3]],[[71153,78265],[-9,-13],[-27,24]],[[71090,78274],[-32,-95],[-115,-76],[-57,-3],[-24,-38]],[[70862,78062],[-18,-6],[9,31],[-25,-9],[-18,26],[-33,-30]],[[70777,78074],[-100,43],[-45,110],[-16,121],[46,-30],[57,81]],[[70719,78399],[16,-11],[9,20]],[[70744,78408],[10,-2]],[[70754,78406],[45,-78],[116,65],[42,-31],[38,29],[14,-114],[21,42],[8,-31],[12,16],[41,-20]],[[71156,78329],[41,-2]],[[71197,78327],[25,-58],[-29,14],[-40,-18]],[[85760,78601],[28,-40],[53,38],[-14,-140],[98,-403],[123,-62],[95,-111],[8,-82],[-82,-87],[24,-366],[91,-124],[127,-29],[-28,-86],[9,-54],[-22,-20],[27,-14],[66,-130],[-56,-144],[-41,36],[-11,-37],[-58,-38],[-13,-64],[-44,-15],[-57,72],[-11,106],[-36,-33],[-81,-19],[22,-82],[2,-117],[95,-166],[-24,-122],[49,-102],[-40,-61],[21,-40],[-6,-86],[59,-24],[50,120],[20,-15],[36,-68],[54,-191],[58,-54],[54,26],[37,-16],[71,-106],[31,5],[23,-37],[-20,-37],[13,-43],[-8,-29],[138,-63],[62,-87],[65,-41],[6,-36]],[[86823,75283],[-42,2],[-51,-117],[-48,-42],[-32,-88],[-35,-30],[5,-96],[-57,-118],[22,-67],[-7,-67],[-13,5],[0,-53],[-29,-10],[-11,-83],[-22,-39],[1,-49],[65,-65],[33,-66],[26,-1],[26,-40],[0,59],[23,14],[75,-103],[30,-11],[11,-35],[88,-50],[42,-146],[33,20],[26,-59],[127,-135],[57,39],[125,-147],[92,10],[24,-125],[127,-31],[50,-71],[27,34],[8,53],[67,-9],[88,-69],[8,15],[-15,40],[58,5],[37,45],[57,-86],[105,-41],[17,-67],[-5,-110],[58,-11],[67,-103],[48,3],[11,-58],[31,-13],[107,71],[31,-34],[3,-90],[39,-54],[61,55],[61,-45],[29,18],[143,-123],[36,15],[73,89],[22,-110],[37,2],[27,-39],[39,51],[57,-31],[94,54],[35,-61],[33,54],[31,170],[-5,87],[-61,155],[22,132],[-4,108],[45,175],[2,45],[-15,10]],[[89193,73820],[-1,54],[87,22],[72,78],[62,-49],[24,-116],[-37,-196],[11,-77],[39,-58]],[[89450,73478],[-39,-47],[-15,-56],[32,-33],[9,-96],[18,23],[8,-39],[30,-4],[35,-62],[71,25],[34,-36],[35,1],[21,-20],[0,-34],[69,-10],[6,22],[84,7],[30,56],[57,41],[79,-73],[43,-8],[115,23],[78,-19],[41,61],[18,-4],[15,-42],[61,3],[41,35],[17,-35],[5,49],[28,-22],[32,26],[-2,67],[-26,80],[33,107],[-21,96],[-16,16],[-83,-7],[-41,45],[-10,55],[21,102],[-24,43],[21,1]],[[90360,73815],[34,-31],[32,2],[13,-48],[29,-4],[96,88],[21,-49],[8,29],[13,-18],[9,33],[11,-22],[49,16],[54,87],[-33,45],[14,47],[33,39],[19,-7],[46,62],[78,36],[-8,57],[44,108],[43,43],[160,6],[21,102],[86,55],[33,57],[-26,46],[6,32],[75,46],[39,61],[42,-56],[6,-39],[71,-8],[126,-74],[40,20],[9,88],[17,23],[50,-17],[10,76],[39,-10],[93,28],[31,-80],[34,24],[9,-14],[-16,-53],[-47,-40],[6,-105],[57,60],[31,-26],[45,-149],[1,-30],[-32,-14],[1,-27],[-67,-140],[22,-26],[64,43],[52,-7],[83,-66],[37,28],[82,-99]],[[92255,74043],[-10,-77],[23,-62],[-10,-64],[-37,4],[-120,-188],[7,-97],[73,-164],[6,-60],[-27,0],[-58,53],[-4,48],[-49,70],[-39,-4],[-26,-38],[-122,-22],[-43,-42],[-32,-87],[-46,-36],[-27,-62],[-25,-9],[-16,-41],[-28,-3],[-27,-68],[-50,-34],[-18,12],[-27,-35],[-28,-85],[1,-118],[17,-58],[-2,-57],[21,-34],[-50,-80],[3,-116],[-50,-106],[-84,-108],[-18,-119],[45,-41],[7,-71],[-42,-185],[-22,-16],[-74,-233],[-54,-298],[-11,-9],[-62,60],[-36,-2],[-31,44],[-85,-29],[-29,75],[-15,1],[-7,-53],[43,-218],[-19,-325],[-34,-77],[-40,27],[8,-105],[-32,-68],[6,-164],[23,-78],[2,-80],[-16,-18],[6,-27],[-39,9],[-19,-134],[-21,19],[-9,-38],[-14,56],[-51,67],[-11,-84],[-25,-26]],[[90675,70135],[-26,449],[-23,110],[-22,35],[-4,268],[-32,160],[2,61],[-12,0],[-10,-37],[-14,52],[-44,-57],[-32,52],[6,-143],[-41,-59],[-24,-80],[17,-115],[-30,-59],[-40,-32],[-21,32],[-20,118],[-23,50],[-13,-24],[6,-102],[-20,24],[-8,160],[-49,161],[11,36],[-14,31],[24,32],[4,86],[19,50],[22,4],[8,66],[73,-2],[15,74],[25,-45],[10,57],[48,-48],[8,113],[24,-14],[-8,38],[38,-3],[15,22],[1,68],[17,28],[24,136],[-4,72],[52,-34],[33,17],[2,40],[-60,91],[-90,68],[-101,-9],[-30,-28],[-25,23],[-44,-14],[-65,40],[-138,-37],[-66,18],[-86,-13],[-152,92],[-30,-8],[-8,56],[13,163],[-17,113],[17,73],[-14,11],[13,19],[-25,33],[-12,71],[-21,10],[-1,39],[-30,-51],[14,-13],[-13,-21],[15,-10],[-23,-70],[-19,24],[-50,0],[-72,93],[-16,88],[11,25],[-20,34],[-34,36],[-16,-33],[38,-56],[4,-39],[-47,27],[-17,-32],[-26,41],[-28,-17],[16,40],[-19,54],[-81,82],[-9,49],[-23,-100],[49,-7],[12,-63],[-22,6],[-32,-50],[-3,-42],[-54,-47],[-5,-68],[-25,-77],[4,-49],[14,-35],[44,9],[90,-181],[45,-23],[35,24],[23,-106],[48,-30],[-20,-73],[-161,14],[-5,-87],[-34,-111],[-27,4],[-13,41],[-30,-19],[9,-45],[-29,-56],[-11,-68],[20,-29],[10,-62],[121,-116],[53,-13],[9,27],[26,-32],[2,-45],[-22,-38],[-2,-45],[17,-28],[-3,-70],[-46,-44],[-12,-136],[60,-107],[16,13],[-24,-148],[88,-31],[-37,-80],[-4,-62],[35,-80],[-12,-67],[16,-98],[-9,-23],[23,-61],[21,-201]],[[89506,70230],[0,-120],[-17,-21],[-27,51],[-8,-10],[37,-73],[22,-148],[-27,-9],[-36,32],[-11,71],[0,-82],[-18,-8],[2,43],[-7,-78],[-27,7],[-5,163],[23,112],[-18,34],[18,37],[-23,-31],[12,-28],[-13,-57],[-20,0],[10,162],[-31,-222],[-1,-52],[20,7],[3,-18],[-20,-120],[-12,11],[-8,-32],[-8,20],[14,150],[-12,98],[-13,-206],[-21,-15],[0,62],[-12,-9],[-9,22],[6,-43],[-13,-25],[-4,96],[-12,22],[15,-142],[-17,-11],[-24,69],[9,77],[-21,107],[25,75],[-8,56],[-63,45],[-34,116],[20,-113],[55,-41],[11,-56],[-40,-45],[-20,-103],[-50,-78],[-43,-46],[-168,-65],[-94,-140],[-27,-96],[3,-58],[40,-173],[-29,-16],[36,-18],[4,-25],[-19,-9],[18,-17],[16,17],[-97,-130],[-10,-76],[22,13],[3,30],[4,-14],[-14,-45],[-24,-31],[20,13],[-86,-82],[-35,-102],[12,-13],[-73,42],[-18,48],[5,-44],[68,-68],[-95,-75],[-202,-112],[-18,24],[50,26],[-2,81],[-43,13],[-58,-73],[-55,-156],[7,-33],[37,48],[-14,17],[19,17],[0,30],[20,-9],[27,30],[-4,-47],[-30,-9],[14,-15],[82,71],[-132,-135],[-129,-222],[-18,17],[1,-46],[13,15],[-13,-44],[-106,-245],[-58,-69],[8,-16],[26,33],[-69,-112],[-10,-48],[-112,-99],[-54,-59],[-47,-90],[-7,13],[1,-34],[-38,-94],[-14,-18],[-17,17],[17,-33],[-28,-18],[8,-26],[-173,-153],[-110,-139],[-45,-124],[21,-52],[12,-1],[4,9],[-5,61],[6,-30],[0,-61],[-9,-83],[-9,-44],[-10,8],[8,-26],[-181,-161],[-68,31],[-47,-20],[-2,26],[-50,-31],[-37,-227],[-50,-77],[5,-43],[-34,47],[-5,111],[-2,-85],[-28,-112],[-10,105],[-35,15],[-92,-69],[-38,-61],[-23,-127],[-40,-121],[-12,-133],[18,-236],[23,-68],[-12,-22],[18,-4],[-7,-138],[-15,-55],[-28,-31],[30,14],[5,-126],[33,-143],[-10,-65],[31,-160],[-57,180],[-2,-68],[-14,47],[-13,-47],[22,-75],[69,-44],[2,-145],[-51,-417],[-28,-107],[-51,-90],[21,15],[-48,-138],[-25,-158],[-12,-120],[23,-123],[-23,-5],[-25,-48],[28,39],[24,-11],[8,-656],[-20,-16],[-13,25],[-47,1],[48,-32],[-68,25],[10,28],[-62,-12],[-38,-45],[-16,-54],[14,-82],[-99,-231],[-23,-120],[16,-56],[38,-54],[89,10],[4,-47],[33,-51],[-53,57],[-101,18],[-192,-112],[-77,-139],[-6,-78],[17,8],[-33,-68],[4,-106],[-24,-78],[-96,-114],[-57,-27],[-10,-35],[-18,-4],[-67,34],[-104,149],[-151,341],[26,8],[-16,11],[28,14],[-8,13],[12,13],[-29,-4],[-8,-30],[2,26],[-12,-30],[-23,106],[8,35],[-7,-13],[-16,60],[9,-64],[-26,113],[-17,105],[-11,198],[-14,90],[5,7],[13,-34],[-11,0],[3,-21],[6,10],[-1,-31],[9,23],[10,-112],[-2,107],[20,-120],[-12,-99],[34,-15],[15,24],[-32,21],[-5,171],[-38,85],[-11,78],[-10,22],[9,-94],[-20,74],[-2,41],[21,43],[-15,18],[2,-43],[-16,13],[-77,341],[7,20],[-16,33],[-53,327],[-42,71],[-34,152],[-60,107],[-6,21],[31,-7],[-3,34],[-30,-6],[-7,28],[16,1],[-8,20],[-13,-19],[4,-29],[-28,34],[-18,142],[-11,-17],[-93,378],[38,34],[-41,-11],[-43,326],[-7,157],[23,13],[-16,37],[-9,-33],[-16,110],[-39,122],[-22,132],[26,6],[-31,32],[-21,143],[12,-42],[13,8],[-23,60],[-6,-30],[-13,3],[-2,37],[15,16],[-21,-2],[-8,68],[-19,-1],[-33,48],[46,52],[-9,15],[-32,-34],[-25,47],[-2,47],[-39,52],[16,46],[-23,119],[-36,41],[61,-21],[-57,47],[23,55],[-33,-25],[-10,47],[8,37],[26,19],[-40,-22],[-38,159],[-37,71],[8,19],[-22,22],[13,81],[-14,-47],[-30,159],[9,21],[-27,83],[1,19],[24,-29],[-21,51],[19,7],[-20,22],[-14,144],[7,68],[-13,30],[8,29],[-30,143],[21,-13],[-26,65],[3,55],[-18,50],[25,18],[-26,25],[0,69],[-39,173],[13,34],[-12,-17],[-7,17],[-7,81],[-13,18],[4,39],[37,-37],[2,-26],[5,54],[-31,14],[-29,84],[11,67],[30,-41],[-18,53],[-17,3],[-19,100],[5,50],[20,17],[23,-60],[7,52],[-12,36],[-28,15],[30,44],[-11,4],[34,27],[-23,-10],[-4,103],[-14,-81],[-14,-26],[-7,12],[-16,-68],[-6,34],[-11,-6],[18,66],[-1,73],[-13,-6],[16,58],[-18,-30],[3,68],[62,-12],[26,-48],[-21,52],[-62,20],[-12,30],[-3,64],[41,31],[-28,-3],[-18,34],[5,-39],[-11,11],[-12,118],[13,-12],[2,46],[-18,-21],[-9,60],[33,275],[45,157],[5,126],[16,17],[-10,39],[-11,-9],[5,38],[-21,-20],[9,38],[-9,21],[17,33],[-18,-7],[-21,32],[26,16],[-13,51],[-36,-35],[4,56],[-14,-40],[-19,4],[40,58],[-30,47],[-9,-13],[-10,55],[19,14],[-27,14],[61,42],[-3,19],[-51,-41],[12,44],[67,98],[23,-2],[80,73],[-68,-46],[-125,-11],[5,114],[56,91],[-64,-52],[-13,41],[24,137],[20,10],[38,-29],[21,43],[34,-6],[1,30],[-54,-18],[-61,28],[-35,-35],[-1,20],[-24,-6],[2,71],[-23,-67],[-29,26],[-31,-15],[14,-17],[17,23],[-1,-31],[23,-5],[0,-95],[-45,-64],[-25,19],[10,-15],[-17,-2],[9,-22],[-25,-4],[43,-8],[4,-53],[-37,36],[15,-39],[-33,14],[-3,-37],[9,-16],[48,13],[44,-105],[-26,-114],[-39,-81],[0,-69],[-113,-108],[-71,-37],[-29,-55],[-107,-75],[-53,-35],[-80,5],[-135,131],[-94,141],[-81,196],[-127,198],[-12,60],[-19,-9],[-45,73],[-85,198],[13,77],[30,40],[-1,-52],[44,10],[-11,-55],[14,-34],[89,43],[15,31],[-3,35],[11,3],[2,-47],[21,-13],[27,30],[12,47],[20,-38],[59,77],[69,13],[65,213],[43,48],[0,79],[-12,15],[-23,-38],[-2,-80],[-30,-2],[-23,39],[-4,-25],[-19,-7],[-11,28],[1,-40],[-100,-45],[-39,-69],[-171,66],[-182,191],[-18,42],[7,27],[-27,6],[22,30],[-29,27],[5,33],[-20,-10],[-3,25],[-14,0],[21,43],[-17,22],[4,-29],[-12,-5],[-1,79],[27,-1],[-7,25],[67,98],[50,39],[-62,-28],[-12,-32],[-57,-42],[-36,-81],[-58,17],[45,46],[-24,6],[-3,49],[-10,-16],[5,59]],[[82561,71303],[27,58],[16,-12],[6,32],[8,-18],[123,17],[8,229],[17,-1],[13,-58],[22,52],[19,-39],[35,19],[33,-22],[132,15],[50,-68],[86,-2],[27,23],[15,61],[106,64],[49,14],[1,-95],[63,-26],[32,21],[-4,26],[26,35],[26,-3],[28,34],[-35,34],[-7,75],[7,34],[29,27],[-49,165],[-22,136],[-65,146],[0,174],[-21,22],[-38,-21],[-71,14],[-49,115],[-17,71],[27,139],[4,196],[-34,37],[-80,-5],[-104,97],[-13,45],[23,199],[153,279],[36,151],[80,125],[38,18],[26,-15],[33,-53],[26,-119],[40,-25],[131,90],[111,14],[105,58],[11,110],[80,136],[36,183],[33,76],[191,176],[101,306],[45,245],[123,76],[68,87],[-30,116],[68,99],[3,50],[32,34],[52,143],[27,0],[86,119],[-41,20],[-10,38],[37,177],[-42,158],[17,63],[52,87],[29,-5],[15,52],[42,4],[28,41],[45,-7],[7,27],[33,12],[21,71],[-43,74],[-69,54],[-111,3],[-20,73],[19,153],[-37,-50],[-45,21],[-31,-12],[-13,27],[1,116],[-52,29],[-50,86],[-4,47],[35,47],[20,104],[-5,35],[-55,62],[-3,53],[22,59],[48,19],[32,65],[-15,32],[-84,-5],[-27,31],[-1,38],[34,38],[-1,27],[-18,53],[-36,7],[-18,35],[50,122],[-2,48],[143,82],[222,-90],[65,10],[45,-55],[88,-37],[55,3],[82,109],[44,-10],[94,64],[32,-23],[39,13],[31,45],[4,60],[32,18],[23,-15],[30,42],[12,77]],[[85510,78360],[250,241]],[[86805,66229],[-24,44],[6,22],[34,-48],[-16,-18]],[[91123,60769],[-6,-135],[-15,-3],[-8,-36],[-23,111],[-20,52],[-19,4],[10,106],[51,34],[30,-133]],[[91060,60985],[-38,-68],[-8,34],[34,82],[12,-48]],[[90959,61352],[9,-54],[-34,9],[-16,42],[22,42],[19,-39]],[[91005,61380],[2,-47],[-21,35],[13,25],[6,-13]],[[90993,61402],[-15,-27],[10,45],[-16,7],[-7,50],[19,45],[9,-8],[-8,-42],[8,-70]],[[84171,61552],[20,25],[-9,-34],[-11,9]],[[90861,61531],[14,-17],[-24,5],[-13,29],[6,55],[17,-72]],[[90754,62151],[7,-54],[-11,-21],[-23,12],[-7,45],[14,37],[20,-19]],[[90678,63116],[4,-58],[-19,-36],[12,-25],[-13,-35],[-50,2],[11,63],[-13,27],[-1,70],[18,42],[32,28],[19,-78]],[[90709,63518],[8,-18],[-9,-11],[-27,7],[15,33],[-1,48],[20,-33],[-6,-26]],[[90573,63628],[6,-28],[-11,-9],[-12,43],[17,-6]],[[90831,63861],[8,-39],[-40,57],[22,30],[10,-48]],[[90851,64005],[-3,-63],[-12,40],[5,29],[10,-6]],[[90728,64495],[-17,-110],[0,103],[17,7]],[[90834,64690],[9,-15],[-14,-124],[-19,-21],[-5,35],[-9,-11],[5,-60],[-16,7],[-10,-41],[30,-33],[8,-216],[-18,-62],[-13,21],[-17,-13],[23,-60],[-12,-15],[5,-68],[-45,-80],[12,-26],[-18,-33],[-1,-65],[8,38],[13,-26],[-13,-119],[-26,-37],[5,-24],[13,45],[8,-12],[-15,-106],[-30,63],[8,27],[-29,55],[1,63],[-14,19],[16,47],[15,-41],[8,169],[14,52],[13,4],[2,-33],[22,22],[-12,36],[12,19],[-25,42],[1,148],[20,41],[-11,17],[-4,72],[21,32],[12,90],[-9,11],[15,79],[-2,125],[34,125],[20,21],[19,-26],[4,-87],[-25,-42],[-9,9],[25,-38]],[[90829,64930],[5,-17],[-21,17],[16,0]],[[89444,69895],[13,-29],[-17,-16],[-10,34],[3,23],[11,-12]],[[89170,69964],[32,103],[-2,-150],[-30,7],[0,40]],[[89365,70100],[11,-9],[-8,-75],[-20,24],[17,60]],[[89180,70054],[13,60],[2,-35],[-15,-25]],[[85760,78601],[-46,-23],[-92,9],[-35,35],[-46,-2],[-28,34],[-47,2],[-46,40]],[[85420,78696],[-69,66],[-5,91],[-51,-41],[-79,-16],[-25,108],[-56,33],[-7,52],[38,73],[-15,45],[6,74],[-65,167],[-74,50],[-46,-28],[-18,108],[-86,60],[-59,-9],[-23,-43],[-26,67],[-44,25],[-40,-21]],[[84676,79557],[-58,91],[30,7],[14,34],[41,-1],[33,42],[24,-52],[33,10]],[[84793,79688],[90,107],[-90,124],[24,105],[-26,40],[-2,120],[-30,37],[-7,132],[23,55],[-2,52],[-166,128],[-70,1],[-29,-44],[-2,-45],[-71,37],[-45,180],[48,65],[-73,144],[9,151]],[[84374,81077],[68,17],[28,67],[-10,80],[-24,48],[52,161],[64,39],[55,-8],[124,149],[52,-3],[-25,59],[16,57],[55,-40],[64,-4],[122,120],[35,-114],[-9,-40],[14,-60],[74,5],[49,57],[34,-14],[30,46],[29,-58],[49,55],[48,110],[9,96],[38,51],[1,61],[32,43],[48,20],[165,-40],[109,51],[82,-14],[91,144],[3,68],[307,254],[36,-7],[73,59],[46,8],[32,77],[129,19],[-7,98]],[[86562,82794],[19,30],[-41,255],[34,108],[102,51],[-60,48],[-2,34],[84,66],[37,-21],[21,30],[-15,79],[-35,32],[23,83],[-124,415],[5,333],[46,47],[-83,55],[-84,-14],[-41,35],[-3,34],[81,81],[96,8],[18,37],[84,24],[52,-10],[270,138],[33,-25],[10,-70],[52,-32],[98,55],[76,-73],[22,5],[25,78],[5,105],[-89,41],[-24,32],[66,231],[26,185],[139,467],[12,165],[43,4],[124,-91],[127,-58],[252,6],[30,-41],[-4,-65],[58,22],[103,120],[91,6],[19,80],[35,17],[6,43],[-3,69],[-28,68],[-23,267],[67,275],[22,31],[136,6],[38,41],[86,28],[62,117],[12,78],[-26,72],[50,95],[85,15],[69,-28]],[[88928,87113],[38,-7],[23,29],[103,29]],[[89092,87164],[19,-124],[-39,-30],[-6,-32],[28,-51],[79,-50],[-39,-68],[14,-30],[172,-100],[21,-31],[11,-91],[69,-57],[37,0],[43,-71],[58,-10],[45,39],[62,-5],[70,-130],[46,0],[19,37],[32,-2],[13,-77],[87,-61],[48,-176],[-7,-43],[81,-185],[58,-44],[40,-128],[-3,-91],[17,-18],[-50,-165],[35,-176],[-97,-169],[-20,-162],[34,-45],[40,-147],[61,20],[64,-55],[39,-10],[24,20],[32,-47],[169,2],[59,-40],[85,-8],[124,26],[225,-55],[63,-48],[71,-126],[85,-8],[52,-93],[83,-48],[36,-58],[113,-55],[120,16],[-25,-77],[-1,-88],[72,-37],[113,-446],[147,-211],[13,-116],[278,39],[759,-139],[181,70],[400,-92],[101,5],[70,-48],[51,-114],[49,-59],[346,-113],[205,-153],[269,69],[2,-134],[129,-7],[27,-37],[75,99],[522,340],[468,105],[206,-35],[55,31],[174,1],[61,62],[131,56],[115,82],[189,342],[197,117],[62,101],[60,21],[4,56],[-36,96],[-68,79],[-79,176],[47,148],[5,69],[62,171],[35,46],[43,30],[146,-13],[58,-89],[54,-37],[295,-75],[85,102],[66,33],[110,151],[38,115],[56,26],[79,-34],[132,14],[110,37],[111,138],[56,21],[27,59],[-12,66],[118,240],[82,60],[174,-19],[18,135],[58,20],[35,-55],[42,3],[34,54],[122,72],[151,-28],[42,55],[14,-32],[26,16],[23,-44],[93,-36],[61,10],[60,-23],[58,43],[17,37],[-3,112],[-42,60],[-23,104],[-140,160],[10,38],[-59,32],[-17,84],[-105,60],[-98,146],[-96,24],[-139,-22],[-135,-214],[-96,99],[-83,42],[-107,-25],[-85,16],[-110,-112],[-112,142],[-21,139],[95,69],[-3,170],[79,159],[3,64],[215,597]],[[98695,87575],[125,-94],[138,-37],[121,-66],[268,280],[188,37],[43,69],[9,122],[-76,46],[36,33],[16,96],[68,87],[7,105],[74,104],[7,90],[18,1],[1,36],[32,35],[-6,34],[19,8],[49,165],[130,135],[52,22],[44,129],[-7,75],[-44,69],[32,122],[-90,61],[-124,-31],[-16,107],[83,66],[197,259],[110,-2],[370,138],[28,-29],[153,15],[97,24],[33,35],[77,-32],[10,28],[10,-30],[24,31],[118,-68],[50,-64],[44,14],[52,-87],[81,-17],[72,-63],[10,48],[58,17],[149,-106],[33,12],[38,-51],[-29,-60],[63,14],[47,-89],[37,6],[-18,-30],[11,-30],[-28,-16],[2,-42],[31,4],[43,-37],[-4,-42],[25,-2],[23,-45],[-10,-47],[41,-26],[-40,-47],[79,-44],[-39,-83],[96,-181],[-17,-83],[44,-26],[-2,-72],[36,-18],[-34,-64],[21,-23],[9,41],[25,4],[-23,-72],[9,-91],[119,-196],[26,-108],[-26,-70],[23,-32],[-9,-54],[86,-75],[-34,-115],[17,-148],[35,-14],[20,-67],[50,-47],[38,11],[33,-35],[44,-5],[143,23],[14,23],[43,-29],[-14,-59],[80,-19],[39,-58],[34,26],[41,-31],[12,53],[34,-2],[24,-82],[53,-11],[10,-49],[33,-18],[0,-36],[27,-17],[1,-35],[92,-90],[157,-7],[-48,-160],[30,-35],[2,-49],[44,3],[-5,-47],[27,-73],[-50,-100],[0,-45],[78,-112],[19,-113],[46,-17],[112,40],[54,-50],[33,22],[71,-18],[82,14],[57,29],[64,-18],[50,152],[43,-9],[96,107],[143,-7],[71,98],[216,81],[28,-26],[24,11],[23,-45],[36,-14],[-12,-80],[-41,-79],[71,-187],[-72,-150],[-24,-26],[-57,-6],[-43,-58],[-10,-43],[24,-88],[-34,-30],[-18,-56],[-18,-198],[-57,-122],[30,-50],[-24,-32],[18,-16],[-5,-34],[-71,-73],[10,-49],[-20,-81],[-24,-37],[-24,2],[-12,-37],[0,-120],[-99,-84],[-26,-130],[4,-103],[-64,-59],[-317,129],[-39,65],[-43,-77],[-32,-10],[-6,-68],[-58,-81],[-127,-33],[-9,-29],[-31,-13],[45,-100],[66,-393],[-20,-50],[-15,-277],[38,-51],[2,-44],[-37,-112],[5,-51],[-35,-55],[8,-76],[-37,-39],[-74,11],[-12,-26],[-49,-5],[-60,-51],[-1,-36],[34,0],[22,-35],[4,-33],[-17,-24]],[[103302,83008],[-10,50],[-17,-39],[-63,100],[-8,121],[-46,13],[7,37],[-41,-12],[-29,29],[-49,-164],[8,-44],[-28,-147],[-37,4],[-19,-49],[-33,45],[-32,2],[-48,-79],[6,-62],[-83,-82],[-8,-33],[-73,7],[-72,-32],[-80,23],[-76,-25],[5,-81],[84,-176],[-52,-129],[-43,23],[-5,36],[-121,-26],[-31,39],[-80,2],[-32,32],[-24,-15],[-10,10],[25,30],[-40,36],[-6,56],[-37,43],[-47,-66],[-37,25],[16,-22],[-53,-54],[-22,-113],[7,-52],[-27,-2],[-55,-122],[-51,-49],[-6,-41],[-41,-60],[9,-9],[-82,-9],[-39,-47],[13,-26],[-37,10],[-53,-96],[-40,11],[-89,-72],[5,-45],[-48,14],[-61,-109],[-114,-133]],[[101252,81484],[-25,-103],[-59,-63],[-115,-9],[-43,38],[5,25],[-22,-84],[-26,8],[-28,-45],[-4,62],[-34,-31],[-23,24],[7,-37],[-20,-12],[21,-17],[-15,-18],[-72,1],[-15,-44],[-38,4],[-186,-167],[-58,-94],[-4,-26],[20,-8],[-38,-29],[-2,-25],[-51,-11],[11,-21],[-32,17],[23,-34],[-8,-20],[-49,50],[5,-18],[-35,-4],[6,-20],[-22,-14],[36,-19],[1,-29],[-153,-41],[-13,-44],[-15,0],[-14,70],[12,37],[-20,4],[10,24],[72,16],[14,47],[30,-18],[69,46],[-28,110],[30,7],[33,60],[55,18],[-139,-22],[-30,90],[-71,12],[28,44],[48,11],[4,19],[23,-15],[6,35],[-31,44],[5,39],[134,113],[-16,20],[56,63],[-1,40],[33,25],[5,52],[65,120],[-50,64],[3,61],[-13,-13],[-90,95],[-8,73],[14,29],[-30,-38],[-13,-53],[-55,-5],[-71,61],[-20,-25],[-33,20],[-40,-43],[-4,-37],[-33,9],[-10,-48],[27,-14],[-65,-28],[-9,-47],[-65,-84],[-21,-51],[17,-10],[-30,-26],[-10,-70],[-311,-203],[-2,-47],[-33,-12],[-49,-126],[-25,-16],[12,1],[-5,-22],[17,25],[0,-120],[-32,-18],[-86,-141],[-10,-4],[25,43],[-30,-12],[-2,25],[-26,-39],[-90,-1],[-67,-74],[-30,14],[-31,75],[-38,29],[-47,-12],[-57,-56],[20,-81],[-24,8],[-39,-115],[-14,-119],[58,-152],[116,-147],[50,1],[109,-48],[37,48],[35,6],[63,-36],[-8,-25],[24,-59],[31,-32],[56,-123],[-1,-27],[-13,2],[-49,41],[-33,-93],[-3,-186],[61,-73],[98,-37],[110,20],[42,61],[-13,69],[146,149],[3,42],[-30,12],[51,7],[123,87],[62,-9],[36,-68],[35,-6],[11,-78],[74,29],[12,-16],[-16,-20],[63,-86],[35,7],[-30,9],[16,17],[101,-10],[17,-25],[12,64],[32,22],[21,-90],[20,26],[17,-26],[131,-6],[-3,-22],[-36,-18],[8,-31],[-15,15],[26,-80],[-53,-51],[-5,27],[1,-55],[-18,-28],[45,4],[-4,-71],[-40,5],[10,-32],[-27,-26],[-57,13],[4,30],[23,0],[-34,30],[1,43],[-8,-43],[-36,-30],[5,51],[-41,9],[8,-35],[-55,-29],[-19,-35],[-30,-3],[-4,-57],[-43,21],[37,45],[-32,-23],[-17,12],[-2,-44],[-25,-16],[8,-12],[-82,-28],[-25,-37],[-16,9],[-3,-25],[-58,42],[-33,-21],[0,-48],[33,40],[26,-45],[12,10],[-5,-56],[-25,-49],[-14,47],[-27,2],[-21,-45],[12,-36],[-25,1],[16,-117],[-114,-65],[-21,13],[24,81],[-19,52],[-7,-61],[-22,28],[-40,3],[-3,-72],[26,-31],[3,-43],[22,-12],[14,23],[5,-23],[-41,-52],[4,34],[-30,-28],[-32,-108],[-31,11],[-1,-76],[-15,-11],[-7,32],[-32,-51],[-4,28],[-28,-23],[-32,-128],[-42,-42],[-22,-135],[-46,-21],[-9,-40],[0,-176],[51,39],[32,-22],[5,-38],[63,-95],[97,-47],[106,-92],[47,-277],[35,-84],[-7,-53],[50,-115],[11,-89],[28,-35],[-7,-40],[26,-42],[6,-68],[23,-10],[3,-126],[-17,-35],[3,-42],[-7,22],[-3,-17],[90,-125],[96,-71],[9,-84],[-19,-12],[27,-73],[71,-32],[55,-70],[36,-141],[-19,-23],[-65,21],[-130,105],[-57,-59],[-45,11],[-56,130],[-59,34],[-47,4],[-75,-84],[-45,-3],[-46,45],[-27,68],[3,58],[-7,-12],[-19,63],[-76,35],[24,-39],[-27,-60],[28,24],[33,-23],[-5,-45],[77,-110],[75,-26],[75,46],[5,27],[93,-29],[25,-94],[-25,-3],[-11,23],[5,-29],[137,-81],[59,-113],[134,-140],[84,-230],[-23,-36],[-121,-25],[-174,-154],[-24,-40],[-11,-83],[-35,-49],[-37,61],[-73,6],[-17,-8],[-17,-73],[-40,15],[-37,-62],[43,49],[36,-17],[22,74],[57,3],[38,-88],[-34,-69],[53,-35],[-49,38],[35,62],[47,-35],[98,105],[64,-8],[114,-228],[15,8],[56,-54],[65,10],[-86,-94],[-56,-114],[-43,-12],[-14,-26],[-16,21],[-19,-48],[5,-33],[21,43],[-7,-58],[75,92],[18,-4],[5,-39],[22,42],[-32,16],[56,49],[18,-29],[-20,-43],[20,-48],[-5,-25],[-11,6],[-7,-75],[30,-26],[-16,-38],[-53,-18],[5,86],[14,9],[-18,6],[0,29],[-21,-121],[-24,1],[-4,77],[-4,-74],[-18,73],[-16,-17],[-8,-62],[-31,-11],[16,-17],[-18,-17],[73,4],[-2,-35],[-26,2],[-2,-25],[37,19],[15,-21],[-12,-18],[22,-25],[-11,-21],[-33,30],[-5,-21],[-24,13],[57,-78],[-22,-63],[-84,-8],[-70,84],[53,-77],[-14,-30],[52,13],[32,-25],[23,-95],[-23,-10],[32,-7],[-8,-22],[24,-65],[-16,-43],[-36,39],[-30,-17],[2,-31],[-28,-68],[-35,57],[8,20],[-15,39],[20,21],[-32,12],[-13,-50],[-35,0],[33,-13],[0,-31],[-53,-155],[-119,34],[-16,44],[10,-54],[82,-44],[11,-46],[-48,-104],[-29,30],[13,-65],[-26,-56],[28,-56],[-15,-64],[-30,15],[-14,-36],[15,-15],[-10,-75],[-17,-12],[-15,25],[2,-31],[-18,39],[-9,9],[-19,0],[7,42],[-29,-3],[0,-27],[-10,18],[-4,-51],[25,25],[16,-26],[14,17],[6,-20],[-6,-19],[25,-21],[-16,0],[11,-4],[-10,-26],[-45,22],[12,-44],[-21,-16],[13,-25],[-35,-10],[29,-10],[-6,-32],[-62,-9],[-3,-39],[35,-26],[-10,-24],[17,-23],[-16,-20],[11,-27],[-58,-22],[-38,-55],[3,47],[43,34],[32,90],[-52,-3],[-7,-83],[-15,-4],[-9,39],[-13,-17],[16,64],[-16,0],[2,16],[16,23],[-21,-15],[-9,-57],[-23,47],[13,-72],[-50,57],[-7,-46],[18,-20],[-3,-23],[-18,10],[3,-30],[15,-28],[25,31],[23,-7],[25,-97],[-19,-29],[-36,57],[-27,-38],[25,0],[12,-75],[21,6],[26,63],[5,-31],[37,-8],[-24,-33],[-26,3],[-3,-21],[-46,-7],[5,-32],[-23,-28],[-47,-122],[-7,-1],[-7,18],[-30,24],[-16,3],[-21,30],[-40,28],[34,-36],[17,-75],[27,-15],[37,12],[26,51],[61,-31],[-34,-94],[-11,17],[18,-70],[-10,-46],[-47,0],[14,-76],[29,12],[-2,-61],[19,-16],[-3,-61],[11,-4],[-25,-8],[-1,77],[-12,-4],[2,-53],[-21,-4],[8,65],[-20,-22],[1,41],[-31,14],[8,40],[-25,8],[-22,-76],[-45,-39],[23,-60],[10,21],[0,-62],[25,45],[22,-55],[-21,-1],[-8,-41],[-47,24],[13,-47],[-18,-18],[-12,33],[-12,-14],[14,48],[-34,6],[20,32],[-51,-21],[13,-41],[20,2],[-10,-46],[-32,-22],[35,-44],[17,29],[-7,-34],[12,-22],[-36,-4],[0,-29],[21,-9],[-7,-14],[-53,13],[-26,-30],[5,35],[-12,25],[-2,-28],[-7,37],[-9,-24],[10,-26],[-33,7],[22,-71],[21,24],[21,-30],[-26,-60],[-14,8],[6,-56],[-14,-28],[-22,-17],[8,26],[-50,45],[1,43],[-8,-59],[-41,-5],[-21,-35],[-20,95],[-16,-69],[-22,21],[-3,-35],[-20,-5],[27,-23],[-19,-29],[7,-15],[-51,27],[-14,-6],[25,-17],[-36,9],[38,-51],[45,13],[-9,-50],[25,9],[12,-49],[-49,-63],[-12,32],[-12,-17],[10,-15],[-14,-84],[-19,-3],[-30,-72],[-3,26],[20,45],[-12,-4],[0,34],[-13,-22],[-19,18],[14,-17],[-4,-52],[-35,-135],[-7,104],[-51,27],[-2,-21],[30,-24],[-4,-26],[-18,-36],[-52,4],[-7,-104],[-9,48],[-4,-40],[-45,-49],[-5,63],[-39,-25],[-11,32],[-15,-35],[-2,-98],[-31,-63],[-38,3],[-45,40],[16,-59],[59,1],[18,-56],[-7,-15],[-38,43],[16,-23],[-23,-51],[-12,48],[-34,-3],[6,-21],[26,5],[-24,-63],[10,-56],[-23,-50],[-38,-6],[-55,33],[22,-15],[-45,-69],[-16,-14],[9,43],[-27,24],[11,-41],[-89,-76],[-1,43],[-40,40],[15,35],[-56,-53],[-5,29],[-47,18],[26,-14],[-5,-33],[30,-9],[18,18],[-29,-61],[10,-33],[11,15],[-5,-44],[-67,17],[-11,24],[28,18],[-4,17],[-16,-16],[-43,15],[29,40],[-1,33],[-48,-52],[2,-23],[-38,7],[-27,-66],[-14,40],[-27,6],[35,-54],[-24,-81],[-10,34],[-40,4],[-1,78],[27,36],[-13,16],[-87,-69],[-5,-37],[28,-2],[-32,-51],[41,-30],[-34,-39],[-36,100],[-59,-35]],[[97879,70497],[-49,-17]],[[97830,70480],[-14,-14],[-26,20],[-24,-54],[-8,37],[9,6],[-24,42],[-21,104],[-29,-4],[-18,89],[-4,-27],[11,118],[-14,-73],[7,73],[-14,-60],[3,51],[-17,-16],[1,43],[15,22],[46,25],[37,-13],[-42,25],[-54,-45],[-11,-15],[-30,22],[28,-48],[-6,-60],[-90,-13],[45,-9],[48,-72],[-18,-22],[-21,17],[74,-120],[-18,-86],[4,-36],[18,-6],[-8,-83],[-34,-52],[-69,136],[-37,127],[-2,-55],[80,-193],[-33,3],[-17,-43],[-1,-38],[-30,-19],[-16,47],[0,75],[-8,-7],[-9,-54],[-12,3],[1,-111],[-38,-58],[-28,69],[-60,-74],[-13,-46],[-19,-1],[-41,45],[-5,35],[27,41],[-34,-7],[2,71],[-13,-56],[15,-112],[-13,-42],[-26,-16],[-34,28],[3,57],[-55,-29],[5,54],[-24,-37],[-26,63],[4,-69],[32,-26],[-44,-61],[-10,1],[13,13],[-14,43],[-9,-15],[-43,24],[27,-35],[7,-31],[-11,-20],[13,-18],[-24,5],[-28,-59],[-16,33],[4,-30],[-39,-13],[-15,56],[2,-43],[-25,4],[14,-9],[-46,-54],[12,37],[-37,20],[-11,-11],[23,-9],[-46,-16],[12,21],[-12,-9],[-20,30],[-16,-60],[29,18],[-25,-30],[-41,-26],[-34,8],[-39,-85],[9,55],[-11,-17],[-3,30],[42,47],[-42,-40],[0,-94],[-20,10],[5,-13],[-53,-22],[-2,61],[18,-9],[-11,21],[14,18],[-18,-17],[1,55],[-12,-6],[-4,41],[-10,-11],[10,-67],[-20,5],[27,-61],[-3,-39],[-60,-93],[-8,27],[-18,-49],[5,-90],[70,0],[14,-62],[-9,-23],[-9,12],[-5,56],[-13,-103],[9,13],[-5,-26],[16,4],[39,-47],[18,-56],[-42,-109],[-42,-32],[-51,-4],[-30,34],[-40,-39],[4,55],[-22,50],[14,15],[26,-50],[9,52],[-22,17],[-4,28],[-5,-38],[-7,30],[-24,15],[8,49],[-9,-25],[-6,38],[-19,9],[2,27],[36,26],[-24,-15],[-9,103],[-7,-30],[-12,22],[5,-22],[-19,75],[17,67],[-14,56],[34,57],[-2,88],[7,-17],[45,22],[7,81],[-34,9],[-9,-30],[-14,77],[0,-60],[-41,21],[9,65],[-23,-30],[3,47],[-10,-12],[-8,25],[11,47],[-34,-30],[9,-21],[-18,0],[36,-52],[-14,-57],[-20,-16],[0,21],[-16,-29],[-34,17],[-25,-30],[-3,34],[-8,-43],[-21,13],[-4,-23],[-33,30],[34,38],[-2,58],[-30,0],[7,26],[-46,-18],[-24,43],[3,35],[20,17],[-18,-8],[-3,38],[-20,2],[14,-46],[-21,-12],[18,-25],[-4,-26],[13,0],[-39,-26],[-11,30],[13,0],[0,26],[-13,-2],[5,36],[-14,-26],[-12,18],[12,4],[-13,7],[11,40],[-21,-17],[5,-26],[-12,-4],[4,30],[-12,4],[22,60],[-14,17],[-11,-14],[-3,36],[-30,-56],[5,51],[-9,-49],[18,-49],[-13,-30],[13,-43],[10,30],[-5,-30],[15,4],[-17,-21],[2,-31],[-13,-8],[4,26],[-7,-39],[-23,-1],[-4,22],[14,-7],[-5,29],[18,26],[-20,-4],[4,21],[-12,-16],[-15,33],[-21,-116],[-22,-25],[13,55],[-14,35],[-11,-43],[-62,-17],[17,-18],[-6,-21],[19,0],[-39,-34],[9,34]],[[95803,69827],[-70,106],[-92,-46],[-26,44],[-25,-33],[-26,74],[-33,-2],[-56,60],[2,73],[-30,-6],[-63,57],[-24,-29],[2,164],[-10,54],[-31,22],[-5,58],[17,99],[34,-10],[37,136],[-101,80],[-10,-22],[-67,-22],[-18,58],[-23,17],[-44,1],[-49,-45],[-54,88],[-46,10],[-8,60],[-72,131],[-37,-70],[-46,-13],[-42,-49],[-22,6],[-24,-49],[9,-101],[-41,-67],[-37,-7],[-12,18],[-71,-93],[-34,35],[1,51],[-51,-20],[-21,-46],[-22,-133],[-104,183],[-19,-19],[-28,-117],[-19,23],[-15,75],[-27,33],[-25,-76],[-35,-39],[0,-43],[-44,-68],[-35,30],[-24,76],[-81,73],[-17,-12],[-23,45],[-37,-62],[9,-25],[-55,-137],[-33,-8]],[[93850,70398],[-41,31],[-51,-40],[-19,56],[-24,12],[-19,-29],[-18,-106],[-29,-20],[31,-173],[48,-95],[-8,-62],[25,-57],[-22,-35],[-7,-146],[36,-65],[-21,-24],[2,-28],[-62,15],[1,31],[-22,11],[-86,-39],[-17,41],[9,74],[-21,25],[-4,94]],[[93531,69869],[3,53],[-17,76],[-12,5],[-82,-69],[-71,-118],[-55,-9],[-38,48],[-52,-65],[-32,64],[18,79],[-64,41],[-11,68],[16,84],[-8,51],[-32,6],[-8,-23],[-33,33],[-13,-20],[-48,43],[-95,-3],[-36,32],[32,150],[38,64],[-16,157],[35,70],[0,46],[41,-3],[-15,82],[-29,7],[-24,38],[-38,-45],[-8,24],[-46,9],[-10,32],[-55,11],[17,75],[-19,17],[12,51],[-36,79],[25,48],[-21,93],[-43,24],[-2,103],[66,77],[3,39],[-94,-44],[-50,34],[-109,-18],[-72,-49],[-88,-111],[-36,61],[68,128],[-1,81],[-24,16],[15,27],[-15,54],[-42,-1],[-2,20],[7,177],[79,69],[-21,45],[-3,87],[34,108],[7,15],[29,-34],[45,65],[22,53],[9,135],[58,-34],[61,171],[38,-19],[25,33],[1,24],[-35,57],[-13,77],[25,25],[8,-30],[20,49],[-21,50],[24,84],[12,252],[-12,44],[8,117],[-21,79],[11,102],[-14,162],[-29,-3],[-19,41],[-37,17],[-9,-80],[-29,-12],[-33,179],[-19,35],[13,21],[-24,38],[4,105],[-42,46],[0,34],[-31,54],[-44,-1],[-32,99],[-19,-18],[-28,29],[-28,-91],[1,-54],[-41,-50]],[[90360,73815],[3,54],[-73,34],[-42,61],[-32,-13],[-34,-62],[-28,-3],[-33,41],[-80,36],[-64,-11],[3,33],[37,47],[-3,21],[-67,41],[-32,-24],[-21,61],[-25,-22],[-27,14],[-51,-19],[-54,-82],[-58,-25],[-41,-60],[-40,-112],[-37,-39],[-34,-120],[-20,0],[-28,-53],[-9,-61],[15,-64],[-35,-10]],[[89193,73820],[-94,29],[-37,-63],[-51,-1],[-14,20],[-54,-21],[-1,32],[-25,-24],[-45,6],[-50,78],[-30,-4],[-25,44],[-33,4],[-3,35],[-23,19],[-16,-17],[-20,15],[-14,-95],[-29,-27],[-74,58],[-15,97],[-29,-50],[14,-94],[-44,-26],[-39,162],[-42,49],[-14,71],[-27,-53],[-60,29],[-23,-24],[-84,21],[-11,90],[28,99],[-36,28],[-42,-63],[-38,2],[-45,39],[2,29],[-22,27],[-55,25],[-25,72],[-57,58],[9,53],[-19,20],[-14,54],[9,31],[-24,40],[-58,20],[-73,-39],[-18,-45],[-39,18],[-56,174],[-30,7],[-1,44],[-29,49],[-37,-26],[-29,53],[-25,15],[-21,-18],[-49,76],[-1,30],[-23,7],[-26,52],[-74,68],[-55,17],[1,77],[-24,31],[-3,67],[-98,13],[-55,37],[-35,-56],[-41,29],[-12,-136],[-28,-20],[0,-35],[-24,-41],[-36,14],[-30,107]],[[96808,68698],[8,-26],[-23,-4],[-30,-60],[-18,17],[9,35],[-18,-14],[9,-29],[-8,-44],[-42,-64],[-30,-142],[-34,9],[22,-19],[3,-32],[9,39],[-23,-153],[-27,-53],[21,-18],[3,56],[11,-60],[-22,-6],[-22,-71],[-23,6],[23,19],[-44,-22],[-61,-103],[-18,5],[16,-21],[-14,-60],[-24,5],[18,38],[-62,-43],[-30,8],[-5,-77],[-20,0],[23,-8],[-10,-33],[-11,24],[-38,-47],[0,56],[-28,-42],[10,38],[-23,22],[-92,0],[-9,46],[-48,4],[-102,92],[3,128],[-23,81],[11,60],[-14,98],[23,35],[-21,38],[2,36],[20,64],[86,72],[21,66],[49,33],[18,47],[32,-9],[-11,29],[11,19],[-11,4],[-37,-43],[2,50],[29,58],[19,14],[51,-54],[39,14],[-21,17],[13,21],[-11,22],[64,37],[0,-33],[30,-4],[2,25],[7,-38],[36,37],[15,-53],[8,33],[37,10],[8,20],[-27,-13],[30,51],[35,-21],[27,16],[25,-85],[-12,99],[64,-51],[10,-48],[6,30],[-19,62],[37,59],[37,-96],[49,-10],[25,-195]],[[97125,69934],[12,-22],[-63,-35],[8,49],[43,8]],[[97352,69969],[1,-45],[-41,-26],[10,49],[30,22]],[[97418,70007],[6,-18],[-22,-24],[5,-73],[-16,-5],[-10,29],[14,40],[-21,6],[22,44],[22,1]],[[97600,70166],[5,-13],[-32,11],[24,41],[10,-9],[-7,-30]],[[97591,70248],[-28,-52],[-3,28],[31,24]],[[97667,70640],[-12,-17],[-54,88],[27,2],[39,-73]],[[98824,71071],[18,6],[1,-52],[-62,19],[43,27]],[[98956,71247],[20,-8],[-16,-49],[-20,-10],[4,-40],[-37,-5],[24,66],[-17,6],[10,48],[32,-8]],[[99567,72677],[33,-37],[-49,15],[-16,61],[16,-32],[16,-7]],[[100216,73994],[8,-34],[-43,-27],[-10,59],[37,52],[12,-16],[-4,-34]],[[100543,75356],[-12,-45],[-43,31],[46,35],[9,-21]],[[100596,75445],[8,-26],[-50,13],[3,30],[39,-17]],[[100410,76021],[14,-24],[-15,-28],[-14,48],[15,4]],[[99759,76490],[7,-32],[-37,30],[9,52],[-34,43],[33,2],[22,-95]],[[100571,80900],[27,30],[0,-34],[-27,4]],[[100675,80943],[35,1],[-17,-27],[-18,26]],[[100272,81094],[-1,-64],[-28,3],[9,42],[-35,-33],[27,56],[28,-4]],[[100784,81119],[9,22],[17,-13],[-12,-20],[-14,11]],[[96670,69497],[12,-14],[-14,-34],[-14,22],[16,26]],[[96654,69546],[-10,-63],[-25,43],[-65,-12],[9,47],[20,4],[-16,4],[34,14],[10,-35],[36,26],[7,-28]],[[96677,69642],[-25,-54],[-41,46],[41,16],[4,-29],[21,21]],[[99164,71750],[29,-13],[-15,-67],[-22,20],[11,12],[-10,11],[7,37]],[[99747,72364],[-16,-13],[16,-34],[-25,-7],[-4,-29],[-18,12],[2,39],[-11,10],[34,13],[-18,2],[1,41],[-12,2],[13,32],[17,9],[-1,-27],[32,-37],[-10,-13]],[[100450,74608],[-8,-36],[-15,6],[-7,47],[19,13],[11,-30]],[[100511,74992],[7,-49],[-23,45],[-20,-2],[24,42],[12,-36]],[[100595,75087],[0,-32],[-22,78],[26,-3],[-4,-43]],[[100424,75207],[10,-32],[-17,-29],[-8,42],[15,19]],[[100573,75175],[-12,-57],[-64,50],[-27,-10],[-19,91],[47,0],[75,-74]],[[100412,76167],[45,-43],[-1,-39],[-42,-24],[-93,56],[-85,79],[-46,81],[14,28],[34,0],[114,-111],[60,-27]],[[100856,80854],[-6,-39],[-6,32],[12,7]],[[96629,69302],[-5,-38],[-13,42],[18,-4]],[[97562,70102],[-6,-28],[-11,13],[7,26],[10,-11]],[[97627,70211],[15,18],[10,-22],[-21,-14],[-4,18]],[[97677,70424],[12,-10],[-13,-20],[1,30]],[[97652,70613],[31,-87],[-55,73],[24,14]],[[97646,70750],[5,-50],[-12,26],[7,24]],[[98799,71128],[-3,-25],[-17,2],[20,23]],[[99649,72159],[-7,-28],[-28,40],[8,15],[27,-27]],[[99581,72383],[-4,-81],[-13,-9],[-5,37],[22,53]],[[99674,72722],[-2,-28],[-22,20],[15,20],[9,-12]],[[99907,73243],[6,20],[14,-23],[-20,3]],[[100156,73581],[9,-18],[-12,-9],[3,27]],[[100191,73822],[-3,-29],[-24,0],[27,29]],[[100147,73876],[7,20],[23,-11],[-30,-9]],[[100418,74614],[-7,-21],[-20,18],[3,16],[24,-13]],[[100565,75045],[1,-26],[-25,38],[24,-12]],[[100454,75125],[7,-23],[-15,-3],[8,26]],[[100579,75311],[-23,-4],[15,23],[28,-4],[-20,-15]],[[100640,75611],[-34,-11],[1,25],[33,-14]],[[100385,76020],[1,-33],[-61,75],[60,-42]],[[99344,80843],[-13,-64],[-31,-33],[-8,77],[27,-25],[25,45]],[[71272,75918],[34,49],[6,65],[62,92],[-24,27]],[[71350,76151],[76,231],[42,206],[37,334],[38,28],[14,144]],[[71557,77094],[60,8],[20,-29],[45,20],[23,121],[18,-25],[72,104]],[[71795,77293],[-17,-84],[20,-52],[-6,-48],[13,-9],[13,-96],[-44,-126]],[[71774,76878],[-65,-64],[0,-161]],[[71709,76653],[-52,19],[-4,50],[-61,30],[-48,-50],[-36,-173],[10,-137],[17,-37],[-20,-47],[33,13],[36,-29],[12,44],[14,-81],[-9,-25],[-37,15],[-51,-64],[-35,-147],[20,-32],[79,11],[98,81]],[[71675,76094],[-21,-147],[14,-96],[-99,-422],[1,-192],[-63,-354]],[[71507,74883],[-23,-43]],[[71484,74840],[-51,327],[-44,208],[-24,41],[-16,151],[-77,351]],[[71272,75918],[-16,65]],[[71256,75983],[94,168]],[[71709,76653],[-13,-205],[12,-183],[-26,-78],[-7,-93]],[[71557,77094],[111,390],[11,119],[33,5],[23,56],[8,196],[47,65],[0,31],[33,8],[26,38],[-4,70]],[[71845,78072],[97,-14],[16,37],[19,-36],[24,0],[-40,-72],[38,-13],[30,-44],[-2,-44],[21,-33],[8,-64],[-43,-91],[-28,-5],[-34,-62],[-7,-25],[33,-30],[-3,-22],[-73,17],[-48,-56],[-24,-76],[38,-45],[-34,-25],[-5,-41],[-33,-35]],[[71213,62291],[9,141],[76,341],[-16,214],[47,135],[52,65],[58,-88],[1,-38],[28,29],[40,109],[-15,31],[24,146],[-13,42],[42,185],[-10,112],[10,57],[48,49],[34,79],[12,77],[111,321],[142,27],[7,207],[33,206],[52,149],[22,139],[-8,93],[31,184]],[[72030,65303],[74,43],[103,-34],[21,90],[57,23],[87,-221],[112,485],[38,-97],[74,-28],[28,-101],[38,-64],[146,48],[38,46],[10,53],[39,-31],[27,-101],[20,29],[60,12],[22,39],[45,-45],[49,-1],[32,-43],[64,25],[36,-13],[76,-107],[137,-105],[70,-147],[49,-160],[173,-231],[78,-233],[79,-89],[65,-168]],[[73977,64177],[-147,-400],[-48,-77],[-15,-104],[13,-174],[-9,-165],[59,-42],[53,38],[98,10],[75,52],[37,-15],[15,-43],[50,1]],[[74158,63258],[-74,-213],[-18,-16],[40,-113],[23,-153],[48,-73],[29,-106],[40,-24],[20,-145],[41,-68],[16,-82],[43,-48],[24,1],[121,-206],[996,-634],[333,0]],[[75840,61378],[-518,-939],[-493,-993],[-323,26],[-147,-70],[-136,-121],[-53,-82],[-20,-98],[-23,-37],[-242,-69],[-60,-76],[-12,-58]],[[73813,58861],[-17,-18],[-45,30],[-179,-34],[-132,214],[-305,-261],[-28,-114],[-86,-177],[-23,37],[-42,2],[2,19],[-32,-17],[-51,36],[-57,-8],[-58,30],[-20,38],[0,-17],[-38,9],[-13,26],[-21,-31],[-114,7],[-42,72],[-293,349],[-26,54],[-57,39],[-267,7],[-34,40],[-7,70]],[[71828,59263],[-45,91],[-11,56],[18,290],[-112,71],[-41,-49],[-19,14],[-12,38],[3,48],[-54,69],[-41,151],[-5,124],[-39,117],[-46,274],[-60,42],[-7,86],[-74,56],[-28,53],[-5,65],[-16,-3],[-33,55],[-9,100],[-97,154],[-55,22],[-29,36],[-57,-10],[-19,31],[-59,10],[-14,33],[-9,41],[14,50],[51,91],[-5,40],[13,30],[-15,25],[0,43],[24,59],[128,3],[40,-59],[28,33],[42,9],[47,77],[-7,562]],[[71828,59263],[-46,0],[-1,37],[-13,1],[-13,-57],[-30,19],[-29,101],[16,77],[-58,14],[12,49],[-7,16],[-49,-51],[-6,21],[-193,-136],[-95,-91],[-134,-251]],[[71182,59012],[-162,-294],[-108,8],[-56,77],[-80,-73],[-128,-24],[-61,-70],[-11,-67],[-75,54],[-9,67],[-41,70],[-31,-65],[-54,-36],[-76,74],[-43,12],[-74,-71],[-35,-118]],[[70138,58556],[-1,45],[-30,70],[-18,-27],[-50,-12],[7,52],[-12,108],[-112,55],[-22,92],[-66,90],[2,39],[-48,38],[3,117],[-15,16],[-98,55],[-22,-110],[-29,-67],[-20,0],[-16,-31],[-69,100],[-57,-12],[-20,48],[-20,-14],[-19,-62],[-86,-99],[-26,49],[-41,-4],[-26,60],[-17,-15],[-12,82],[-55,2],[-25,27],[-7,114],[-22,13],[-15,58],[-42,20],[-26,56],[2,37]],[[69008,59546],[-59,118],[-16,104],[15,95],[-15,5],[0,37],[-31,78],[-29,10],[-18,46],[-54,23],[-15,54],[-77,31],[-21,46],[-18,-20],[27,83],[-72,114],[-7,49],[36,118],[-95,111],[-22,104],[-226,218],[-61,139],[38,58],[-16,120],[-67,42],[-65,155],[-107,26],[-27,40],[-33,-16],[-59,45],[-6,76],[38,88],[-13,30],[8,34],[-21,5]],[[67920,61812],[69,97],[60,27],[0,70],[33,111],[7,123],[38,92],[1,187],[60,93],[33,201],[250,83],[22,-43],[4,-107],[35,-36],[30,-85],[26,-18],[148,-299],[152,79],[271,-8],[50,-165],[265,-4],[-5,64],[29,64],[72,87],[117,59],[43,95],[1,90],[132,133],[157,-187],[93,-155],[133,25],[24,18],[143,264],[66,162],[26,114],[162,268],[-27,141],[0,248],[-88,185],[221,2],[-5,134],[158,-4],[-25,-328],[-16,-55],[32,-473],[-14,-65],[81,-59],[178,-295],[16,-80],[3,-120],[-23,-90],[-8,-133],[6,-27],[57,-1]],[[75840,61378],[319,911],[0,1126]],[[76159,63415],[160,60],[52,72],[92,3],[138,78],[56,64],[26,50],[16,86],[26,29],[52,22],[84,-69],[81,-29],[-15,-113],[-42,-92],[-13,-103],[1,-96],[35,-31],[-25,-91],[15,-247],[-18,-14],[-5,-59],[-27,-30],[70,5],[-15,75],[80,-72],[-13,-50],[-35,7],[-10,29],[-50,-11],[-54,-50],[-15,-142],[6,-56],[-32,-242],[8,-129],[-61,-130],[-4,-87],[-65,-116],[-45,-240],[-49,-115],[-22,-100],[-88,-142],[-2,-122],[-77,-266],[-113,-316],[-58,-247],[-1,-123],[-73,-247],[-68,-216],[-148,-358],[-84,-283],[-440,-897],[-200,-367],[-341,-358],[-150,-193],[-205,-344],[-50,-55],[-400,-764],[-35,-105],[-21,-16],[-82,-195],[-31,-16],[0,-35],[-34,-73],[-6,66],[6,-81],[-32,-95],[4,-21],[-19,25],[2,-58],[-100,-272]],[[73696,55307],[-4,78],[-181,439],[-3,1170],[-1,1138],[125,243],[181,486]],[[73696,55307],[-84,-170],[-21,28],[-11,-42],[-26,8],[-32,-41],[-11,24],[9,64],[-20,-107],[-28,69],[17,-143],[22,-32],[-11,-42],[-27,49],[-30,-30],[14,-74],[-55,-89],[-53,7],[-86,-88],[-19,-59],[-4,-107],[9,-34],[14,4],[-23,-53],[-14,-126],[-44,-66],[1,41],[-9,-9],[-33,-185],[-28,32],[6,-43],[20,1],[2,-39],[-27,-139],[-18,-18],[-6,31],[-10,-13],[21,-32],[-13,-43],[-9,-7],[-6,49],[-19,0],[10,-29],[-25,-15],[3,-26],[15,14],[19,-18],[-44,-214],[-11,-5],[-18,-90],[-3,39],[-17,-32],[2,-37],[-32,22],[-37,-52]],[[72916,53440],[-472,640],[-21,80],[-36,9],[-5,63],[38,62],[-18,168],[-599,629],[-614,651],[-31,0]],[[71158,55742],[-4,212],[20,319],[-20,165],[64,149],[-3,47],[24,114],[34,32],[16,65],[30,36],[32,167],[25,6],[7,37],[34,36],[38,14],[-6,98],[64,167],[11,164],[-47,270],[20,81],[-16,72],[-19,4],[-30,159],[-15,18],[-14,-13],[-19,43],[-17,119],[-33,40],[-18,184],[18,31],[2,89],[-34,42],[-20,-16],[-12,46],[-30,-5],[9,13],[-10,17],[19,32],[-40,2],[8,41],[-16,41],[3,50],[-31,82]],[[73536,55086],[30,-6],[4,-33],[-53,-20],[-1,-34],[-12,15],[4,34],[28,44]],[[71510,49121],[-115,-3],[-18,-158],[-68,-203],[45,-334],[17,-400],[32,-104],[74,-15],[73,-118],[254,-592],[5,-142],[14,-7],[-40,-178],[19,-154],[-19,-391],[-90,-81],[-26,30],[-20,-11],[-39,-82],[-10,-124],[-32,-42],[14,-55],[35,-48],[10,-93],[-13,-59],[15,-24],[-8,-92],[-75,12],[-10,46],[30,65],[-3,62],[-37,12],[-33,46],[-127,276],[-33,17],[-13,55],[6,79],[-57,106],[5,60],[52,93],[2,103],[51,115],[-5,151],[12,45],[-28,256],[-52,118],[-78,-34],[-20,-33],[-44,8],[-38,-32],[-28,27],[-25,-70],[-109,254],[-12,85],[-26,29]],[[70924,47592],[-21,56],[-46,-79],[-8,67],[-34,77],[-37,28],[17,41],[-15,40],[-35,32],[50,42],[41,171],[20,34],[-11,53],[16,125],[-22,46],[-2,46],[28,99],[35,18],[14,-23],[28,55],[31,0],[59,111],[-23,23],[-36,-6],[-32,118],[20,230],[-5,112],[-28,19],[5,92],[12,-4],[42,162],[-29,81],[-8,76],[-16,19],[29,41],[60,31],[58,120],[-47,147],[0,69],[-76,105],[20,104],[-7,42],[-42,65],[-14,78],[-25,9],[-6,-46],[-15,28],[-17,-7],[2,79],[-21,14],[-3,45]],[[70830,50477],[18,17],[66,-81],[43,11],[46,-81],[98,24],[59,-84],[14,36],[-3,69],[23,46],[101,-152],[73,-203],[16,-154],[-1,-157],[31,-133],[-27,-165],[7,-54],[33,-63],[17,-89],[40,-19],[26,-124]],[[71420,48853],[23,-25],[-24,-52],[-11,30],[12,47]],[[71376,48867],[22,-5],[-5,-54],[-23,39],[6,20]],[[70830,50477],[-56,44],[-13,33],[-65,17],[-31,72],[-64,6],[-58,53],[-39,-8],[-1,81],[-50,25],[-38,-13],[-39,65],[-5,66],[-62,73],[-31,-23],[-18,27],[-29,-22],[-28,10],[-69,133],[-25,121]],[[70109,51237],[-32,167],[-71,208],[-49,280],[-68,162],[-128,170],[-56,192],[-20,194],[45,187],[-96,491],[27,295]],[[69661,53583],[109,-9],[17,56],[73,64],[103,302],[23,1],[-3,53],[20,95],[68,83],[-11,29],[12,25],[58,53],[6,63],[-18,63],[15,43],[-62,3],[-33,47],[-17,-28],[-24,57],[36,127],[-33,-20],[-3,23],[46,153]],[[70043,54866],[28,2],[12,29],[28,-19],[25,23],[18,164],[-23,40],[3,53],[-10,3],[14,58],[-3,152],[-13,2],[-17,64],[-1,52],[-60,55],[-15,93],[-15,9],[2,55]],[[70016,55701],[55,-4],[46,55],[1041,-10]],[[72916,53440],[9,-45],[-16,-19],[16,-10],[-1,-38],[-17,-52],[0,57],[-18,-43],[8,-58],[-17,-33],[16,9],[4,-30],[-33,-85],[13,0],[-33,-117],[1,-54],[-32,-83],[2,-46],[-21,-66],[-18,-150],[26,-68],[-1,-116],[21,-55],[41,-21],[58,-107],[11,-56],[11,2],[0,-65],[61,-17],[30,-89],[-2,-74],[-17,-37],[-6,17],[-14,-19],[-22,-79],[-14,-1],[9,-39],[-27,-141],[9,-99],[-16,-43],[25,60],[4,-34],[18,1],[16,-33],[-7,-44],[11,-68],[-38,-123],[3,-42],[-19,4],[-4,-26],[8,-123],[18,-52],[-1,-78],[28,-26],[38,-105],[-35,40],[-20,-25],[25,0],[-5,-17],[14,-8],[3,-116],[23,19],[25,-60],[0,-112],[-25,-23],[0,-27],[27,2],[30,-139],[-14,-49],[18,-2],[16,-47],[0,-31],[-16,-4],[13,-28],[-26,-18],[-7,-57],[24,38],[21,-5],[29,-27],[23,-117],[2,56],[10,-1],[38,-23],[-4,-64],[17,10],[20,-26],[11,18],[-23,17],[12,26],[38,-99],[25,2],[-10,27],[11,7],[4,-109]],[[73331,49809],[-143,-211],[-82,-82],[-87,-30],[-79,-110],[-45,16],[-77,-17],[-45,-60],[-35,-8],[-54,-86],[-48,34],[-31,51],[-49,18],[-56,-22],[-24,-27],[-17,-129],[-56,-64],[-48,-23],[-11,-30],[-109,28],[-37,69],[-70,-5],[-28,-64],[-37,-29],[-27,-5],[-17,30],[-98,-12],[-10,76],[-66,48],[-10,43],[-38,13],[-43,-51],[-11,-48],[-29,-21],[-204,20]],[[73151,51586],[-1,-73],[-23,-100],[-65,-45],[-14,25],[35,47],[4,32],[37,19],[-14,9],[24,23],[17,63]],[[73034,52410],[8,-62],[-20,-26],[-22,26],[-9,75],[-4,-45],[-34,84],[-6,-46],[-28,57],[-3,192],[30,46],[11,77],[20,-158],[19,-53],[-5,-86],[28,-2],[0,45],[15,-124]],[[73067,52979],[2,47],[16,-3],[-11,35],[39,30],[-44,30],[32,-9],[-1,28],[-17,15],[11,36],[-16,22],[1,36],[12,6],[-13,20],[2,35],[46,-65],[12,60],[7,-56],[-17,-72],[4,-22],[7,14],[-1,-87],[-20,-96],[-5,15],[-18,-45],[3,15],[-31,11]],[[73100,51362],[19,-7],[-32,-53],[13,60]],[[71845,78072],[-34,172],[6,115],[25,56],[-14,138],[-65,99],[39,107],[-14,64],[24,2],[13,41]],[[71825,78866],[23,6],[8,-37],[51,-29],[13,81],[54,27],[5,146],[26,-17],[71,18],[-44,156],[36,219],[108,-46],[29,-84],[63,24],[68,-15],[259,171],[85,-33],[81,-101],[102,5],[69,-25],[175,50],[314,225],[63,14],[101,-37],[93,7],[176,63],[67,93],[45,-53],[4,-81]],[[73970,79613],[6,-30],[-177,-279],[-153,-63],[-36,-101],[-13,-185],[39,-147],[3,-107],[-34,-100],[-20,-158],[1,-282],[-79,-245],[-92,-44],[-637,-601]],[[72778,77271],[-655,-663],[-139,42],[-70,92],[-37,-6],[-21,86],[-20,23],[-62,33]],[[74158,63258],[106,307]],[[74264,63565],[15,-17],[-2,24],[59,-93],[10,19],[6,-108],[17,-21],[34,-117],[87,-166],[142,-194],[79,-19],[55,28],[70,-8],[119,155],[56,14],[94,121],[28,-34],[82,-33],[45,13],[33,-52],[37,-10],[71,38],[248,270],[39,1],[62,-53],[140,22],[71,87],[59,27],[45,7],[94,-51]],[[41711,57827],[27,8],[13,48],[39,42],[69,232],[-3,165],[-11,6],[69,206],[3,105],[-18,7],[-25,97],[-21,16],[-55,142],[5,69],[-23,25],[-15,183],[5,141],[-14,29],[10,168],[46,127],[46,76]],[[41858,59719],[37,56],[39,193],[44,-9],[105,-99],[96,-44],[-21,36],[102,-73],[187,-294],[4,-49],[22,34],[15,-12],[7,-24],[-28,-105],[36,94],[69,-114],[25,-150],[-32,-75],[37,36],[9,166],[15,5],[21,-32],[21,-125],[16,-18],[-8,-43],[21,-103],[-11,-70]],[[42686,58900],[-33,-37],[-18,-71],[-51,-102],[-79,-279],[-43,-67],[-18,-160],[-55,-165],[8,-29],[-13,-52],[-33,-82],[-57,-62],[-18,-49],[-117,0],[11,34],[-37,62],[-62,-64],[-70,38],[-7,38],[-56,-62],[-11,-38],[-37,-16],[-20,-45],[-17,31],[-42,-4],[-54,37],[-23,54],[-23,17]],[[60718,88367],[29,-79],[-7,-72],[66,-77],[33,-17],[28,39],[53,13],[34,-52],[13,-106],[112,-32],[30,-111],[19,30],[83,-2],[40,-54],[24,1],[-24,-82],[19,0],[10,-42],[-27,-54],[101,-26],[70,32],[12,63],[45,48],[18,-24],[-29,-103],[26,-28],[-1,-80],[38,7],[66,-69],[30,3],[12,-49],[35,-7],[18,-65],[111,24]],[[61805,87396],[57,-60],[77,36],[51,-27]],[[61990,87345],[55,-19],[71,-169],[32,-5],[4,39],[27,-2],[32,-16],[11,-46],[12,22],[65,-24],[45,40],[75,-82],[99,-2],[89,-47],[-37,-95],[-93,-120],[-20,-172],[-57,-142],[14,-90],[-36,-165],[25,-77]],[[62403,86173],[-69,-96],[-47,-9],[-23,17],[4,28],[-69,0],[6,-23],[-42,-61],[46,9],[11,-25],[-124,-193],[-74,-48],[-4,-115],[-104,-111],[9,-20],[-30,-83],[27,-30],[-15,-78],[-44,-22],[0,-51],[50,6],[58,63],[-23,47],[29,50],[82,39],[72,-17],[-4,-53],[25,-48],[-20,-73],[34,-25],[-6,-39],[21,-1],[36,-77]],[[62215,85134],[-24,-42],[-50,-20],[-6,-31],[11,-50],[49,-35],[7,-82],[59,-62],[-23,-55],[6,-40],[-88,-81],[-36,17],[-45,-34],[41,-56],[7,-66],[86,-50],[17,-90],[-32,-1],[-41,-93],[27,-62],[-16,-46],[35,-71],[122,-79],[105,33],[11,-68],[-70,-126],[8,-46]],[[62375,83798],[-22,-31]],[[62353,83767],[-10,13],[-14,-26]],[[62329,83754],[-54,-49],[-17,7],[-9,-67],[-54,-5],[-23,-70],[-54,-13],[-4,-36],[-42,-51],[34,3],[-11,-52],[-86,-27],[-9,-35],[-61,11],[-13,-47],[-22,1],[14,22],[-34,5],[-29,35],[-20,-9],[24,-25],[-32,-22],[-61,84],[-20,-12],[-29,33],[-59,2],[7,34],[-25,53],[-86,-12],[-3,46],[49,12],[18,33],[-29,3],[-37,46],[7,-81],[-61,-5],[11,-34],[-15,-16],[-32,50],[-21,98],[16,-98],[26,-47],[-76,8],[-5,44],[-22,16],[-110,5],[-25,55],[-51,-7],[-146,-162],[-65,-12],[-68,-98],[-25,-102],[1,-197],[3,-46],[29,-19],[14,-58]],[[60937,82946],[-82,24],[-81,-40],[-17,-21],[8,-21],[-49,-9],[-79,65],[-47,-8],[-43,-43],[-27,56],[-73,41]],[[60447,82990],[19,38],[-14,29],[-60,25],[-38,-34]],[[60354,83048],[-28,71],[-64,-1],[-21,40],[-121,47],[-23,-5],[-4,-96],[-78,-1],[-18,22],[-26,-31],[-36,36],[-69,-25],[-27,19],[-14,50],[-24,-6],[-29,35],[-82,-44],[-57,71],[-7,38],[-61,1],[-69,36],[-47,31],[2,34],[-21,-10],[-5,-37],[-31,7],[-10,23],[28,101],[-52,26],[-21,-24],[-11,32],[-30,-4],[-16,59]],[[59282,83543],[44,9],[62,113],[73,611],[23,69],[47,2],[-42,68],[-29,-94],[40,540],[18,50],[106,-152],[17,-120],[49,-86],[11,-64],[-1,51],[-19,30],[34,-17],[-54,63],[-47,237],[-96,115],[-54,31],[6,52],[22,9],[59,-56],[-55,94],[26,23],[-13,71],[21,13],[-54,85],[33,80],[-22,15],[-21,-26],[-43,44],[-26,-7],[-11,40],[-48,15],[-54,63],[-2,-24],[-38,124],[-70,80],[-3,46],[46,89],[-13,36],[-71,31],[26,16],[1,65],[49,18],[95,-56],[-94,68],[-46,-4],[-43,-42],[-88,34],[36,4],[-40,48],[54,25],[-34,43],[44,9],[-86,5],[15,25],[-35,-31],[-49,-1],[-27,35],[56,-5],[18,34],[-6,24],[-1,-26],[-27,26],[-43,-30],[-19,43],[12,-65],[-24,29],[-21,-19],[-16,14],[13,-75],[-16,0],[-3,75],[-20,26],[28,58],[-25,9],[11,-23],[-22,-34],[-44,26],[25,-4],[-25,12],[25,48],[-54,-52],[-28,48],[-107,13],[-37,62],[-25,-28],[-32,43],[7,-35],[-24,4],[0,-39],[-62,-3],[8,35],[-29,70],[-33,32],[-65,9],[9,21],[138,26],[-5,50],[-26,23],[-35,6],[-24,-41],[3,48],[-26,21],[26,38],[11,-32],[109,7],[-46,9],[19,26],[-62,-18],[55,61],[-103,-51],[-56,-3],[1,109],[14,30],[48,0],[-10,22],[26,-1],[-11,18],[73,31],[12,-24],[38,6],[7,25],[36,-4],[30,30],[6,-47],[21,13],[14,-30],[14,65],[74,-32],[2,32],[17,4],[-17,32],[22,32],[39,-22],[56,41],[3,-49],[43,48],[-12,-70],[20,40],[19,-1],[-11,-21],[36,-13],[-4,-21],[88,-141],[65,89],[33,0],[24,30],[11,-18],[-16,-25],[26,13],[13,-43],[53,43],[24,-86],[9,38],[-25,43],[28,35],[34,8],[-6,-44],[22,-16],[146,17],[-66,65],[-16,64],[31,116],[-28,-3],[-6,117],[21,6],[-25,-4],[-25,86],[-39,17],[-23,92],[15,56],[-35,36],[3,29],[110,-46],[65,38],[49,-10],[12,-44],[-27,-42],[44,-89],[-2,-37],[19,-7],[17,32],[44,-3],[176,-31],[64,-39],[77,34],[50,51],[83,23],[27,26],[-51,-23],[-87,37],[36,117],[136,97],[208,76],[78,90],[22,57],[50,-13],[-43,53],[3,45],[20,13],[-19,22],[19,89],[-10,201],[113,80],[200,57]],[[39650,65428],[-20,-34],[0,42],[-66,-6],[-13,32],[37,30],[-7,30],[-25,-4],[-22,38],[-20,112],[27,19],[45,-41],[14,-38],[27,17],[-18,-17],[9,-30],[-11,-22],[17,-4],[19,-51],[7,-73]],[[39522,66348],[-27,-36],[-19,36],[21,49],[25,-49]],[[39403,66570],[-5,-158],[-43,-53],[-24,87],[-10,140],[20,34],[51,-59],[11,9]],[[39411,66602],[11,23],[-13,47],[24,40],[17,-25],[15,-78],[67,-60],[-106,-29],[-22,32],[7,50]],[[78437,43152],[23,-34],[-15,-116],[-78,-16],[-75,61],[-42,151],[21,74],[40,30],[57,-7],[39,-38],[30,-105]],[[74936,48376],[7,12],[0,-38],[-7,26]],[[74916,48401],[8,-23],[-13,-36],[9,-22],[-9,-73],[-30,-9],[-11,53],[24,-4],[-31,129],[16,32],[16,-42],[21,-5]],[[62728,82806],[-5,21],[46,19],[-27,24],[2,26],[-20,-8],[-1,24],[37,33],[16,93],[26,-11],[6,28],[82,35],[22,44],[40,-6],[18,-30],[17,47],[-12,56],[13,103],[25,9],[21,-116],[-14,-120],[29,-49],[10,-261],[-52,-121],[0,-154],[-19,-55],[-18,4],[-4,-17],[24,-11],[-47,-83],[0,-26],[13,13],[-9,-35],[-42,20],[-5,49],[-48,4],[-48,46],[3,48],[40,35],[-89,35],[43,46],[-11,14],[18,38],[-13,17],[-50,-21],[-10,43],[53,55],[-62,61],[2,34]],[[59473,85146],[15,-29],[-11,-53],[-65,150],[52,-32],[9,-36]],[[59453,85279],[-92,59],[83,-28],[9,-31]],[[59101,85639],[23,-22],[-34,5],[11,17]],[[59147,85798],[19,-47],[-51,77],[32,-6],[0,-24]],[[58843,86015],[16,-19],[-52,7],[-13,44],[49,-32]],[[41711,57827],[-30,-1],[-6,83],[-53,-7],[-32,60],[6,42],[-54,-53],[-5,23],[-38,-40],[-23,13],[-26,-55],[-70,2],[-38,-23],[-82,83],[-14,-82],[-13,-32],[-18,1],[-14,-58],[25,-10],[51,-119],[-1,-103],[-33,-33],[-153,68]],[[41090,57586],[-33,47],[-42,8],[-75,228],[-6,76],[-17,-1],[-30,163],[-15,-2],[3,35],[-25,12],[-6,39],[12,23],[-17,16],[10,36],[-9,71],[-18,1],[-7,158],[-20,-18],[-19,13],[-17,-30],[-60,32],[4,79],[-62,91],[-15,94],[-55,132],[-8,94],[37,79],[0,70],[39,151],[-27,112],[25,62],[23,-2],[29,50],[65,-9],[70,22],[-14,27],[11,63],[19,-18],[16,26],[-18,54],[-14,-28],[-3,52],[-15,6],[29,105]],[[40835,59805],[28,45],[20,206],[12,40],[37,39],[99,-20],[240,-110],[13,-26],[0,-54],[5,41],[-11,50],[5,13],[-17,24],[28,56],[177,-5],[34,-37],[28,3],[15,-26],[-9,-29],[15,39],[74,-17],[-80,33],[-13,41],[123,7],[250,-97],[12,-53],[-25,-146],[-37,-103]],[[41090,57586],[-31,-23],[-22,20],[-55,-40],[-68,28],[-31,65],[-45,-46],[-27,18],[-37,-48],[-43,-120],[-66,3],[-54,-45],[-21,10],[-14,-88],[-41,1],[-13,30],[-24,-4],[-20,25],[-22,-69],[-42,-32],[11,-66],[-13,-42],[-59,9],[-40,-59],[-27,19],[-23,58],[-97,49],[-27,85],[-26,20],[-38,92],[-49,34],[11,52],[-37,14],[5,251],[-53,60],[-33,210],[11,218],[49,197],[-14,141],[59,68],[52,156],[-22,19],[-23,69],[6,34],[-31,43],[18,112],[-41,53],[-117,38],[43,124],[16,208],[-49,117],[-15,-11],[-13,26],[-39,-46],[-29,8],[-10,-21],[-97,18]],[[39673,59628],[-218,465],[42,102],[49,49],[2,49],[-15,49],[7,62],[-24,75],[27,97],[66,10],[8,52],[69,-30],[21,44],[87,63],[24,73],[2,42],[-24,32],[-35,10],[-24,-40],[-27,42],[-5,37],[14,50],[-43,122],[43,68],[25,112],[51,7],[47,88],[67,49],[25,99],[42,28],[5,26],[-69,170]],[[39912,61730],[61,-119],[98,-87],[37,-62],[-20,44],[-89,97],[-6,32],[13,-2],[211,-244],[90,-173],[32,-94],[-1,27],[20,-17],[64,-143],[8,-40],[-7,-188],[-27,-65],[-15,-249],[-22,-84],[29,26],[8,137],[35,116],[21,39],[29,5],[47,-49],[55,-14],[135,-228],[23,-101],[21,45],[86,-117],[24,-168],[-16,-95],[8,-58],[-29,-96]],[[40459,60736],[15,-4],[-43,-51],[5,37],[23,18]],[[102581,80561],[89,-300],[144,-292],[121,-380],[15,-214],[-17,-71],[6,-131],[-18,-53],[14,-142],[-16,-35],[24,-30],[34,56],[11,-41],[-48,-239],[4,-76],[-14,-26],[-13,38],[-5,-112],[-30,-24],[-25,-101],[-25,-3],[-6,-36],[-12,18],[-22,-47],[-14,3],[0,54],[-13,-35],[-7,25],[-5,-25],[-60,9],[-2,30],[-5,-17],[-21,17],[-5,44],[-8,-22],[25,-74],[-47,27],[-41,-34],[-6,-27],[39,28],[4,-26],[-27,-17],[5,-57],[13,0],[-20,-34],[-29,33],[3,36],[-11,-25],[-26,19],[-6,-29],[-50,25],[5,95],[-23,-31],[2,-26],[-18,-8],[-9,25],[-12,-45],[-57,27],[-19,-52],[-23,25],[-6,-21],[27,-64],[40,24],[-11,-78],[-29,4],[-10,-21],[5,-50],[-26,27],[7,53],[-22,91],[-11,-32],[-40,-10],[21,-15],[-23,-25],[48,-106],[-51,-3],[30,-29],[-37,-41],[5,-19],[-40,64],[-14,-21],[-19,17],[30,61],[-7,-39],[18,5],[9,76],[14,-33],[14,29],[-37,43],[-16,-47],[-63,-50],[-37,-122],[-29,21],[-11,85],[-17,-96],[-31,-23],[-10,-60],[-23,-5],[-2,31],[-16,4],[12,41],[-17,37],[26,25],[-1,31],[-50,-18],[-31,35],[9,12],[-18,39],[12,51],[25,-94],[31,0],[-19,32],[-10,-11],[-3,47],[23,-3],[30,-52],[-6,17],[35,-13],[-39,56],[-48,19],[32,19],[25,-21],[3,31],[41,8],[-30,8],[-3,50],[-18,-74],[-9,19],[-37,-14],[20,119],[-21,-8],[-3,-25],[-16,6],[-4,22],[24,28],[-18,41],[-11,-19],[-11,44],[20,-4],[9,25],[1,-38],[27,-48],[9,51],[-27,46],[-3,41],[-18,-4],[23,12],[11,74],[16,-16],[-14,31],[25,82],[50,30],[17,-24],[-8,34],[-52,-8],[-15,40],[65,96],[39,-21],[-26,55],[45,29],[-75,-2],[-1,25],[-28,6],[-1,19],[74,12],[42,45],[-59,-39],[-35,82],[-32,0],[13,27],[24,-1],[-23,30],[16,47],[-23,17],[23,20],[-28,42],[40,33],[-40,-16],[5,51],[-18,41],[20,20],[-13,75],[-19,-88],[-19,14],[-8,70],[-13,-26],[13,-56],[-15,-17],[-7,86],[-33,-29],[-6,18],[18,16],[-18,21],[-9,-36],[-1,36],[12,35],[16,-22],[-7,17],[16,5],[-14,4],[-2,39],[28,-7],[11,58],[-9,-102],[25,-10],[-9,37],[25,6],[-9,13],[14,28],[-22,21],[0,28],[30,2],[13,-102],[12,67],[21,-31],[-30,62],[27,-12],[-24,48],[42,-37],[1,-53],[17,52],[38,-24],[-5,-40],[16,12],[7,-98],[4,47],[14,-5],[-15,30],[43,31],[17,39],[-19,-1],[-12,-34],[-24,14],[-16,34],[28,8],[-6,51],[-14,-37],[-33,21],[9,39],[31,27],[-23,6],[-33,-38],[1,25],[-12,-2],[16,32],[-15,31],[32,-5],[4,-21],[13,34],[17,-4],[-60,40],[9,32],[-34,-2],[-7,58],[17,20],[-15,1],[-23,155],[39,7],[4,-58],[32,-22],[-26,31],[7,89],[-11,-1]],[[102016,80062],[0,69],[32,26],[70,150],[39,42],[95,21],[221,-9],[62,59],[18,116],[28,25]],[[101929,79205],[9,-32],[-23,2],[-16,107],[15,17],[15,-94]],[[101893,80046],[15,-6],[-8,-19],[-31,-1],[7,32],[17,-6]],[[102109,77338],[-35,-105],[-78,-44],[-91,-1],[-21,-26],[-33,45],[3,45],[30,59],[72,54],[102,27],[51,-54]],[[102185,77968],[20,-2],[-2,-32],[-37,5],[19,29]],[[101921,77977],[-12,-56],[-12,9],[-33,-41],[-22,-2],[3,21],[-16,9],[41,78],[14,-3],[-7,33],[34,-18],[10,-30]],[[102387,78094],[5,-66],[-20,28],[16,59],[-1,-21]],[[101791,78112],[-2,-33],[-20,6],[22,27]],[[101797,78154],[-37,-35],[5,32],[32,3]],[[101813,78237],[8,-27],[-31,-5],[23,32]],[[102483,78175],[-5,-73],[-27,1],[-12,42],[-15,-34],[-21,98],[24,44],[12,-16],[-6,-49],[50,-13]],[[102709,78209],[-3,-49],[-18,11],[-10,-32],[12,-13],[-36,-20],[11,13],[-19,35],[15,34],[-25,-17],[-14,38],[28,26],[24,-12],[-11,40],[27,19],[3,30],[4,-98],[12,-5]],[[101831,78323],[-18,6],[4,26],[32,26],[-18,-58]],[[101982,79866],[6,-15],[-46,-44],[-26,14],[-2,19],[47,36],[21,-10]],[[103426,79886],[-3,-52],[-23,5],[-4,32],[30,15]],[[101913,79979],[4,-23],[-29,26],[11,29],[14,-32]],[[101963,79918],[-46,21],[16,13],[-17,47],[14,59],[36,-34],[9,-85],[-12,-21]],[[101373,80158],[-16,-38],[-24,16],[4,22],[36,0]],[[102304,77947],[-12,-23],[-14,35],[26,-12]],[[101828,78039],[-22,-40],[15,29],[-7,26],[14,-15]],[[101610,78096],[-16,-35],[5,37],[11,-2]],[[101852,78124],[0,-18],[-21,8],[-14,33],[35,-23]],[[101850,78161],[-7,-19],[-18,16],[25,3]],[[101821,78180],[-4,17],[26,17],[-10,-46],[-12,12]],[[102484,78194],[-36,9],[18,36],[-2,-30],[11,15],[9,-30]],[[101854,78321],[-2,-15],[-15,15],[17,0]],[[102740,78305],[-5,-19],[-8,40],[13,-21]],[[101828,79687],[1,24],[18,-22],[-19,-2]],[[101999,79704],[-25,-36],[1,54],[24,-18]],[[101994,77770],[-31,-18],[9,25],[22,-7]],[[102018,77761],[-6,-23],[-3,50],[9,-27]],[[102097,77789],[1,-26],[-20,1],[5,31],[14,-6]],[[101998,77801],[-9,-26],[-12,10],[4,27],[17,-11]],[[101824,77858],[-7,-19],[-15,11],[22,8]],[[102078,77858],[-32,17],[45,3],[-13,-20]],[[102157,77881],[-17,-20],[-16,27],[11,16],[22,-23]],[[102048,77858],[-10,-12],[-27,25],[1,41],[18,-1],[18,-53]],[[102048,77905],[20,35],[12,-25],[-28,-28],[-4,18]],[[102588,78178],[17,0],[-5,-35],[-30,39],[18,-4]],[[102539,78188],[0,-24],[-11,12],[11,12]],[[101908,78206],[0,-26],[-37,20],[22,39],[15,-33]],[[101872,78321],[-23,34],[24,-2],[8,-47],[-9,15]],[[102016,80062],[-30,-31],[-66,70],[-73,-38],[0,-60],[-16,5],[-18,81],[-14,-10],[-18,36],[9,-56],[-22,14],[-40,93],[-68,24],[0,-25],[48,-42],[-18,-16],[-19,16],[-3,-100],[-31,19],[-60,-75],[6,53],[27,9],[-19,13],[45,14],[-15,25],[10,23],[-28,11],[-14,-13],[21,-30],[-32,13],[9,-13],[-23,-21],[-23,8],[23,35],[-16,34],[-28,-41],[-65,36],[27,34],[38,-6],[-23,41],[32,9],[15,-18],[6,36],[-42,12],[-42,-22],[-43,44],[-30,-22],[-39,11],[60,70],[21,-23],[24,23],[-40,19],[3,55],[45,96],[-11,59],[48,-7],[-1,53],[11,-21],[7,24],[41,-9],[54,32],[19,-34],[8,17],[37,-31],[-69,92],[-10,-30],[-39,3],[-8,-19],[-12,56],[-18,-34],[-17,40],[21,115],[24,59],[21,2],[-17,3],[1,40],[19,10],[0,28],[22,0],[12,61],[-14,34],[18,13],[-34,8],[9,26],[-13,-4],[34,94],[-53,-39],[-20,44],[-36,-16],[-124,136],[-1,-87],[-35,-34],[3,67],[-20,17],[-7,56],[-49,7],[-32,55],[28,72],[31,-3],[-30,8],[-13,39]],[[103302,83008],[56,-148]],[[103358,82860],[-34,-20],[-29,46],[-35,-7],[-2,-52],[-11,9],[-20,-46],[-4,34],[-31,-40],[-14,-63],[-29,4],[-36,-113],[-22,3],[-15,-87],[-26,-3],[-28,-69],[-10,-116],[48,-55],[-31,-159],[18,-112],[-16,-69],[-49,4],[-73,-59],[-16,-45],[-23,20],[-52,-146],[-147,-100],[10,-70],[-100,-66],[-12,-43],[-22,31],[-9,-30],[-27,-8],[-49,18],[-33,-38],[-11,-57],[-31,-5],[-39,-49],[-14,15],[-36,-58],[-1,-56],[21,-34],[-18,-53],[14,-122],[-13,0],[6,35],[-15,39],[-39,-34],[31,-20],[-27,-3],[1,-88],[122,-53],[84,-162],[26,-9],[40,-73],[24,17],[27,-82]],[[101437,81175],[3,-34],[-39,-34],[21,73],[15,-5]],[[101423,80501],[7,-21],[-38,14],[18,24],[13,-17]],[[101358,81138],[-31,-5],[26,21],[5,-16]],[[54220,69801],[30,305],[71,215],[62,25],[18,39],[13,84],[24,45],[22,198],[42,59],[1,56],[-17,7],[146,435],[-1,77],[-73,-167],[19,81],[32,80],[74,78],[138,276],[63,60],[40,89],[20,134],[5,258],[66,284],[34,87],[10,138],[26,73],[37,26],[40,77],[85,48],[121,155],[129,586],[42,47],[31,106],[297,101],[191,148],[141,267],[163,149],[108,194],[65,188],[77,150],[55,180],[15,174],[-30,86],[-63,66],[26,112],[-12,185],[14,139],[-14,37],[60,206],[100,185],[30,106],[6,238],[130,191],[113,243],[25,-3],[56,79],[251,152],[41,59],[160,136],[122,296],[89,290],[121,564],[109,26],[67,64]],[[58083,78870],[19,-48]],[[58102,78822],[31,-165],[61,-104],[85,-99],[60,-34],[94,-35],[142,73],[5,-33],[39,-3],[29,51],[36,-36],[77,-24],[94,58],[36,100],[7,-73]],[[58898,78498],[-5,-28],[17,-5]],[[58910,78465],[3,-65],[16,-27],[36,-9],[-44,81],[71,-86],[50,-6],[33,31],[65,-37]],[[59140,78347],[9,-54],[59,-48],[12,-38],[70,-78],[-33,-91],[55,-73],[-35,-67],[47,-184],[-17,-113],[5,-85],[-14,-38],[43,-92],[-22,-116],[3,-83],[58,-111],[-1,-53],[-19,-26],[46,-120],[130,-155],[-71,-86],[-22,-119],[38,-13],[-5,-36],[-434,27],[-121,-35],[-20,-17],[37,-160],[-276,-91],[-5,-162],[-47,-33],[-9,-105],[10,-17],[27,21],[35,-56],[23,-82],[-34,-74],[4,-79],[-62,-53],[-107,-26],[-73,-48],[-83,-140],[-84,-66],[-100,-127],[-121,-284],[-32,-18],[-28,18],[-12,57],[-218,-31],[-96,-31],[-28,-43],[-58,39],[-63,0],[-67,-79],[-101,-4],[-337,-416],[-5,-658]],[[56991,73695],[-46,-2],[22,-293],[-13,-44],[-206,-20],[-107,-143],[-28,-7],[-71,38],[-73,-31],[-100,81],[-68,19],[-55,-6],[-157,-80],[26,-87],[-7,-69],[-58,-103],[-69,-229],[-104,-46],[-10,-25],[-83,-551],[-40,-176],[-186,-225],[-107,-307],[-153,-119],[-40,-62],[-43,-176],[-27,-194],[-40,-495],[-136,-282],[7,-69],[-47,-156],[-30,-32],[-43,-6],[-356,38],[-229,-19],[-95,-31]],[[54219,69786],[1,15]],[[56991,73695],[0,-236]],[[56991,73459],[-2,-805],[-1107,-3],[-1,-1587],[-112,-87],[-88,-32],[-132,-159],[-45,-124],[19,-203],[26,-728],[-661,0],[-651,0],[-39,-268],[7,-87]],[[54205,69376],[-16,60],[30,350]],[[32036,63219],[4,1]],[[32040,63220],[7,-1]],[[32047,63219],[28,-80],[-1,-20],[-13,51],[5,-70],[-10,-15],[16,16],[0,-16],[5,29],[36,-171],[87,-229],[40,-80],[19,2],[50,-141],[23,-20],[7,-47],[50,-24],[21,-37]],[[32410,62367],[4,-23],[-13,6],[-10,-40],[-72,73],[-11,-26],[11,-42],[-31,-23],[0,-248],[13,8],[60,-95],[-52,-57],[-15,-46],[27,-98],[-2,-84],[-68,-87],[36,-49],[19,-92],[-4,-42]],[[32302,61402],[-23,117],[-61,92],[19,49],[-15,42],[12,21],[-21,10],[-4,34],[8,-25],[10,12],[-16,25],[-23,-8],[-47,73],[-33,-17],[25,-78],[40,-29],[0,-104],[-40,35],[-56,8],[-54,92],[9,49],[45,74],[-23,-4],[20,40],[-11,28],[14,-8],[-18,21],[8,34],[-10,49],[-94,157],[-87,65],[-10,42],[-109,35],[-27,36],[-20,45],[14,83],[-30,63],[-3,52],[-39,0],[21,13],[-36,17],[-64,99],[-35,-2],[-31,71],[17,-113],[28,-42],[-11,0],[75,-56],[16,-21],[-7,-47],[23,-5],[-32,-64],[-16,11],[4,-26],[-22,-24],[-16,-69],[-63,159],[-121,57],[-40,120],[-30,165],[33,58],[-11,42],[36,22],[23,45],[-7,15],[-16,-21],[11,105],[-93,70],[29,22],[-6,13],[20,0],[7,-26],[5,20],[23,-6],[5,35],[-16,25],[26,10],[-12,26]],[[31369,63310],[35,81],[229,-170],[77,82],[80,-74],[27,27],[15,-47],[34,-37],[-6,-26],[12,-24],[60,5],[31,-47],[85,58],[-12,81]],[[31559,62695],[11,-10],[-20,-4],[-13,26],[22,-12]],[[31369,63310],[-28,19],[-47,125],[-189,281],[-92,274],[-132,159],[24,-11],[-82,116],[-40,105],[-19,19],[10,-28],[-65,92],[34,104],[50,-102],[48,-2],[-30,12],[22,27]],[[30833,64500],[93,-1],[37,67],[4,96],[26,34],[28,-21],[12,16],[-20,231],[8,64],[69,16],[67,-16],[73,169],[33,18],[-2,-37],[33,-53],[62,-55],[5,88],[66,54],[69,144],[50,26],[4,24],[-16,29],[20,99],[20,-13],[19,28],[-8,46],[50,97],[37,2],[31,-91],[57,-9],[15,-26],[40,60],[8,-25],[24,2],[1,50],[32,-27],[24,13],[-6,36],[63,-19],[0,26],[18,-17],[23,17],[-7,13],[39,8],[4,31],[25,-9],[36,87],[16,-18],[23,30],[42,-30],[45,9]],[[32225,65763],[-21,-15],[-34,-106],[-11,-8],[0,25],[14,-4],[-12,56],[-34,-69],[29,-46],[-6,25],[19,0],[37,-265],[-81,-245],[-43,-339],[-3,-108],[20,-213],[-11,-202],[20,-103],[-52,-19],[12,25],[-12,87],[16,-3],[11,48],[-3,111],[-27,-17],[19,-97],[-62,-61],[33,-159],[9,46],[11,-3],[-23,-132],[5,-94],[-18,54],[9,38],[-27,26],[22,-32],[-9,-46],[-21,5],[14,-15],[0,-56],[-25,-47],[23,-42],[22,29],[16,-145],[-36,-39],[-11,-71],[-23,-32],[-2,-74],[18,-115],[39,-97]],[[32040,63220],[7,-1]],[[32346,65398],[12,-1],[-1,-27],[-25,-2],[14,30]],[[66075,58547],[-4,-218],[-28,-40],[-45,-220],[-54,-132],[-53,-215],[0,-381],[-39,-238],[-29,-97],[26,-400],[-31,-85],[-45,-274],[11,-205],[-147,-308],[-95,-52],[-63,-107],[-106,-388],[-107,-184],[-6,-76],[17,-208],[-17,-155],[17,-270],[-105,-378],[-126,-88],[-24,-98],[-85,-78],[-36,-101],[-55,-92],[-33,-105],[-53,-53],[-51,36],[-39,-28],[3,116],[-20,89],[40,81],[-26,48],[-2,48],[-122,-87],[-25,-52],[-26,6],[-19,39],[-32,-16],[0,-146],[-41,-59],[-36,3],[-30,-69],[-11,56],[-59,69],[-23,68],[-13,-37]],[[64228,53466],[-68,140],[-36,13],[-46,-105],[-78,-29],[-22,-108],[-29,-16],[-14,25],[-21,-94],[-40,-66]],[[63874,53226],[-63,147],[10,20],[-24,53],[14,19],[-4,38],[-135,223],[-15,68],[-81,110]],[[63576,53904],[33,150],[67,69],[23,49],[29,-23],[39,-96],[50,-8],[22,43],[-26,45],[39,168],[-85,82],[6,76],[24,28],[-47,108],[-35,-21],[31,147],[-19,189],[63,-53],[60,54],[42,-54],[132,53],[13,147],[-20,31],[-4,102],[20,-26],[12,39],[36,23],[58,-58],[34,-173],[13,8],[20,-59],[-13,-60],[19,21],[144,-64],[48,75],[47,140],[54,-164],[-20,-67],[81,-20],[18,68],[30,22],[-29,81],[29,57],[2,95],[55,56],[1,99],[14,30],[-28,47],[32,40],[-8,28],[17,59],[-21,49],[13,67],[-24,135],[21,95],[11,160],[-56,98],[-54,-6],[-21,111],[-58,25],[-13,-17],[-17,37],[30,95],[4,47],[-13,14],[-8,96],[25,96],[38,53],[6,65],[51,2],[33,50],[46,183],[-62,135],[-10,126],[-36,38],[-31,-9],[-16,23],[-69,13],[-13,-38],[-38,-10],[-33,-47],[-55,7],[-42,-45],[-33,22],[33,50],[-4,57],[-36,103],[20,148],[-9,44],[14,59],[25,32],[5,73]],[[64302,57723],[341,6],[37,-24],[38,22],[5,26],[25,-44],[37,-16],[6,-30],[25,7],[5,25],[17,-36],[-5,-33],[30,17],[31,-34],[25,39],[21,-1],[41,-74],[49,34],[74,-27],[61,-87],[41,-14],[19,-73],[29,50],[-31,153],[7,107],[37,54]],[[65267,57770],[94,376],[-11,76],[15,69],[-9,56],[34,192],[24,41],[65,-4],[11,24],[47,-14],[84,55],[24,-5],[42,56],[42,-47],[69,-10],[16,-48],[80,14],[33,-53],[23,61],[43,-1],[31,36],[33,-89],[18,-8]],[[66075,58547],[-11,146],[18,211],[-35,176],[12,28],[25,-9],[33,27],[110,318],[38,26],[78,116],[46,12],[85,-36],[22,-59],[38,-18],[111,-127],[39,-94],[-1,-58],[42,-71],[97,24],[68,-36],[45,-65],[26,26],[83,-56],[32,31],[34,0],[44,-33],[44,2],[100,-72],[40,3],[29,36],[35,114],[-7,63],[32,11],[11,86],[21,60],[23,-9],[14,71],[27,6],[13,-52],[27,-24],[23,16],[32,-64],[50,-28],[11,43],[47,47],[76,54],[44,-2],[1,31],[46,33],[21,-11],[19,34],[16,-17],[13,46],[33,21],[-12,17],[12,37],[11,-35],[10,26],[18,-13],[52,-82],[-5,-17],[25,-7],[76,46],[39,-25],[18,42],[59,8],[14,69],[-14,27],[19,79],[59,40],[123,-128],[20,36],[18,-24],[34,43],[23,-12],[9,-35],[55,-21],[37,-64],[79,29],[43,-35],[31,71],[37,33],[123,-83]],[[70138,58556],[19,18],[7,-66],[-38,-105],[-20,-120],[34,-77],[3,-49],[-40,-163],[-8,-93],[32,-7],[22,-64],[32,46],[29,-72],[41,8],[4,-51],[30,-43],[-3,-31],[-82,-204],[-114,-174],[-68,-164],[-80,-64],[-6,-74],[-22,-68],[-69,-53],[-2,-204],[-34,-88],[-14,-121],[-12,4],[-19,-62],[-31,-587],[-18,-40],[7,-288]],[[69718,55500],[-46,-74],[-32,-6],[-32,-78],[-38,-127],[1,-222],[-89,-122],[8,-163],[41,-42]],[[69531,54666],[-7,-59],[18,-8],[14,-62],[48,-76],[-6,-534],[41,-121],[22,-223]],[[70109,51237],[-620,-181],[16,-67],[-14,-110],[-98,-207],[-82,-110],[54,-66],[19,-101],[15,-3],[-11,-12],[16,-96],[22,-47],[-24,-87],[1,-108],[-20,-73],[18,-36],[4,-152],[21,-78],[-48,-120],[-26,-152],[-1,-92],[-11,-77],[-28,-62],[1,-54],[49,-213],[81,-75],[65,-133],[30,-109],[73,8],[81,-54],[8,38],[-25,36],[9,58],[34,34],[18,-18],[56,39],[-6,-815],[-54,21],[-6,30],[23,58],[-32,35],[-130,-132],[-20,33],[-43,-8],[-30,147],[-17,15],[-48,155],[-29,32],[-26,-29],[-23,93],[13,43],[-30,92],[-33,50],[-46,25],[-18,-17],[-14,32],[-43,6],[-8,41],[-26,25],[-33,-26],[-40,7],[-39,71],[-33,162],[-62,70],[-18,150],[-52,-16],[-26,-196],[-76,-66],[-101,64],[-39,-19],[-105,24],[-43,69],[-42,-4],[-35,44],[-42,-29],[-4,38],[-46,46],[-22,154],[2,55],[14,15],[-5,56],[-199,-82],[-49,-75],[-40,-11],[-53,51],[35,64],[-7,112],[-25,31],[-57,5],[-3,78],[-49,29]],[[67852,49560],[-44,-98],[-126,42],[-86,-69],[-61,-19],[-54,31],[-41,-28],[-76,34],[-20,-65],[-67,-64],[2,107],[-26,141],[51,57],[-16,176],[14,70],[-37,149],[-14,125],[-35,35],[-59,137],[-29,157],[20,108],[3,243],[28,244],[-29,188],[-34,100],[35,330],[-25,117],[-421,-2],[2,90],[29,142],[-97,-2],[-9,-52],[-257,0],[7,-31],[-18,-64],[-4,-102],[12,-102],[-23,-60],[-29,1],[8,-82],[-16,-122],[8,-64],[-194,0],[-11,43],[-74,0],[-3,-41],[-129,-15],[-7,-54],[-39,2],[-38,38],[-89,-34],[-21,14],[0,38],[-34,63],[6,20],[-46,81],[-9,81],[-23,24],[-23,71],[9,28],[-24,8],[-4,40],[-32,34],[-17,58],[-5,90],[10,-5],[4,34],[-14,29],[-5,65],[-27,23],[-24,85],[-5,107],[-18,77],[11,131],[-38,62],[-5,104],[-93,44],[-579,-32],[-211,40],[-187,-9],[-12,-22],[-53,22]],[[64265,52702],[-108,23],[-31,-29],[-15,-71],[-95,-45],[7,43],[-20,-15],[-62,152]],[[63941,52760],[99,23],[7,353],[-28,67],[35,20],[19,51],[24,11],[41,116],[90,65]],[[64172,52693],[30,1],[-62,-54],[-21,9],[27,43],[26,1]],[[70446,89002],[31,-1],[17,-44],[108,32],[53,154],[172,-53],[91,79],[99,-6],[9,-44],[60,43],[38,-1],[87,-123],[10,-130],[106,-109],[-12,-43],[-96,-26],[45,-95],[-13,-76],[41,-37],[-41,-54],[141,-9],[22,-42],[134,25],[22,-93],[70,-21],[-25,-20],[2,-31],[61,-172],[-30,-30],[16,-76],[38,-31],[24,-62],[28,-4],[47,49],[89,-1],[54,-88],[47,15],[62,-63],[84,75],[116,24],[73,43],[21,-57],[40,-31],[-1,-59],[44,-74],[62,-47],[28,-65],[55,26],[3,75],[42,0],[19,-50],[47,-20],[55,10],[8,-32],[83,-69],[37,4],[36,40],[35,-81],[98,-13],[22,-69],[59,-45],[66,42],[44,-18],[-32,-58],[42,-96],[-9,-61],[-60,-70],[-12,-48],[-79,-18],[26,-78],[64,-27],[19,22],[15,-11],[-26,-50],[-65,11],[-49,-138],[68,-8],[29,-124],[-36,-43],[59,-22],[-50,-96],[0,-52],[-27,-13],[12,-34],[-13,-80],[-308,9],[-33,-107],[-126,-44],[-20,-27],[-34,-154],[36,-26],[-32,-53],[4,-55]],[[72592,85872],[-36,-48],[7,30],[-19,16],[-175,-12],[-70,-125],[-36,35],[-124,-86],[-28,-102],[11,55],[-36,34],[-98,-35],[-41,-73],[-29,39],[-96,-10],[-136,-129],[-102,-189],[-62,-45],[15,43],[52,25],[47,96],[1,16],[-26,-6],[6,54],[-32,47],[7,-73],[-34,-62],[-26,-29],[-45,0],[-27,-47],[20,-157],[43,-123]],[[71523,85011],[-64,35],[-9,72],[-31,46],[-75,-11],[-43,71],[-89,22],[-88,62],[-44,9],[-14,-58]],[[71066,85259],[-19,15],[-18,-64],[-31,4],[-22,32],[-23,-6],[9,23],[-34,-2],[7,60],[-37,-55],[-33,21],[-2,-26],[-84,5],[-87,-38],[-81,33],[3,48],[-47,3],[-81,69],[-1,-25],[-32,8],[5,31],[56,6],[28,34],[-15,27],[-86,32],[-21,-44],[-59,99],[24,-27],[58,6],[187,-56],[27,8],[12,41],[70,67],[-103,-55],[-29,28],[-34,-29],[-41,43],[-28,81],[23,98],[-4,16],[-20,9],[13,34],[-37,11],[11,41],[-22,59],[-24,18],[-6,27],[-5,-24],[27,-17],[3,-44],[19,-18],[-12,-54],[37,-6],[-16,-34],[23,-4],[-8,-49],[-27,-33],[12,-98],[-135,-14],[41,116],[-36,-43],[-23,35],[22,-50],[-30,-57],[-26,-18],[-59,18],[-123,-48],[-6,-98],[-40,-33],[10,-28],[-63,-137],[-96,-141],[-22,-22],[-4,45],[-11,-48],[-42,15],[-5,-42],[-11,17],[4,-47],[-15,26],[-28,-18],[21,-41],[-44,-36],[-32,133],[-16,-167],[39,8],[-33,-59],[35,-26],[7,24],[8,-30],[-9,-119],[-24,-13]],[[69745,84690],[-3,81],[-73,53],[-67,-4],[-99,-91],[-47,27],[-10,-30],[15,-19],[-31,-10],[-127,60],[-14,61],[-29,26]],[[69260,84844],[23,37],[78,-8],[11,45],[-21,48],[88,113],[1,72],[72,31],[-6,55],[25,58],[-27,48],[4,123],[79,52],[6,-114],[27,26],[8,46],[23,-35],[27,43],[8,-37],[45,-40],[33,69],[38,-83],[84,22],[17,31],[-77,67],[16,30],[-7,145],[-123,85],[14,72],[-10,19],[-17,-19],[-14,32],[22,15],[4,118],[-25,9],[-24,-37],[-58,105],[-26,2],[-13,52],[41,140],[-21,21],[20,50],[-38,66],[-57,-25],[-51,110],[-75,27],[-18,-3],[-13,-53],[-23,66],[-31,-22],[14,65],[-47,-19],[-13,31],[-28,-13],[-6,49],[-50,15],[-47,64],[-53,6],[-7,21],[-67,-46],[-20,15],[-45,-47],[-57,25],[-1,-25],[-30,-6],[-37,25],[-18,-15],[3,-45],[-36,22],[-20,-44]],[[68734,86596],[-105,-30],[-43,-137],[-303,-59],[-61,-98],[-61,-20],[-118,146],[-44,5],[-67,-34],[-66,40],[-51,-17],[-25,34],[-72,11],[-34,-22],[-108,80],[-25,-57],[-46,-2],[-16,-36]],[[67489,86400],[-25,90],[-65,4],[-41,91],[-42,1],[-33,71],[5,29],[-46,1]],[[67242,86687],[2,103],[57,70],[19,110],[27,72],[24,13],[6,50]],[[67377,87105],[105,-49],[-1,57],[-57,48],[19,71],[-24,183],[145,244],[193,258],[100,23],[9,55],[33,30],[-9,108],[-41,59],[61,30],[-54,51],[-39,132],[-75,98],[20,63],[-30,70]],[[67732,88636],[7,70],[41,10],[77,-37],[87,83],[42,98],[117,5],[154,42],[288,-28],[268,-97],[98,4],[13,-58],[29,-8],[-3,-40],[70,23],[71,-22],[-9,-60],[16,-18],[39,93],[80,-34],[46,59],[42,-78],[42,27],[47,-11],[12,-65],[30,-30],[24,82],[60,23],[27,38],[33,-17],[53,-149],[48,13],[57,66],[64,-38],[106,34],[57,-52],[12,-60],[61,-44],[36,82],[-44,148],[76,185],[66,60],[-8,41],[60,13],[44,-26],[51,49],[127,-10]],[[69832,84987],[69,76],[-132,-138],[63,62]],[[70853,85207],[23,-11],[-146,22],[123,-11]],[[70504,85309],[75,-35],[-194,71],[-26,70],[38,-72],[107,-34]],[[67732,88636],[-25,89],[48,210],[-13,57],[-41,25],[-9,35],[-99,37],[-8,31],[76,138],[158,100],[18,46],[-10,256],[-100,288],[-35,205]],[[67692,90153],[47,-25],[180,38],[29,-41],[41,-5],[96,67],[46,-11],[5,100],[83,-2],[45,78],[55,-5],[29,32],[32,-43],[-18,-6],[5,-48],[82,7],[9,50],[-31,53],[-56,0],[34,118],[37,37],[-7,125],[21,64],[29,43],[89,19],[42,107],[112,-12],[19,60],[48,36],[-117,33],[48,213]],[[68726,91235],[76,25],[53,76],[56,3],[37,-28],[29,27],[81,-23],[17,81],[89,111],[79,26]],[[69243,91533],[54,-62],[26,28],[74,0],[32,-80],[34,-16],[73,56],[122,-48],[16,-25],[-34,-75],[46,-67],[68,56],[40,1],[34,45],[66,-14],[31,23],[90,-40],[91,-125],[48,4],[10,-133],[-41,-65],[55,-77],[15,-87],[-30,1],[1,-44],[-34,-16],[-15,-89],[132,-103],[-34,-81],[48,-28],[39,-137],[165,-110],[5,-57],[-31,-105],[113,9],[119,-60],[16,-23],[-30,-26],[10,-46],[97,-77],[-1,-65],[-88,-22],[-10,-60],[-74,-67],[-90,-6],[-45,15],[-19,51],[-107,4],[-18,-69],[-38,-47],[104,-142],[3,-39],[-30,-27],[50,-84],[-26,-23],[19,-87],[-14,-38],[44,-38],[22,-94]],[[65364,38474],[-14,-24],[-33,34],[-222,384],[-2,46],[-47,87],[-4,61],[-75,195],[-22,236],[-23,30],[-25,127],[7,39],[13,-27],[8,52],[-21,108],[-46,53],[-9,118],[13,55],[-24,90],[4,44],[-26,59],[13,133],[-26,173],[17,124],[-24,163],[-60,151],[4,74],[-51,217],[-2,69],[20,60],[-6,197],[-20,102],[15,44],[3,-16],[1,38],[-27,212],[8,57],[8,-72],[23,60],[-7,220],[-40,170],[-83,207],[-62,102],[4,43],[-44,162],[-144,380],[-73,413],[-47,82],[-40,184],[-116,415],[-33,66],[-6,58],[-55,130],[-84,120],[-32,171],[-29,56],[-30,223],[-14,151],[16,184]],[[63793,45564],[19,-8],[40,53],[48,26],[28,-6],[24,-48],[58,14],[50,-20],[83,81],[23,47],[93,50],[104,-37],[14,-70],[153,-189],[75,22],[539,0],[871,-1],[101,-217],[47,-40],[119,-3],[58,-34],[83,10],[33,-30],[8,18],[80,-21],[100,26],[76,-82],[80,-29],[119,63],[75,-52],[663,233]],[[67657,45320],[279,102],[56,5],[61,-39],[38,26],[117,-56],[20,-60],[54,-73]],[[68282,45225],[-35,7],[-33,-28],[-34,24],[-74,-65],[-55,-100],[-20,-5],[-28,65],[-24,0],[-18,-44],[-26,9],[-100,-118],[-67,-137],[-35,-37],[-36,151],[-35,29],[-34,120],[-104,-13],[-501,-175],[-166,-12],[1,-1132],[2,-1151],[-4,-23],[-331,0],[1,-1724]],[[66526,40866],[0,-1166],[0,-1132],[-137,-68],[-38,-109],[-63,-24],[-7,-31],[14,-57],[-55,-46],[-38,19],[-18,38],[-69,16],[-193,-39],[-84,76],[-95,11],[-15,52],[-59,-15],[5,70],[-32,77],[25,47],[-18,105],[-44,-3],[-11,83],[-34,46],[-61,-35],[-3,-50],[-25,-38],[5,-26],[-19,-1],[12,-63],[-21,-72],[-23,13],[-61,-70]],[[66526,40866],[42,-80],[86,-95],[59,-219],[38,-54],[-12,-20],[17,-57],[-12,-18],[52,-172],[16,-148],[-78,-227],[3,-163],[25,-87],[72,58],[72,-41],[101,27],[79,-26],[32,37],[7,79],[92,38],[63,170],[32,18],[36,67],[31,2],[58,140],[-4,58],[19,41],[-8,31],[23,62],[12,123],[61,114],[14,-17],[48,37],[81,-9],[155,-218],[21,6],[6,-22],[59,18],[52,-79],[39,6],[69,-50],[55,-2],[61,52],[55,-13],[93,33],[43,57],[82,378],[11,168],[137,75],[42,-3],[42,109],[54,83],[48,38],[43,343],[15,50],[19,-11],[-3,32],[25,22],[-3,28],[26,1],[48,83],[4,-20],[16,21],[5,-14],[41,32],[20,90],[30,15],[19,-17],[6,60],[52,42],[3,59],[33,32],[3,47],[85,146],[73,12],[98,58],[10,27],[28,5],[10,82],[26,54],[104,23]],[[69643,42473],[136,35],[191,-134],[168,40],[83,-35],[21,13],[46,-51]],[[70288,42341],[82,-475],[-3,-188],[38,-82],[38,-169],[31,-46],[7,-146],[39,-162],[-7,-662],[10,-99],[-30,-110],[14,-91]],[[70507,40111],[-38,-15],[-135,150],[-40,-9],[-63,-96],[-50,-187],[-55,-118],[-2,-243],[8,-14],[20,22],[25,-74],[-1,-68],[63,-123],[128,-72],[147,-3],[-9,135],[16,183],[41,-20]],[[70562,39559],[259,-4]],[[70821,39555],[-18,-174],[-54,-248],[-42,-408],[-50,-136],[10,-26],[-17,-77],[-98,-154],[-22,9],[0,-31],[17,18],[-19,-38],[-41,-37],[-40,2],[5,-17],[-139,-240],[-59,-143],[-44,-144],[0,-49],[-18,-21],[19,4],[-56,-97],[-166,-499],[-127,-279],[-89,-103],[-41,-81],[-69,-57],[-66,-167],[-22,-16],[-92,-199],[-107,-172],[-131,-142],[-20,-62],[-66,-95],[-54,-43],[-211,-261],[-194,-144],[-76,-7],[-111,34],[-81,-39],[-32,-101],[28,-62],[-96,1],[-72,44],[-61,-5],[-32,-26],[4,-25],[-28,-51],[-5,-45],[-116,30],[-105,64],[-175,47],[-83,-32],[-9,-22],[16,-28],[-115,18],[-21,34],[11,-37],[-32,3],[-45,29],[-9,33],[-14,2],[12,-33],[-61,24],[-43,-39],[-95,-17],[-20,-36],[13,-23],[-67,-29],[-18,-70],[-35,-28],[-83,20],[-77,-48],[-115,43],[-52,-26],[21,-25],[-9,-17],[-105,7],[-101,-138],[-50,-39],[-5,-41],[-19,-12],[-47,45],[-72,-14],[-81,106],[-34,-10],[21,74],[-23,57],[-57,6],[-11,27],[18,39],[-17,-30],[-90,-22],[13,142],[-19,38],[-81,10],[-26,-21],[-13,-31],[10,-119],[-51,119],[14,64],[-14,16],[19,65],[34,16],[4,23],[-18,104],[-38,81],[-12,77],[-45,56],[-24,96],[-40,63],[17,6],[40,-66],[-34,115],[-41,-14],[-19,133],[18,20],[3,41],[20,14],[23,-39],[27,-4],[59,103],[18,218],[-24,230],[-27,123],[-150,356],[-154,489],[-152,781],[-75,152],[-12,91],[-30,55],[5,33]],[[72408,27040],[53,-10],[24,-29],[-10,-32],[-87,-5],[-9,29],[29,47]],[[72474,27160],[13,23],[26,-10],[-13,-24],[-26,11]],[[69520,38263],[-36,79],[-58,59],[-21,74],[-84,-35],[-29,-50],[-47,2],[-47,-110],[-29,16],[-22,-39],[-38,4],[-132,-358],[-111,-91],[-4,-25],[26,-43],[39,-153],[38,-96],[23,-7],[-13,-44],[8,-61],[28,0],[87,-171],[122,-47],[15,126],[38,66],[-13,44],[61,86],[137,35],[118,111],[-12,101],[16,52],[39,34],[1,80],[39,35],[12,55],[-41,158],[-34,13],[-76,100]],[[38916,67664],[-30,18]],[[38886,67682],[-13,6],[42,32],[1,-56]],[[38916,67664],[-30,18]],[[78595,72235],[28,-40],[-37,-35],[-9,28],[18,47]],[[78534,72692],[43,127],[2,-35],[63,5],[-12,18],[-19,-14],[2,43],[16,-7],[-14,19],[14,48],[33,-34],[13,17],[2,-22],[-36,-35],[29,-21],[-9,-20],[-9,12],[16,-48],[-34,18],[4,17],[-21,-18],[3,-38],[9,21],[0,-25],[36,-4],[-31,-38],[25,-57],[-23,-13],[-7,-75],[-30,-61],[2,-51]],[[78601,72421],[-25,-6],[-20,33],[13,215],[-7,37],[-28,-8]],[[78636,72014],[75,-302],[110,-238],[70,-102],[164,-102],[50,-5],[31,-38],[81,-5],[62,-58],[89,16],[25,-53],[34,-12],[15,-76],[41,-65],[52,-169],[48,-66],[22,-94],[79,-131],[-6,-14],[37,12],[37,-51],[2,25],[26,-18],[-4,-171],[-41,-96],[-14,-99],[-49,-106],[-51,-195],[-97,-105],[-124,-281],[-5,-35],[21,-4],[-21,-12],[-25,-65],[-24,-142],[-24,-36],[-81,29],[20,114],[-19,16],[-38,-29],[-5,-54],[-40,-51],[3,-43],[-37,-44],[-14,-177],[-41,-156],[5,-112],[23,-88],[-8,-88],[30,-149],[-8,-24],[-35,-30],[-167,-22],[-133,-103],[-56,-116],[-26,-257],[-33,-41],[-35,-90],[-109,2],[-195,-64],[-72,-189],[24,-77],[-13,-114],[-78,-140],[-78,-37],[-66,54],[-169,-17],[-24,-21],[-11,-43],[-75,-26],[-46,-68],[-92,-15],[-83,-58]],[[77540,66793],[-96,392],[-27,19],[-247,1063]],[[77170,68267],[998,626],[219,1243],[-149,453]],[[78238,70589],[13,262],[103,406],[-2,66],[-25,55],[64,39],[53,-11],[63,46],[-21,88],[-59,6],[18,99],[-17,106],[20,53],[-7,152],[33,52],[27,2],[17,-69],[-17,15],[-5,-20],[23,-62],[22,-15],[24,59],[46,44],[6,49],[19,3]],[[78526,67368],[14,-26],[-41,-13],[27,39]],[[79476,69275],[13,-60],[-35,-45],[-19,-99],[-45,-68],[-1,124],[40,52],[46,154],[1,-58]],[[83759,81416],[-9,-54],[-27,14],[36,40]],[[83484,81572],[-112,-24],[-32,90],[-51,13],[-1,70],[36,18],[96,146],[-43,20],[-3,29],[26,-6],[-101,146],[-40,-102],[-159,-107],[-29,-44],[-19,2],[-50,85],[-30,18],[-21,-15],[-15,-115],[-37,-18],[38,-141],[-3,-30],[-32,3],[26,-65],[-89,23],[-146,-42],[36,-34],[81,23],[18,-44],[-58,-24],[-12,26],[35,-126],[-14,-9],[-27,73],[10,-62],[-15,-39],[-19,30],[-20,-11],[-8,-130],[-28,-59],[-60,-13],[-206,60],[-76,-54],[1,-30],[-22,-8],[-25,-161],[105,-55],[8,-89],[137,-7],[23,-84],[-35,-35],[-4,-158],[18,-74],[74,-110],[10,-43],[-37,-141],[-42,-25],[-24,-93],[-74,-146],[-16,-212]],[[82427,79662],[-49,41],[-24,-22],[-19,39],[-82,-60],[-84,124],[-103,-25],[-59,13]],[[82007,79772],[0,262],[42,102],[-7,30],[-105,54],[-25,43],[-118,78],[-46,-31],[-45,9],[-208,235],[-114,82],[-99,142],[-63,-13],[-146,151],[-77,133],[-295,305],[-46,75],[-33,263],[-54,43],[-19,50],[-33,99],[-19,164],[-34,79],[-74,78],[-74,32],[-50,-89],[-140,59],[-127,-25],[-128,111],[-7,78],[30,44],[-38,106],[18,26],[50,-9],[-55,87],[-60,29],[30,28],[-8,56],[18,62],[-54,66],[-146,-11],[-56,38],[-12,71],[-25,41],[-84,14],[-102,152],[-18,-86],[-92,22],[-45,-41],[61,-60],[62,-144],[-31,-6],[-5,62],[-20,28],[-102,42],[-36,-43],[10,-48],[-37,-79],[8,-23],[-77,-27],[-79,10],[-58,-58],[-31,-75],[-46,-35],[-5,-156],[19,-113],[18,-45],[29,-16],[-43,-66],[-350,37]],[[78501,82251],[-1,1149],[0,1151],[850,353],[833,-736],[42,-135],[288,-430],[393,92],[405,-51],[165,108],[116,-189],[82,-75],[93,-263],[101,71],[-30,-619],[164,-6],[33,-313],[43,-210],[338,16],[29,-17],[34,28],[32,-99],[28,15],[5,-23],[-17,-99],[-30,-38],[157,-142],[17,21],[33,-6],[-1,67],[-17,22],[4,102],[39,32],[19,62],[45,57],[50,34],[2,103],[60,54],[61,9],[-2,44],[76,78],[96,28],[66,70],[82,148],[38,19],[36,-47],[52,113],[36,-3],[35,35]],[[83481,82831],[32,27],[69,-59],[-5,-23],[-87,-73],[-43,-9],[-11,-69],[-55,-20],[-65,-110],[-94,-84],[-1,-36],[59,-17],[36,-55],[71,41],[34,-74],[1,-72],[84,-30],[52,-51],[9,50],[23,-47],[16,28],[30,-19],[1,138],[35,-32],[21,17],[17,67],[-14,39],[25,34],[0,-76],[25,17],[34,-70],[8,-92],[54,-24],[41,20],[3,-118],[41,15],[14,31],[109,-129],[70,-2],[0,-29],[44,33],[49,-36],[-122,-90],[-11,-59],[-28,2],[-13,-43],[-91,58],[4,-56],[20,-34],[-10,-43],[-61,22],[14,21],[-29,-3],[-70,-87],[21,-47],[-61,6],[-43,-66],[-26,72],[-12,-38],[-24,3],[-89,76],[-17,-38],[-49,6],[-32,-22]],[[83557,81449],[22,3],[-23,-33],[11,-66],[-66,-2],[14,48],[-31,63],[6,51],[18,2],[16,-43],[33,-23]],[[86562,82794],[-97,147],[-164,28],[-24,68],[-49,50],[-19,84],[-52,-21],[-188,77],[-132,-16],[-106,33],[-128,-6],[-123,57],[-83,-47],[-76,2],[-22,-20],[-205,32],[-31,-66],[-28,-16],[-147,28],[-155,94],[-51,72],[-127,92],[7,-42],[-53,-8],[-25,22],[-21,-54],[-110,-62],[-52,-254],[30,-140],[-59,16],[-16,53],[-54,23],[-80,-4],[-50,68],[-83,19],[-61,49],[-63,-7],[-85,53],[-88,-47],[-59,22],[-25,-36],[-28,6],[-32,-43],[-3,-47],[-46,-25],[20,-58],[-34,-1],[-36,-102],[32,-36]],[[78501,82251],[-114,-36],[-62,9],[-166,323],[-15,86],[-261,254],[-236,-50],[-144,-82],[-180,-237]],[[77323,82518],[18,96],[-30,119],[64,152],[27,128],[-37,127],[49,-98],[8,73],[-88,78],[-66,-17],[-34,55],[-86,-28],[-78,161],[-9,58],[-125,-24],[13,193],[-35,102],[-31,23],[-41,154],[-44,74],[-4,103],[-50,47],[-140,45],[-15,34],[-2,111],[14,1],[15,58],[148,-36],[38,15],[90,-90],[75,47],[2,-20],[62,-11],[-40,62],[-40,-8],[-28,76],[-91,91],[-1,72],[79,54],[26,-25],[-10,86],[57,143],[43,-35],[52,36],[19,41],[11,-33],[49,-24],[193,26],[130,-60],[66,-8],[51,27],[-168,109],[-8,23],[4,54],[112,229],[25,211],[-41,81],[23,-18],[-7,44],[-21,-22],[-7,17],[14,43],[16,-13],[7,43],[31,14],[2,32],[-34,26],[-15,98],[-47,40],[-101,-4],[-59,30],[-27,-66],[-56,-6],[19,-46],[-44,2],[-38,48],[7,30],[-26,-36],[-29,10],[14,22],[-51,-3],[-22,33],[1,49],[-29,-44],[-22,41],[-105,43],[-102,-64],[-19,11],[-36,-82],[4,43],[-45,-24],[-16,-67],[3,31],[-49,11],[-15,-49],[-3,23],[-48,-81],[-10,24],[-128,-140],[-38,13],[0,-26],[-27,40],[-14,-53],[-37,60],[8,-59],[-62,55],[30,-69],[-39,26],[31,-75],[-49,45],[22,-47],[-41,8],[20,-51]],[[76255,85386],[-174,139],[-55,11],[-3,44],[-25,15],[34,63],[40,-3],[29,-47],[51,13],[29,41],[-102,208],[-58,194],[-38,22],[-78,167],[-43,36],[-132,-2],[-79,44],[-17,-96],[-79,78],[12,40],[-38,72],[49,53],[-29,19],[-2,103],[-206,90],[91,316],[59,56],[36,92],[-20,59],[-68,55],[42,305],[136,141],[-5,145],[58,85],[43,26],[70,-84],[89,-134],[54,-151],[64,-34],[118,77],[33,54],[-3,32],[-31,26],[-36,293],[-35,36],[87,-26],[104,117],[88,41],[-20,73],[30,93],[114,-7],[69,80],[112,46],[12,69],[55,36],[19,103],[37,-15],[-8,-27],[40,18],[-8,102],[53,-50],[103,4],[45,-35],[-4,-43],[-41,-16],[23,-40],[52,2],[41,37],[36,-50],[30,24],[-6,63],[35,50],[74,-9],[72,72],[79,-197],[41,-3],[37,34],[55,-35],[73,39],[81,-19],[67,-60],[-5,-62],[26,-44],[87,-21],[59,-57],[11,-64],[43,-56],[68,-31],[-33,-147],[40,-60],[59,49],[-13,178],[-45,26],[10,47],[35,16],[136,-90],[12,-55],[74,-83],[54,-5],[64,-79],[139,122],[27,113],[52,-13],[54,118],[70,-65],[9,65],[50,-13],[96,30],[60,-127],[44,-24],[30,37],[55,-6],[15,132],[64,-26],[39,13],[30,-27],[47,59],[23,-49],[72,-30],[-15,-82],[31,-18],[7,-46],[28,3],[59,-73],[91,-10],[25,-29],[55,9],[41,-32],[-37,-26],[24,-40],[97,56],[69,182],[38,-6],[13,-64],[42,-36],[139,-20],[125,44],[103,50],[43,252],[43,33],[-33,23],[-30,82],[-150,37],[-28,79],[-141,4],[-46,28],[25,90],[-104,52],[-26,-19],[-25,59],[6,25],[66,0],[74,86],[82,9],[123,119],[-35,97],[-40,21],[-4,66],[-26,-1],[-18,29],[8,39],[44,23],[77,94],[-28,31],[72,26],[53,-17],[32,22],[53,-45],[71,18],[46,-27],[45,36],[8,45],[-22,38],[-95,28],[-41,46],[-43,-21],[-117,56],[-8,47],[33,81],[58,-42],[48,44],[-17,52],[-74,-29],[-134,56],[43,2],[64,101],[-38,49],[-36,5],[6,37],[50,5],[21,-27],[-5,70],[48,28],[81,-72],[13,28],[57,5],[21,-37],[49,-6],[0,53],[136,6],[-7,-53],[45,-44],[18,114],[77,26],[91,-6],[24,59],[70,-11],[113,55],[63,-35],[37,22],[-1,57],[191,41],[47,-33],[63,44],[58,-59],[33,1],[5,129],[83,25],[1,44],[97,-16],[63,63],[15,-57],[156,63],[255,54],[33,39],[103,-4],[87,73],[94,-9],[47,73],[-43,61],[142,16],[32,103],[90,-51],[-15,97],[65,-22],[22,-45],[49,37],[113,-32],[88,-84],[91,-43],[57,47],[19,48],[126,7],[-9,-38],[61,-98],[-10,-119],[20,-71],[65,-31],[21,-39],[-41,-62],[16,-153],[-62,9],[-11,-18],[64,-127],[53,62],[44,-12],[8,-45],[56,-1],[39,87],[73,-10],[57,-64],[11,32],[-40,27],[12,55],[-20,42],[47,-13],[47,-65],[-9,-47],[61,-27],[-41,-26],[20,-49],[-9,-67],[28,3],[27,40],[48,-12],[-15,53],[-51,5],[40,53],[106,-8],[40,-90],[99,-25],[11,22],[42,-11],[27,72],[47,-8],[-20,-116],[-83,-5],[-14,-23],[16,-13],[-30,-13],[-14,-64],[-25,-14],[0,-57],[53,-32],[-14,-38],[21,-19],[80,113],[45,-9],[39,27],[51,-9],[6,-36],[49,17],[16,-49],[39,-34],[23,68],[-6,65],[59,4],[52,94],[85,-14],[135,112],[-24,46],[22,19],[71,5],[180,96],[17,60],[81,-15],[49,20],[16,51],[74,17],[3,-20],[-50,-35],[28,-50],[-58,-102],[-95,13],[39,-101],[372,-345],[84,-106],[728,-1578],[-13,54],[42,-14],[13,36],[86,52],[-6,144],[59,13],[28,58],[53,-27],[21,16],[6,-42],[33,-25],[43,6],[-33,-144],[116,2],[20,-144],[71,4],[23,31],[67,-10],[67,-43],[60,32],[49,-24],[66,48],[18,69],[83,-12],[44,70],[108,0],[129,-78],[43,-55],[8,-59],[42,-36],[32,-74],[18,-157],[27,-29],[36,19],[117,-70],[16,-32],[49,-9],[13,-39],[-24,-9],[0,-52],[34,-21],[56,-174],[53,12],[30,-20],[47,21],[19,-35],[89,-1],[2,-49],[41,28],[36,-39],[31,75],[68,55],[45,78],[46,-8],[9,-55],[-43,-26],[-16,-50],[75,-40],[2,-48],[34,-27],[-6,-32],[41,-60],[78,-24],[17,-75]],[[76599,84561],[5,38],[24,9],[-15,-79],[-14,32]],[[76569,84448],[-31,2],[-31,71],[19,69],[24,14],[-31,-85],[17,-51],[39,0],[-6,-20]],[[76759,84483],[-15,-18],[-23,69],[28,-9],[10,-42]],[[77408,84842],[-5,-39],[-42,51],[28,30],[19,-42]],[[76453,85377],[-6,-64],[-28,91],[34,-27]],[[80964,84909],[76,20],[62,55],[41,83],[15,100],[-15,101],[-41,82],[-62,55],[-76,20],[-75,-20],[-62,-55],[-41,-82],[-16,-101],[16,-100],[41,-83],[62,-55],[75,-20]],[[83484,81572],[-10,-42],[-87,-42],[-17,-80],[-46,-47],[-9,23],[25,60],[-173,109],[-143,-65],[-19,13],[-18,-62],[12,-65],[-32,-16],[-30,57],[-24,-99],[20,-197],[20,24],[17,-18],[85,33],[54,-26],[49,-1],[21,25],[30,-15],[23,43],[8,-62],[84,51],[48,-24],[31,-103],[18,-10],[45,24],[24,-16],[40,73],[51,2],[70,61],[24,-37],[-6,-59],[75,-7],[-10,-80],[14,-29],[99,59],[15,-58],[36,-22],[9,-32],[29,87],[67,30],[216,-13],[53,22],[14,33],[88,3]],[[84793,79688],[-77,102],[-47,-11],[-68,32],[-31,-15],[-12,-40],[-159,-76],[-37,28],[47,48],[5,56],[-89,33],[-63,-10],[-76,-94],[-92,-59],[-45,-120],[-132,-39],[-141,-168],[-61,-7],[-33,51],[-41,187],[33,434],[20,35],[3,51],[-20,29],[-66,-32],[-27,21],[33,203],[-128,140],[-12,-26],[-53,9],[-38,-26],[-64,-178],[-72,-93],[2,-21],[-29,4],[-3,-35],[27,-44],[12,-72],[-41,-102],[-50,4],[-30,43],[-39,-22],[-97,-2],[-44,-88],[22,-134],[-40,-64],[-26,-11],[-40,41],[-46,94],[-33,12],[10,-37],[-27,31],[-5,-49],[-51,17],[-13,-45],[-75,-34],[-4,-29],[-34,-2],[-4,-58],[-30,5],[-55,-58],[-83,116],[3,49]],[[83331,81349],[67,-15],[2,-23],[-41,-34],[-28,72]],[[67692,90153],[-4,109],[-40,65],[-101,49],[-29,54],[-42,12],[-23,-28]],[[67453,90414],[-29,61],[0,73],[15,96],[39,69],[-30,62],[-40,16],[-22,69],[-105,2],[-58,-26],[-24,40],[-20,-9],[-146,72],[-43,60],[-36,-26]],[[66954,90973],[-4,76],[-24,-15],[21,45],[-8,64],[-54,169],[-2,177]],[[66883,91489],[45,8],[46,88],[255,120],[139,-13],[51,-29],[86,39],[46,-68],[75,44],[64,-27],[75,15],[144,-61],[60,26],[54,-19],[130,109],[67,-153],[196,-36],[172,-182],[33,-67],[105,-48]],[[66861,90989],[-21,6]],[[66840,90995],[52,134],[1,141],[7,-189],[-39,-92]],[[40717,37460],[-3,5]],[[41716,40351],[0,111],[57,156],[-11,70],[46,256],[-4,83],[24,86],[-24,131],[30,62],[-131,154],[-102,-103],[-73,-30],[-85,39],[-9,137],[-28,83],[6,140],[-16,45],[9,50],[-35,143],[-7,114],[12,112],[-33,44],[-12,111],[-34,64],[-4,-17],[-42,25],[-71,1],[-45,59],[-20,66],[-34,-10],[-46,-108],[-22,30],[-47,-48],[-16,35],[-3,-16],[-57,15],[-43,31],[-57,-15],[-76,22],[-16,48],[-60,-27],[-48,44],[20,106],[-4,94],[14,41],[-17,113],[31,112],[-17,34],[24,64],[-6,85],[11,53],[-32,30],[18,46],[-27,24],[27,40],[-19,37],[-21,-14],[-3,163],[-31,35],[-4,66],[-20,6],[12,30],[-13,31]],[[36604,53716],[189,1913],[-17,57],[2,52],[-30,47],[-32,125],[15,56],[-12,75],[-104,132],[-45,96],[5,469],[82,12],[37,38],[25,-11],[47,52],[39,-58],[20,10],[2,-24],[53,20],[-19,49],[14,87],[-46,107],[-22,18],[-21,-24],[-20,20],[-79,-1],[-15,20],[-30,-20],[-1,406],[104,41],[63,-33],[396,1],[-39,67],[29,117],[27,-46],[26,-103],[35,-23],[36,27],[75,170],[56,52],[28,-30],[75,-239],[14,-105],[-4,-229],[70,29]],[[37632,57135],[156,-263],[41,-35],[25,11],[25,-21],[129,153],[50,6],[26,-76],[-23,-107],[22,-26],[23,25],[41,138],[41,8],[23,127],[38,9],[60,82],[37,-15],[107,163],[14,-7],[-10,-65],[14,-17],[87,161],[13,170],[19,40],[71,11],[55,79],[68,30],[16,165],[-227,36],[16,153],[-74,256],[-8,185],[14,110],[-146,237],[-28,105],[-29,44],[7,46],[31,-13],[37,-91],[74,21],[73,-26],[36,-143],[54,42],[68,-2],[53,-57],[14,8],[15,63],[24,-6],[118,-225],[36,-24],[47,62],[-13,150],[14,84],[61,3],[8,54],[37,37],[91,-59],[39,44],[49,-6],[44,60],[68,6],[17,92],[69,29],[-7,45],[49,-19],[63,28],[27,109],[59,47],[42,104],[-24,138],[-25,20]],[[42686,58900],[17,17],[20,105],[45,-191],[-37,204],[-4,71],[14,45],[43,-51],[55,-122],[15,-87],[1,-236],[13,137],[7,24],[12,-15],[-5,-317],[26,-213],[54,-232],[12,-71],[-7,-34],[16,-2],[9,-32],[28,-170],[-19,-24],[-19,18],[5,-57],[9,-17],[16,54],[28,-16],[51,-181],[100,0],[71,-59],[17,-69],[6,-190],[-31,-40],[-58,-15],[10,-22],[66,21],[11,-28],[-30,-64],[-18,21],[-9,-54],[-131,-223],[-52,-181],[-60,-128],[-63,-31],[-34,-96],[-81,-29],[25,-30],[-68,-225],[-22,-33],[-20,9],[9,-13],[-11,-8],[18,4],[-60,-151],[-1,-147],[-71,-94],[-2,-101],[-43,-41],[-58,36],[-78,-86],[-74,-43],[-4,-30],[143,52],[16,-53],[-10,-58],[19,3],[20,42],[61,19],[97,120],[69,45],[20,49],[39,12],[32,69],[61,68],[2,57],[21,-22],[-3,30],[35,-2],[4,-83],[-43,-52],[45,-65],[0,-128],[47,-121],[8,-68],[-12,-17],[-15,17],[6,-53],[-23,-47],[-31,29],[12,-65],[47,29],[14,66],[17,-7],[21,-58],[27,-13],[-6,-31],[14,26],[9,-86],[34,103],[50,-4],[17,41],[45,15],[35,-39],[-8,-47],[11,25],[4,-37],[-13,-66],[12,26],[13,-39],[-11,129],[5,-30],[7,31],[45,-5],[27,-64],[-20,73],[19,32],[20,-11],[17,61],[8,-26],[13,16],[-9,-28],[-1,-20],[6,-15],[21,-16],[1,-22],[-60,-290],[1,-71],[-48,-95],[23,-1],[31,26],[28,86],[6,78],[64,262],[89,219],[36,25],[-58,-180],[34,37],[13,63],[25,30],[53,160],[40,-124],[36,-51],[-18,95],[18,-8],[34,34],[-57,5],[5,113],[15,39],[4,-49],[28,-12],[12,80],[18,0],[-9,38],[18,9],[-17,0],[-7,36],[36,24],[16,73],[-7,66],[16,45],[25,39],[25,-75],[32,68],[21,-11],[-2,79],[13,-45],[15,-5],[-1,-70],[39,39],[8,72],[16,-20],[14,-96],[29,-4],[5,-26],[0,41],[-18,32],[-7,-22],[2,86],[21,0],[-3,-55],[5,21],[9,-21],[-2,30],[16,-14],[-7,30],[17,9],[13,-52],[4,35],[15,-20],[-13,-40],[25,22],[-11,-50],[18,-24],[21,84],[7,-127],[29,108],[0,-56],[16,-31],[-14,-19],[5,-23],[0,25],[19,9],[0,39],[15,-9],[-9,13],[14,43],[12,-17],[-12,-43],[2,-17],[12,17],[2,-60],[9,51],[14,-36],[-12,-41],[17,39],[3,34],[16,-26],[-5,41],[14,-7],[1,-69],[-18,1],[-28,-60],[23,34],[33,-4],[26,54],[25,10],[-17,-32],[2,-79],[36,23],[3,-42],[11,35],[0,-55],[9,47],[16,-38],[-10,67],[26,49],[9,-31],[-30,-142],[41,44],[-2,-39],[15,64],[12,-46],[-10,-31],[15,21],[0,-30],[23,98],[0,-54],[11,0],[-17,-7],[-1,-26],[18,-36],[27,117],[-11,-121],[12,17],[-7,-34],[7,7],[8,44],[9,-77],[1,32],[36,88],[-11,-73],[18,26],[10,-68],[-8,-30],[17,6],[4,51],[11,-4],[-2,-28],[13,35],[5,-91],[23,65],[14,12],[-9,0],[10,3],[2,-6],[-1,-33],[-20,-16],[-3,-55],[-12,-1],[-8,-16],[13,13],[-2,-22],[15,3],[1,-29],[3,58],[16,7],[14,77],[12,4],[10,-64],[-32,-43],[14,5],[-17,-53],[20,-14],[-8,-76],[14,-25],[34,45],[-9,58],[28,61],[28,-1],[5,35],[2,-30],[30,-44],[-18,-34],[18,4],[5,58],[30,47],[4,-36],[-21,-40],[0,-33],[-13,0],[6,-34],[16,34],[19,-21],[2,37],[11,-27],[-4,-54],[10,-12],[-17,-22],[16,11],[2,9],[-2,14],[22,-8],[-34,-60],[27,17],[17,-16],[9,59],[18,-17],[-20,-60],[20,-4],[8,21],[1,-30],[14,17],[-21,-43],[23,5],[12,-58],[-43,-33],[40,-4],[-50,-69],[19,-6],[-40,-45],[5,-17],[-19,8],[-24,-17],[35,9],[6,-22],[11,18],[-18,-82],[19,29],[4,-46],[7,99],[56,79],[21,-33],[12,-70],[-11,-58],[-38,22],[-14,-15],[-6,-16],[21,17],[-5,-69],[-44,-59],[38,35],[-30,-100],[-18,-137],[-3,-49],[24,-35],[-33,-79],[-20,-13],[7,-56],[-12,-8],[12,-4],[6,62],[27,14],[76,147],[23,201],[4,-21],[-6,71],[14,15],[13,-35],[-1,63],[73,51],[12,-10],[2,-18],[-21,0],[20,-44],[-30,-50],[-5,-48],[-25,1],[4,-18],[-37,-40],[-12,-31],[6,-10],[6,30],[5,-35],[14,44],[12,-18],[11,22],[-5,-69],[32,74],[12,-28],[15,92],[16,24],[10,-12],[7,51],[15,-55],[0,40],[44,26],[8,33],[1,-52],[21,9],[-8,26],[12,17],[-7,-22],[41,-8],[2,56],[14,-69],[9,17],[5,-21],[-4,42],[15,0],[-13,26],[16,-8],[-25,38],[20,36],[75,-26],[127,-104],[39,-11],[40,-68],[31,2],[-7,-33],[19,-19],[62,-4],[9,-48],[11,22],[41,0],[0,-17],[46,-7],[1,40],[-23,29],[57,-1],[-1,-22],[11,12],[50,-77],[-9,-5],[73,-8],[5,-34],[9,22],[27,-8],[33,-59],[-7,54],[-17,16],[19,18],[58,-26],[-6,26],[91,-5],[109,60],[171,-38],[85,-116],[37,-4],[179,-212],[32,-11],[23,-69],[36,-26],[49,-81],[45,-26],[16,13],[33,-108],[42,-58],[74,-172],[58,-87],[29,-13],[19,-75],[35,-58],[104,-68],[37,-121],[94,-17],[36,-71],[82,-48],[6,14],[-18,15],[100,-15],[94,36],[138,-45],[54,-58],[53,-170],[51,-315],[5,-125],[-9,13],[-10,-32],[18,15],[18,-24],[20,-101],[13,-234],[13,-76],[14,-17],[-18,-135],[19,37],[6,61],[16,-127],[-4,-212],[-5,-21],[-37,-5],[32,-4],[10,-38],[-9,-36],[-14,39],[3,-54],[-14,-18],[13,10],[-9,-55],[15,-11],[13,-69],[-14,-85],[-26,21],[17,-34],[-20,-161],[-69,-354],[-53,-176],[-58,-110],[-34,-103],[-25,-28],[-13,-60],[-27,-17],[11,37],[-18,35],[1,-59],[-21,-34],[-15,68],[-20,9],[30,-91],[25,22],[-79,-215],[-81,-135],[-4,-45],[-39,-94],[-56,-30],[-108,-140],[-78,-221],[-8,34],[-38,31],[6,-31],[20,-12],[-7,-10],[17,-1],[6,-49],[-38,-57],[-22,-90],[-24,14],[43,94],[-9,34],[-2,-30],[-13,37],[8,-54],[-9,13],[4,-26],[-27,-73],[-18,30],[25,-49],[-32,-49],[44,38],[-98,-373],[-132,-370],[-90,-184],[-70,-51],[8,53],[10,-2],[-10,133],[-39,13],[-22,82],[-38,-165],[-20,25],[1,88],[-20,-52],[23,-72],[43,-13],[-21,-85],[-36,-45],[2,-24],[26,-22],[-45,-58],[-3,-79],[-28,4],[0,21],[-8,-42],[-17,-129],[12,10],[6,59],[16,-1],[15,-111],[-4,-101],[-37,77],[-19,-15],[11,8],[40,-88],[-27,-19],[32,-104],[-30,-10],[-2,-40],[12,-22],[-8,41],[35,28],[2,64],[-12,20],[20,21],[2,-67],[-48,-420],[48,-652],[20,-86],[-64,-365],[-27,-228],[5,-57],[-29,-170],[7,-260],[17,-64],[-46,-117],[-59,-51],[-69,-204],[-29,-255],[15,-435],[-28,-142],[-80,-101],[-24,-105],[-20,-17],[9,-8],[-34,-185],[-18,-9],[-4,30],[-23,0],[1,-56],[35,1],[-29,-112],[-79,-189],[-58,-39],[-18,-108],[-46,-126],[-4,-80],[-36,-99],[18,-53],[15,-237],[-90,-100],[-141,-85],[-100,-159],[-8,-103],[19,-43],[22,10],[-40,-46],[-15,-54],[7,-44],[-173,30],[-166,-25],[-33,34],[13,2],[-12,22],[34,92],[-1,39],[-16,4],[-64,-51],[10,-60],[29,-56],[-23,-39],[-75,-14],[-38,-31],[-20,15],[-127,-30],[0,26],[32,-4],[5,22],[47,-18],[49,26],[-82,72],[-60,-49],[-9,20],[-19,-52],[-24,-17],[-19,4],[-2,29],[-34,-2],[13,19],[-11,32],[-9,-27],[-13,15],[-15,-45],[-66,-21],[-18,-107],[21,17],[-11,-39],[18,9],[-9,-31],[32,36],[-7,-14],[25,-30],[-27,-35],[-30,9],[-51,-29],[-31,23],[-41,-36],[11,-35],[-20,-34],[-26,18],[1,-26],[-23,-9],[4,-18],[-70,-29],[6,-104],[-11,-29],[-145,46],[-94,-55],[-30,-43],[41,30],[-18,-73],[-40,-25],[-10,3],[14,22],[-8,36],[-29,32],[-8,-38],[-14,5],[25,-62],[-72,-40],[-114,-116],[-26,-93],[-12,10],[-43,-79],[-151,-140],[-64,-86],[-45,-98],[-16,4],[12,21],[-26,-17],[34,-27],[21,14],[-22,-90],[-72,-105],[-13,-55],[-14,18],[9,56],[32,37],[-41,-24],[-11,18],[-16,-43],[2,81],[-14,-48],[-29,36],[9,-48],[-23,-9],[17,-5],[11,-39],[-20,-42],[-54,20],[-36,58],[20,-69],[-15,-4],[6,-18],[30,1],[-11,-13],[16,-17],[27,18],[18,-18],[-4,-23],[32,23],[8,-17],[-24,-33],[-36,-139],[-12,30],[-14,-13],[12,-23],[-62,-8],[69,1],[-17,-109],[7,-90],[-25,-33],[-22,7],[-21,98],[14,-113],[-14,-35],[63,-82],[-25,-142],[1,-43],[34,-28],[-17,-56],[3,-73],[15,-21],[-11,-56],[9,-34],[22,24],[13,-21],[-6,-39],[-16,21],[-25,-35],[22,-93],[-31,-46],[22,-83],[-23,-34],[27,-133],[-23,-232],[-42,-161],[-14,22],[3,51],[-19,30],[-7,-15],[6,-80],[33,-34],[-20,-51],[-42,-22],[-133,-174],[-156,-326],[-78,-232],[-90,-405],[-135,-366],[-143,-273],[-137,-186],[-100,-96],[-71,-148],[7,112],[15,24],[-25,77],[83,-17],[1,34],[56,19],[55,122],[17,-23],[9,80],[15,-27],[44,40],[29,111],[-2,131],[50,9],[12,-43],[14,27],[-18,27],[3,95],[73,49],[23,56],[-11,227],[26,-18],[13,-58],[14,22],[8,114],[-25,51],[-20,-20],[1,-44],[-80,-18],[-8,-72],[-32,35],[4,71],[-33,4],[-37,42],[-2,94],[-15,20],[-14,-136],[14,2],[-3,-31],[18,-26],[11,17],[6,-47],[32,5],[-8,-30],[-28,0],[-17,-39],[-13,-101],[7,-99],[-15,5],[-3,82],[-18,0],[5,-148],[-31,-6],[-10,-49],[14,-71],[-60,-34],[-5,-76],[-60,-10],[-48,-38],[-15,-196],[-25,54],[11,-53],[-56,-61],[-9,-62],[37,-57],[-34,-22],[-7,-55],[14,-20],[45,34],[-30,-43],[10,-12],[18,33],[-2,-62],[-54,-73],[-122,-513],[-66,-138],[-186,-262]],[[42122,35237],[-54,57],[1,300],[18,65],[52,58],[10,53],[62,105],[-30,53],[-71,46],[-49,71],[-27,59],[-38,189],[-97,105],[-32,-15],[-43,55],[-63,95],[-10,66],[-37,66],[-81,22],[-60,98],[-19,-36],[-53,51],[-41,130],[-74,118],[-19,-8],[-2,-48],[-26,-4],[-41,-81],[-52,-5],[0,178],[-68,135],[-205,301],[-81,-3],[-36,-101],[-20,-16],[-97,12],[-22,52]],[[46924,47980],[12,4],[4,-41],[-13,-64],[11,-72],[-26,45],[4,63],[-26,25],[4,41],[30,-1]],[[47033,48274],[9,-39],[-66,-92],[-1,48],[40,60],[-9,51],[27,-28]],[[45076,54612],[0,-90],[-33,-69],[7,163],[32,60],[-6,-64]],[[45893,54676],[5,-26],[-19,-8],[-6,34],[-28,17],[48,-17]],[[45366,54959],[9,-20],[-12,-73],[-32,-12],[6,82],[29,23]],[[43483,55268],[-27,-85],[-25,17],[-3,11],[14,46],[19,34],[22,-23]],[[44945,55573],[2,-34],[-11,13],[7,-17],[-22,-36],[-18,8],[15,73],[27,-7]],[[43799,55702],[13,-39],[-12,-48],[-15,-8],[-27,33],[13,53],[28,9]],[[43846,55856],[13,-29],[-15,-91],[-35,-6],[-2,42],[39,84]],[[43928,55968],[21,-18],[-25,-38],[-7,34],[11,22]],[[42973,55981],[-8,-60],[-85,-69],[11,94],[69,69],[-5,-30],[11,35],[7,-39]],[[44024,56007],[6,-71],[-19,-11],[-5,46],[-12,9],[-3,29],[9,21],[24,-23]],[[42851,55985],[12,-28],[-41,-230],[-19,10],[-34,-111],[-102,-146],[-63,-32],[-8,31],[23,104],[67,100],[2,156],[48,133],[62,64],[-12,-77],[10,47],[18,-8],[-3,47],[23,-13],[17,-47]],[[42858,56282],[15,-4],[-15,-100],[-79,-96],[46,150],[33,50]],[[43757,56009],[-11,-105],[-25,39],[16,-58],[-1,-62],[-46,-81],[12,-5],[-5,-46],[-58,-75],[-34,39],[26,-45],[-8,-24],[23,-11],[-12,-92],[-36,75],[-16,2],[15,-10],[-15,-41],[15,17],[35,-65],[-26,-34],[-49,-17],[-29,82],[-15,8],[5,-111],[-16,-5],[21,-8],[-19,-22],[-43,30],[-11,56],[-9,-36],[18,-60],[-28,1],[-13,21],[-5,65],[-11,0],[9,-55],[-18,-37],[0,-49],[-43,-29],[-19,119],[-7,-41],[12,-67],[-16,-34],[-75,38],[-8,57],[-43,-78],[-23,25],[-4,74],[-14,15],[7,71],[-11,-71],[16,-28],[-7,-64],[-14,56],[7,-63],[-27,-10],[23,-20],[-36,-17],[-66,37],[12,26],[-7,29],[-71,156],[3,218],[78,-61],[-19,40],[26,8],[-3,34],[23,9],[-17,8],[-45,-43],[-30,8],[-13,40],[5,124],[14,-4],[-17,40],[17,132],[17,-55],[45,-24],[-44,34],[-14,90],[9,75],[38,105],[57,18],[14,36],[91,-16],[147,-68],[65,11],[24,-22],[0,46],[60,28],[75,-29],[29,21],[1,-40],[154,-27],[20,-24],[-1,-39],[-28,-79],[-3,-56]],[[42922,56187],[-22,57],[12,7],[-10,13],[29,98],[60,37],[37,-44],[9,-51],[-16,-31],[-82,-110],[-17,24]],[[43302,56305],[30,64],[81,54],[35,-21],[15,-39],[-4,-30],[-35,-44],[-84,-12],[-38,28]],[[43035,56414],[-5,50],[13,20],[40,-15],[14,-21],[3,-78],[-40,-3],[-25,47]],[[43216,56561],[-43,-37],[35,57],[8,-20]],[[43234,56557],[59,1],[69,54],[40,-21],[1,-33],[-55,-60],[-58,-135],[-46,-26],[-30,52],[-67,-12],[-16,22],[-11,101],[90,9],[24,48]],[[43120,56523],[-13,-48],[-33,25],[36,133],[-7,80],[21,45],[17,-195],[-21,-40]],[[43142,56629],[-1,52],[19,55],[30,13],[16,-21],[-5,25],[23,22],[8,-86],[-69,-93],[-21,33]],[[43179,56839],[-27,12],[19,57],[38,37],[32,-16],[-29,-86],[-33,-4]],[[43225,56948],[-12,22],[57,70],[-12,-60],[-33,-32]],[[43095,57692],[18,2],[28,-92],[-34,-66],[-35,87],[6,59],[17,10]],[[43065,57714],[27,25],[16,-37],[-28,-13],[-15,25]],[[43767,39205],[18,-19],[-9,-90],[-30,-77],[4,-45],[-25,-28],[4,151],[15,20],[-12,43],[7,30],[28,15]],[[43730,39871],[-13,-50],[-40,69],[52,90],[20,-43],[-19,-66]],[[44072,40899],[23,9],[-125,-160],[-26,-60],[23,78],[105,133]],[[44467,41384],[12,-41],[-42,28],[30,13]],[[44838,41396],[-9,-38],[-16,35],[-44,-15],[-10,28],[48,106],[26,-32],[-14,-60],[19,-24]],[[45208,41871],[-2,-19],[-61,4],[-12,-31],[-13,36],[44,60],[44,-50]],[[50096,56924],[20,-20],[-21,-12],[1,32]],[[43804,40471],[22,22],[0,-73],[-12,-15],[-16,40],[6,26]],[[48285,51548],[10,-25],[-8,-47],[-13,6],[11,66]],[[45831,54683],[41,-50],[-48,23],[-3,25],[10,2]],[[45298,54833],[3,29],[3,-30],[19,5],[-18,-41],[-9,3],[2,34]],[[45387,54891],[-3,-39],[-13,24],[16,15]],[[43419,55333],[19,-26],[-29,-30],[-5,45],[15,11]],[[42122,35237],[-31,-59],[-22,-143],[-73,-128],[-2,-77],[-69,-61],[-58,-113],[-38,-11],[7,60],[-30,18],[16,-13],[-21,-31],[18,-18],[-6,-30],[-217,-166],[-33,53],[-67,-6],[-39,60],[-105,23],[-65,-24],[-89,-86],[-19,38],[-33,-16],[-35,39],[14,38],[-166,71],[-92,137],[-129,-2],[-19,18],[-86,-29],[-74,175],[-40,21],[-64,136],[-16,244],[20,65],[-12,48],[21,41],[-5,95],[18,29],[58,8],[30,115],[-28,68],[-23,223]],[[40704,37459],[13,1]],[[89092,87164],[47,1],[62,64],[-9,54],[28,61],[138,24],[27,-28],[58,-7],[-1,64],[36,-52],[73,41],[7,71],[52,-33],[23,39],[87,48],[-29,76],[17,53],[100,25],[17,65],[152,90],[69,1],[14,48],[95,83],[134,23],[112,139],[136,4],[28,19],[39,93],[96,-122],[49,72],[55,-7],[16,-97],[31,-15],[384,-26],[32,-209],[46,-45],[37,-83],[106,17],[51,-63],[93,1],[48,-38],[109,84],[40,-52],[36,38],[97,-69],[52,21],[27,-40],[39,35],[89,-17],[61,-85],[63,-10],[77,70],[-2,44],[63,28],[24,-24],[73,62],[71,164],[10,147],[-84,65],[-32,95],[14,45],[-60,97],[41,134],[-2,65],[39,87],[60,11],[3,68],[34,84],[117,64],[68,193],[145,-122],[129,-33],[69,-82],[197,-14],[243,-133],[36,-41],[59,16],[182,-63],[40,-42],[-20,-42],[4,-90],[28,-74],[-4,-113],[37,-50],[-18,-43],[9,-54],[56,-24],[49,-79],[90,-53],[104,-11],[25,-62],[54,-3],[54,-37],[61,33],[112,-24],[95,95],[165,56],[68,0],[74,54],[218,-48],[24,-41],[55,-26],[144,22],[106,-82],[28,-77],[45,-42],[251,-46],[-7,-165],[25,-4],[10,-46],[68,-36],[100,-128],[249,7],[77,-52],[70,7],[151,-66],[63,50],[78,-60],[42,-5],[202,142],[47,-13],[60,33],[123,10],[147,76],[102,-20],[94,59],[40,129],[133,136],[89,39],[146,122],[62,-26],[93,1],[81,-58],[71,-108],[59,-50],[109,-9],[113,76],[54,10],[119,-58],[36,-62]],[[76255,85386],[24,-48],[-46,26],[-4,27],[-24,-31],[12,-85],[-24,29],[-35,-34],[-1,-36],[-11,40],[-4,-26],[-16,26],[12,-44],[-28,31],[9,-45],[-35,46],[-29,-27],[34,-42],[-24,-39],[32,5],[13,-78],[-25,-17],[-2,43],[-52,53],[-63,-57],[12,-25],[-37,1],[-23,-45],[8,-35],[-55,26],[-24,-32],[-13,20],[-24,-24],[-12,19],[-14,-73],[-22,52],[-64,51],[22,-40],[10,-93],[-38,66],[-36,18],[24,15],[-40,20],[14,-46],[41,-30],[7,-39],[-10,-18],[-15,30],[14,-49],[-14,-48],[-38,-12],[26,-13],[-30,-128],[-24,1],[-32,-136],[-18,-26],[-16,17],[-7,-107],[-25,85],[-14,-98],[-79,-69],[0,-66],[-14,-13],[26,-80],[89,-26],[32,-85],[41,-7],[72,-220],[-7,-26],[20,-24],[-36,-109],[-9,8],[13,-68],[20,26],[26,196],[17,22],[35,-17],[-33,-68],[-37,-189],[1,-105],[26,24],[5,-22],[-33,-54],[-8,-120],[78,-97],[10,-128],[47,-48],[76,-148],[96,-258],[64,-58]],[[76039,82578],[-69,-166],[-105,-74],[-54,-112],[1,-40],[-51,-16],[-40,23],[-25,-15],[-93,61],[-42,156],[-38,3],[-41,97],[-45,40],[-9,47],[-58,-40],[-8,55],[-37,10]],[[75325,82607],[-69,64],[-92,19],[-22,49],[-83,62],[36,170],[-40,37],[-99,-1],[-66,108],[-31,-8],[-57,44],[-29,-94],[-31,72],[-57,16],[-78,-30],[-25,-46],[-48,-8],[-38,-40],[-72,46],[26,76],[-94,71],[-121,52],[-52,62],[0,35],[-56,44],[-72,-20],[-86,63],[-104,-35],[-155,22],[-65,74],[-123,26],[-120,102],[-44,-21],[-95,44],[-53,-15],[-29,-102]],[[73181,83545],[-409,554],[-180,72],[-53,107],[-24,3],[-37,79],[-32,25],[8,-59],[-101,21],[-42,49],[-22,102],[-38,51],[-117,74],[-46,-4],[-41,53],[128,60],[-5,23],[-53,-18],[-10,39],[15,-26],[15,34],[-22,13],[-38,-38],[12,40],[43,33],[102,-67],[-20,-61],[80,21],[-54,34],[74,-13],[46,40],[-5,-23],[32,-1],[-3,-26],[15,27],[33,-17],[-12,21],[20,39],[-14,-8],[-5,43],[14,-5],[-36,99],[2,-95],[-19,-15],[3,127],[11,21],[-4,-16],[29,-13],[-12,29],[54,53],[37,167],[53,24],[-22,-21],[14,0],[-11,-40],[13,-9],[-26,-71],[12,-11],[43,191],[35,10],[57,-64],[38,-1],[6,34],[-92,83],[-71,111],[-35,2],[12,-20],[-16,-4],[-47,72],[-32,121],[83,-33],[97,72],[13,-35],[88,-14],[3,27],[-24,22],[-29,8],[-16,-23],[19,87],[122,29],[91,87],[68,-12],[8,45],[28,19],[-20,8],[-16,-25],[-5,108],[-59,16],[-48,-21],[-2,-39],[-30,-17],[-93,-30],[-30,17],[27,48],[72,17],[12,26],[-86,-36],[-42,-60],[-70,-19]],[[69243,91533],[23,81],[-41,144],[10,29],[-38,25],[-10,62],[-38,35],[16,49],[-43,32],[-52,-17],[41,124],[-23,38],[47,35],[5,82],[-109,88],[6,61],[-59,0]],[[68978,92401],[-8,35],[21,60],[39,22],[5,58],[92,34],[-45,36],[-11,106],[-45,83],[19,109],[-48,225],[23,76],[78,73],[56,178],[100,50],[-54,79]],[[69200,93625],[18,60],[-26,86],[30,53],[46,-68],[50,-16],[34,116],[118,-40],[48,28],[20,34],[-18,27],[60,46],[333,-84],[28,67],[-99,34],[-22,75],[-61,32],[-94,-20],[-122,10],[-84,115],[-17,-16],[-43,25],[-59,111],[87,-62],[-4,174],[-96,-46],[-62,-74],[-105,-12],[-12,25],[-16,-25],[-2,16]],[[69130,94296],[329,340],[135,94],[191,217],[289,376],[199,194],[108,252],[-102,122],[-20,70],[-247,163],[-160,169],[74,32],[128,183],[-17,94],[-167,101],[12,47],[-38,61],[75,46],[-21,79],[-112,17],[-64,123],[13,44],[74,37],[-6,52],[-84,19],[47,59],[2,102],[37,46],[-45,40],[100,31],[32,-14],[4,35],[-70,248],[-283,501],[156,244],[132,132],[31,111],[-119,86],[-107,156],[-222,83],[-71,204],[117,191],[-119,19],[-11,21],[181,80]],[[69511,99603],[89,45],[52,127],[190,40],[58,48],[36,73],[-38,48],[38,1],[93,-63],[129,5],[-19,164]],[[70139,100091],[184,-51],[-23,-69],[50,52],[111,-6],[-36,31],[17,73],[115,-39],[-60,85],[22,27],[213,-117],[165,-25],[-5,-59],[-78,-42],[-233,45],[-14,64],[-9,-52],[-44,-12],[29,-11],[-13,-45],[39,21],[88,-9],[-2,-30],[36,-12],[-88,-59],[100,54],[120,-17],[-43,-42],[105,38],[-90,-109],[58,58],[113,36],[65,-15],[-96,-99],[71,12],[-51,-37],[83,-13],[-76,-56],[-85,-23],[-12,-80],[13,64],[121,30],[45,48],[19,91],[266,-10],[81,-38],[106,-13],[-9,-22],[54,18],[17,-26],[32,21],[-39,34],[61,4],[306,-103],[21,-34],[455,-215],[128,-128],[88,-42],[19,-62],[126,-33],[-85,47],[43,12],[293,-193],[110,-21],[-47,79],[28,-3],[70,-91],[135,-90],[-30,-19],[49,-53],[62,34],[49,-54],[41,4],[38,-36],[-13,-132],[50,-27],[-14,-106],[77,-19],[17,-62],[-82,-211],[-192,-208],[-160,-105],[-247,-96],[-262,-50],[-209,21],[-346,123],[-160,6],[-282,58],[-251,142],[-108,-48],[-41,58],[55,17],[-143,9],[17,64],[-25,-45],[-40,-11],[-38,7],[-80,85],[4,-26],[-27,26],[-1,-18],[35,-34],[-34,21],[-2,-36],[-139,84],[-98,95],[42,56],[-183,38],[-176,-5],[136,-17],[18,-41],[78,-37],[-14,-32],[-38,2],[34,-12],[-25,-30],[42,-2],[129,-88],[-55,0],[185,-60],[-68,3],[-18,-33],[-67,0],[12,-15],[119,28],[92,-52],[-114,27],[-84,-32],[96,3],[93,-43],[31,23],[-6,-26],[50,-21],[-72,-13],[42,-17],[-5,-21],[-106,-17],[96,8],[100,-63],[68,11],[19,-39],[130,-57],[57,-66],[-9,-49],[52,-6],[6,-79],[33,-29],[-23,-14],[-70,65],[29,-133],[-48,-69],[16,-21],[-57,1],[0,-27],[-71,-17],[55,-13],[6,-52],[53,-25],[8,-72],[51,-52],[-38,-39],[80,-77],[-62,-52],[84,-20],[-59,-28],[49,-54],[-78,-35],[88,-39],[2,-44],[97,-32],[14,-48],[80,16],[-2,56],[76,-43],[55,-90],[28,12],[55,-51],[22,-79],[137,-54],[163,-21],[28,-43],[53,-18],[57,14],[16,52],[115,36],[28,65],[-61,113],[41,35],[-39,29],[16,14],[-42,-4],[-27,52],[-40,-40],[-97,-23],[-72,34],[-126,179],[-61,23],[-18,74],[22,-4],[-44,55],[64,-8],[58,34],[5,118],[102,6],[181,-76],[41,-72],[84,-42],[112,-5],[6,-44],[-36,18],[-76,-14],[20,-54],[-26,-31],[97,71],[44,-10],[-8,47],[294,-112],[78,-59],[119,36],[-46,-4],[22,50],[110,-73],[111,-11],[-35,122],[36,23],[-82,155],[-53,34],[-124,176],[-1,114],[30,43],[214,129],[80,100],[210,57],[100,68],[171,222],[162,-46],[-32,-43],[251,26],[22,-49],[62,-15],[46,-54],[-130,-85],[17,-38],[32,-3],[22,-39],[-35,77],[142,56],[69,-66],[45,-136],[-28,249],[99,226],[56,28],[-66,72],[53,86],[-73,86],[25,30],[-30,-10],[-64,44],[-93,12],[-18,27],[90,282],[40,14],[-28,13],[6,107],[60,26],[-47,5],[29,34],[-25,4],[91,43],[-77,-17],[16,163],[-300,198],[-3,33],[53,2],[169,-74],[531,-23],[121,-43],[28,-76],[168,-120],[-24,-13],[26,-2],[53,-183],[-449,-54],[-12,-87],[-95,-37],[-38,-100],[47,-56],[179,-78],[77,-163],[67,-41],[184,25],[-57,-79],[58,43],[275,71],[57,-37],[54,101],[-18,104],[33,34],[-6,54],[59,67],[-34,98],[69,32],[14,-37],[54,56],[77,-11],[71,32],[135,-48],[-110,55],[6,65],[-69,65],[85,-44],[97,-1],[294,143],[-57,-47],[51,26],[259,201],[39,-23],[54,6],[372,145],[-39,-61],[100,-7],[-75,-60],[38,-38],[51,12],[110,86],[-80,73],[47,42],[-74,-45],[-44,7],[17,23],[368,178],[222,52],[152,-1],[-321,-58],[23,-26],[21,20],[99,-33],[-53,-29],[-48,-89],[70,-166],[-43,-29],[-64,43],[27,-43],[-121,4],[-29,-61],[250,-20],[64,62],[6,-70],[100,64],[63,-85],[46,-2],[35,141],[152,104],[102,8],[99,53],[68,-26],[101,5],[-4,-27],[45,36],[73,-44],[160,-4],[92,111],[108,5],[16,64],[89,22],[-14,-35],[64,-61],[14,18],[-61,49],[15,43],[193,58],[107,1],[-103,-44],[71,-19],[106,-92],[-8,-35],[-66,3],[-48,-54],[10,-127],[195,-51],[97,82],[-67,108],[16,31],[33,20],[58,-21],[127,22],[117,108],[50,8],[-22,135],[-42,34],[-22,-44],[-40,16],[-16,115],[-134,164],[31,55],[140,5],[17,94],[74,28],[281,-66],[286,-13],[259,-44],[239,-76],[291,-154],[-57,-6],[-15,-93],[48,32],[-3,40],[49,4],[277,-97],[-85,11],[14,-28],[142,-30],[187,-89],[137,-25],[-16,-37],[52,-56],[128,-65],[70,-78],[114,-35],[41,-56],[-25,-57],[26,4],[9,-38],[120,81],[-29,34],[120,166],[62,151],[-53,16],[89,37],[-177,-28],[-76,42],[-143,209],[26,144],[-22,-37],[-71,13],[-65,50],[-204,71],[-6,-32],[-48,-10],[34,-63],[-48,22],[-15,119],[39,158],[31,28],[2,-55],[53,8],[61,77],[-18,52],[-10,-27],[-49,47],[57,121],[23,215],[-66,53],[-149,-45],[-27,69],[87,132],[-43,-53],[-42,16],[99,165],[225,75],[222,171],[31,-8],[98,224],[75,313],[62,81],[-26,21],[162,175],[110,-7],[-79,-31],[10,-23],[657,24],[140,-43],[-55,-22],[23,-10],[81,22],[235,-76],[-38,-4],[29,-30],[-26,-37],[47,-198],[-117,-224],[-57,-37],[-2,-98],[-180,-142],[101,-119],[176,-100],[-1,-75],[68,-95],[-51,-152],[29,-120],[-112,-87],[62,-78],[-43,-76],[67,-128],[-63,-119],[45,-128],[-50,-17],[53,-77],[-56,-72],[31,-141],[93,-96],[229,-136],[35,-77],[-13,-16],[-24,31],[-148,-168],[-6,-77],[44,-84],[-3,-67],[-41,-22],[14,-78],[-25,24],[-62,-58],[-90,-10],[-16,-63],[-47,-33],[4,-87],[-118,-16],[59,-90],[-33,30],[4,-29],[-75,-18],[34,-13],[-7,-34],[-82,-88],[-41,19],[-35,-17],[-42,35],[-31,-14],[71,-47],[21,-137],[-62,-11],[-2,28],[-30,-30],[-43,13],[23,-21],[-59,0],[8,-35],[-47,9],[13,-30],[-97,-13],[-91,30],[-40,47],[102,34],[47,41],[-55,1],[-37,-24],[25,-13],[-84,-12],[-130,119],[-20,-34],[-78,13],[-1,-31],[-67,26],[-144,-13],[46,-24],[9,-104],[85,-57],[114,-19],[211,-93],[355,13],[83,-20],[51,-56],[81,1],[77,33],[35,138],[-41,-5],[9,17],[59,57],[149,24],[20,51],[163,53],[55,74],[46,14],[41,71],[-6,137],[66,85],[210,159],[31,160],[-33,132],[-131,146],[42,76],[8,134],[236,97],[323,67],[149,-10],[18,-127],[220,-150],[-10,-89],[-44,-55],[65,-38],[-55,-155],[37,-47],[-29,-50],[-44,1],[12,-40],[185,-95],[5,-45],[56,20],[62,-21],[62,26],[44,-19],[125,23],[104,-13],[-77,28],[15,24],[-101,-31],[-33,18],[49,19],[-58,25],[-12,-41],[-25,26],[-71,-14],[-79,18],[25,27],[-58,31],[-13,-24],[-81,7],[-5,98],[36,25],[-39,30],[23,83],[57,59],[154,33],[-71,77],[-10,76],[-47,-3],[-47,249],[-239,61],[-66,76],[-101,9],[-128,59],[-177,14],[-126,-65],[-8,-34],[-111,-14],[-153,41],[-117,-39],[-42,21],[-28,41],[50,149],[-128,204],[83,208],[-19,52],[186,199],[18,112],[-131,123],[-124,251],[-177,108],[158,148],[9,99],[268,83],[210,100],[43,79],[-11,222],[-105,137],[98,42],[161,-76],[-61,-48],[28,9],[88,-70],[-43,-55],[66,-120],[-79,-96],[-26,-105],[-62,-27],[-9,-103],[88,-70],[-33,-30],[47,-47],[-30,-51],[-67,-5],[7,-55],[281,-101],[14,16],[246,-25],[8,-74],[31,70],[258,-26],[56,-104],[153,-51],[209,27],[12,54],[-35,-23],[-41,16],[-20,-14],[39,-9],[-48,-26],[-65,17],[-40,-30],[27,112],[-59,4],[28,-34],[-64,41],[13,93],[-116,-1],[20,74],[-92,-59],[-92,33],[19,-20],[-130,76],[-130,25],[-43,41],[-103,28],[-92,210],[119,57],[174,32],[235,-138],[175,31],[39,64],[-65,71],[-106,12],[-83,-29],[-29,26],[22,63],[75,-11],[152,120],[421,1],[206,-112],[275,-78],[-5,-36],[-30,12],[28,22],[-43,0],[-13,-28],[201,-110],[30,-59],[132,-41],[152,5],[224,49],[142,-52],[-2,-34],[-87,-62],[7,-84],[-258,-85],[27,-115],[-48,-68],[69,-132],[-111,-132],[88,-228],[-63,232],[102,26],[38,186],[52,34],[47,-30],[4,56],[81,-78],[2,-74],[-43,-211],[-115,-104],[-7,-50],[92,-63],[86,2],[-75,151],[194,4],[80,91],[-131,348],[-89,51],[47,2],[-36,80],[76,79],[2,59],[60,28],[19,76],[-86,131],[-130,36],[-97,-11],[-69,88],[-95,46],[40,56],[-36,62],[-329,46],[-168,119],[43,47],[-49,16],[-18,55],[47,45],[14,105],[-21,40],[-105,40],[44,25],[-112,22],[110,28],[-11,38],[-91,30],[140,110],[-57,-4],[3,43],[480,60],[508,-5],[435,69],[72,-35],[139,1],[53,67],[94,4],[49,26],[255,23],[99,-20],[-23,-58],[-407,-186],[15,-94],[277,-131],[39,-76],[-53,104],[-242,108],[-4,98],[107,39],[319,33],[166,176],[-39,14],[-30,-56],[-53,11],[-118,120],[159,-14],[-19,23],[-155,14],[-77,104],[-230,25],[-12,57],[122,-31],[-16,44],[-62,22],[135,22],[49,-44],[110,0],[-79,-54],[78,25],[14,-45],[8,61],[82,-8],[-61,22],[0,33],[-94,-12],[-87,56],[82,30],[-347,47],[54,55],[66,8],[-24,49],[113,-25],[-51,-6],[41,-38],[25,15],[75,-19],[18,-48],[88,-8],[-1,47],[-64,13],[51,33],[50,-20],[-1,72],[108,65],[-71,26],[84,13],[49,-48],[72,61],[-289,31],[35,55],[308,-40],[118,47],[22,50],[84,7],[-4,49],[104,42],[53,-5],[-26,19],[-83,-11],[125,23],[38,34],[49,-37],[103,-3],[-23,38],[141,10],[-35,36],[215,21],[95,37],[31,-31],[50,28],[29,-21],[121,4],[40,61],[223,3],[476,90],[114,44],[-134,-34],[-65,33],[-42,-50],[-47,68],[-104,-32],[47,-12],[-33,-15],[-60,49],[42,63],[49,-27],[37,13],[-30,32],[103,7],[-1,-59],[92,31],[98,-5],[-108,29],[4,20],[229,-7],[28,-43],[93,40],[-55,28],[119,-30],[152,32],[161,-16],[107,-36],[-52,1],[-11,-56],[-143,-65],[55,-20],[66,58],[123,6],[-14,21],[84,14],[-6,-23],[55,-8],[-68,-59],[124,11],[139,97],[48,2],[-70,-73],[69,36],[143,0],[-91,41],[25,18],[58,8],[38,-22],[82,19],[-63,34],[281,77],[-34,-39],[174,12],[-1,-38],[-48,0],[42,-21],[119,16],[-29,-38],[90,-29],[-26,-108],[-85,-52],[49,-8],[111,92],[-9,105],[-95,111],[-190,57],[-57,97],[220,-31],[239,15],[25,-19],[182,49],[55,-51],[100,16],[310,-63],[-456,107],[76,39],[43,94],[-123,44],[18,87],[95,6],[1,71],[289,183],[65,-7],[308,175],[53,-25],[78,7],[156,66],[88,-4],[0,-38],[142,23],[38,-58],[156,-45],[179,17],[35,-90],[104,-34],[-177,-1],[-101,-81],[-437,-94],[210,20],[33,-19],[156,-2],[195,35],[-47,-64],[-100,-4],[-12,-32],[148,7],[103,42],[183,-38],[-35,20],[60,13],[58,-32],[94,11],[71,-60],[-78,-22],[30,-13],[-143,-98],[-67,4],[22,-36],[-64,-66],[-67,30],[7,-60],[134,-25],[150,41],[107,-18],[84,19],[33,126],[93,2],[21,-22],[369,35],[221,-43],[99,40],[69,5],[46,-23],[128,22],[10,-50],[30,17],[115,-16],[-22,-46],[112,-9],[124,-78],[-123,-82],[142,71],[164,-74],[-19,-65],[-63,4],[118,-60],[-85,-64],[120,15],[32,62],[81,-30],[-4,35],[-119,55],[109,4],[96,-154],[-22,-103],[99,53],[37,-54],[-111,-196],[-44,0],[64,72],[-183,17],[19,24],[-188,81],[-74,-2],[178,-85],[-41,-8],[43,-33],[-21,-56],[74,-2],[-15,35],[92,26],[7,-63],[116,-17],[27,-71],[-57,-2],[41,-24],[-22,-52],[-241,-183],[-244,-72],[-125,-131],[-123,14],[-147,-90],[-134,-42],[-75,10],[10,-49],[-50,-29],[-216,-37],[135,-5],[-57,-90],[-266,-91],[-309,-239],[-10,27],[-96,-41],[-200,3],[7,-40],[-128,-133],[-45,-21],[-139,10],[-56,-31],[-76,-170],[-69,-63],[-184,-86],[136,2],[184,116],[207,-76],[148,16],[-161,24],[-131,51],[-15,82],[51,51],[147,-30],[87,26],[228,-9],[123,49],[75,-16],[26,23],[-66,13],[15,14],[326,54],[-4,51],[69,-33],[-75,85],[106,-59],[68,-3],[129,40],[7,40],[100,17],[15,26],[143,23],[6,50],[-84,14],[-126,-51],[-204,-18],[-46,90],[95,35],[67,86],[186,-14],[126,-52],[55,76],[137,13],[8,-27],[-121,-19],[33,-68],[169,-78],[189,-25],[191,54],[-33,127],[94,-70],[99,-155],[-99,-116],[122,-71],[-3,-233],[-123,-65],[20,-80],[106,-55],[197,-28],[-232,51],[-78,89],[128,96],[7,173],[54,42],[103,17],[-86,6],[-103,93],[149,19],[65,40],[188,-4],[245,73],[396,-22],[280,-54],[335,0],[182,-61],[-97,-29],[-80,21],[-40,-47],[16,-103],[174,-75],[205,-40],[63,-60],[270,-53],[2,17],[-232,35],[-20,38],[423,-54],[245,28],[58,-8],[26,-45],[193,-40],[36,-1],[-136,77],[173,-48],[37,12],[-172,53],[9,26],[131,-12],[11,-25],[100,-23],[76,111],[16,-13],[-22,60],[48,14],[0,-23],[39,6],[-95,84],[12,54],[-65,12],[21,34],[45,-13],[-57,64],[41,9],[-18,22],[36,-9],[-18,52],[67,33],[25,-71],[109,15],[-32,91],[61,-55],[107,77],[114,-62],[44,10],[43,-60],[50,48],[20,-96],[56,20],[95,-36],[-29,-73],[25,31],[79,1],[24,50],[-2,-70],[24,50],[91,31],[34,-59],[-20,-21],[-53,18],[28,-35],[-32,-13],[87,17],[48,-110],[31,43],[-31,50],[55,39],[25,-38],[9,35],[33,-6],[-24,65],[64,9],[133,-36],[178,-13],[-29,-21],[59,-19],[-39,-37],[135,4],[-43,-55],[68,-18],[58,18],[115,-48],[-61,-74],[112,32],[122,-89],[-40,-25],[-196,20],[-160,-40],[-53,-76],[392,-43],[-37,-39],[-239,43],[-28,-32],[-163,-4],[235,-115],[215,-12],[-5,-30],[86,-53],[-54,-17],[6,-26],[69,-20],[-107,-61],[82,-4],[-185,-34],[-146,81],[12,36],[-127,36],[-119,76],[-42,-5],[67,-62],[-40,-4],[168,-75],[137,-215],[88,-77],[85,44],[-47,131],[89,-134],[78,-51],[-79,23],[-132,-33],[-29,-31],[18,-38],[96,5],[86,-176],[81,-45],[32,-66],[-45,-38],[79,15],[18,-28],[54,11],[29,-72],[150,-64],[50,70],[39,-135],[52,-15],[61,7],[106,86],[102,201],[112,5],[-82,32],[50,145],[149,241],[59,40],[116,15],[91,-53],[5,-33],[-108,76],[-78,-28],[6,-49],[-33,-13],[5,-26],[85,-31],[55,-88],[252,-113],[86,-18],[147,20],[45,-26],[-25,-61],[34,65],[-25,34],[38,38],[74,36],[130,-5],[-27,21],[93,36],[121,8],[153,-37],[34,-63],[76,30],[154,-98],[84,-13],[-29,-39],[43,-24],[57,24],[-4,-40],[-55,0],[95,-63],[84,19],[-109,50],[31,15],[79,-18],[57,33],[-81,15],[122,11],[-178,42],[90,122],[134,20],[-21,-47],[106,66],[96,-47],[49,-96],[51,4],[32,46],[92,-24],[46,23],[59,-13],[-100,125],[-14,75],[39,43],[-157,56],[99,3],[80,140],[85,-15],[22,37],[-212,12],[-42,-31],[33,-12],[-92,9],[31,-28],[-86,65],[150,163],[344,-1],[178,57],[-59,8],[19,69],[-135,99],[47,19],[182,-20],[92,-58],[227,-45],[417,-1],[272,-37],[368,-54],[481,-126],[-493,-5],[-68,47],[-25,-13],[-50,24],[-78,-40],[-63,-94],[-59,43],[-79,-10],[124,-67],[197,59],[619,30],[-319,-286],[7,109],[118,61],[-89,27],[-37,-63],[-29,93],[-89,16],[45,-21],[-43,-81],[57,-33],[5,-62],[-159,-37],[-119,69],[1,-42],[81,-44],[-62,-45],[-48,0],[2,-60],[20,16],[127,-25],[78,50],[54,-7],[142,57],[345,319],[402,-12],[402,-102],[144,-129],[4,-47],[-129,-60],[-100,83],[-73,-83],[-105,26],[69,-34],[-12,-35],[-59,-17],[91,17],[223,-34],[61,13],[49,-47],[-50,-2],[-28,-81],[83,34],[172,-1],[-39,-105],[-156,-86],[120,47],[83,66],[27,3],[-48,-73],[146,73],[185,-53],[182,-183],[-25,-22],[-126,-4],[273,-80],[12,-36],[24,27],[126,0],[119,30],[105,-13],[191,65],[413,60],[17,-53],[25,56],[110,21],[683,-32],[415,-137],[202,-155],[83,-170],[-52,-114],[-83,3],[75,-22],[-74,-117],[26,-93],[31,17],[102,-54],[-9,16],[38,-7],[21,-40],[65,21],[137,-29],[37,-280],[-25,-56],[151,-77],[-103,-236],[-25,-28],[-91,2],[21,-23],[104,22],[71,87],[-9,56],[84,82],[-58,188],[12,99],[55,30],[68,64],[74,13],[100,95],[147,-30],[132,42],[139,-23],[147,56],[138,-96],[131,-33],[280,18],[133,-46],[184,7],[16,-24],[72,0],[260,173],[42,2],[94,-42],[-52,-34],[109,-69],[-21,-103],[32,-86],[187,-34],[173,-70],[28,-145],[57,-42],[241,32],[91,-50],[-58,72],[61,34],[32,-60],[-16,74],[99,72],[60,-7],[-44,7],[-42,72],[4,84],[-102,179],[-142,-4],[-6,18],[23,48],[120,47],[-11,205],[-50,13],[25,19],[503,-94],[243,-7],[45,-49],[106,-36],[6,-39],[94,33],[-75,52],[-27,-24],[35,38],[61,4],[92,-60],[16,20],[47,-24],[48,26],[338,-26],[209,22],[-62,-15],[155,-55],[49,8],[1,36],[-121,29],[115,5],[38,-75],[87,-12],[77,-50],[207,-36],[284,-109],[51,27],[234,-97],[-57,-7],[-77,39],[15,-60],[119,7],[79,-25],[217,-164],[-136,73],[48,-61],[102,-22],[0,-264],[0,-312],[0,-312],[0,-313],[0,-312],[0,-312],[0,-312],[0,-313],[0,-2],[-73,-30],[-100,-122],[-103,-19],[-203,-126],[-25,12],[78,24],[10,27],[-177,-21],[14,17],[-94,-9],[-17,23],[-108,11],[14,14],[-84,55],[34,9],[-20,49],[-65,11],[-23,51],[-77,35],[-109,-32],[-63,36],[-38,-21],[80,-34],[137,28],[113,-130],[-31,-28],[-59,-12],[-47,42],[-86,16],[-64,-35],[-13,30],[-116,65],[-111,-106],[-224,-10],[-96,-56],[-103,2],[110,-7],[111,53],[201,6],[124,90],[113,-131],[-92,-51],[-11,-54],[32,49],[53,9],[30,36],[94,-76],[81,88],[118,44],[51,-9],[-44,-137],[31,-80],[120,-104],[123,-31],[-37,31],[70,62],[-28,54],[129,-253],[-34,22],[-34,-44],[36,-9],[-36,-8],[85,-17],[2,34],[38,-237],[-50,34],[32,-51],[-58,30],[-9,-29],[-49,21],[-29,-41],[35,-27],[45,36],[67,-6],[3,-58],[-41,-41],[34,-16],[47,31],[-21,100],[76,-171],[-52,51],[-13,-33],[192,-119],[10,-58],[-48,-15],[-8,-37],[23,-50],[74,-35],[9,-138],[-44,-8],[-29,-69],[-66,-6],[0,-97],[-25,-34],[-45,49],[-292,110],[-251,26],[4,102],[46,43],[-41,-5],[-23,-59],[-25,-2],[-14,54],[-52,47],[17,-64],[-38,-60],[41,-55],[63,-9],[-177,-44],[5,26],[-20,-4],[-7,-39],[-121,-97],[-215,-79],[-108,-73],[29,30],[-25,-8],[-20,37],[-10,-79],[-154,-79],[6,25],[-61,18],[43,-56],[-13,-22],[-67,-29],[-46,21],[-65,-30],[5,20],[-33,6],[-17,-28],[29,-11],[-101,-81],[-1,26],[-85,36],[-22,-122],[-49,-5],[-16,-51],[-52,-43],[-77,47],[-60,-26],[72,-49],[-13,-46],[-75,35],[33,-45],[-40,-45],[-103,13],[32,-43],[-64,0],[7,-18],[76,-20],[-5,-16],[-71,-26],[-84,54],[64,-79],[-52,-72],[-29,58],[-3,-65],[-68,3],[-69,-29],[31,-39],[-72,-34],[18,25],[-24,33],[-8,-88],[-64,-53],[-143,-18],[20,-20],[-31,-44],[-67,15],[49,-75],[-54,-37],[-33,-192],[-45,-29],[-110,98],[-31,84],[44,14],[-73,27],[-21,88],[-142,84],[35,11],[-52,38],[-16,-38],[-172,-10],[-39,26],[-84,2],[-147,-54],[-23,27],[1,-36],[-60,-32],[-37,14],[-15,-29],[-33,31],[13,-40],[-31,6],[-30,-38],[-55,45],[7,-62],[-50,-18],[12,-25],[-229,-269],[-45,-2],[-2,52],[24,132],[37,48],[-18,124],[27,-2],[20,67],[-120,-37],[-24,-47],[90,58],[-180,-129],[-69,-20],[-6,24],[0,-38],[-72,-63],[-23,20],[11,26],[-37,-36],[-27,14],[8,-39],[35,7],[28,-58],[-125,-128],[-45,121],[-71,82],[-56,-14],[6,-61],[-73,-31],[24,-55],[-50,33],[55,57],[-117,17],[-7,21],[-68,-8],[18,-45],[37,11],[-35,-58],[-51,4],[-58,-49],[10,-122],[-70,-46],[-3,-33],[50,-60],[-3,-77],[-23,-31],[14,38],[-51,-5],[-22,-35],[65,-96],[-33,-30],[1,40],[-30,28],[-39,12],[-25,-18],[62,-103],[-64,-39],[4,46],[-24,-58],[-47,-8],[13,-17],[24,17],[0,-26],[-127,-111],[-78,-156],[-59,-200],[29,-128],[125,-61],[-34,-60],[56,41],[2,114],[54,21],[104,-83],[72,-15],[36,-66],[-84,-155],[-92,-72],[-4,-126],[24,-58],[-25,-181],[61,-37],[34,23],[56,-5],[4,-176],[34,-81],[5,-89],[-83,-46],[-22,-64],[-77,32],[-61,103],[-27,5],[50,27],[16,47],[62,22],[48,50],[10,24],[-32,24],[-36,-70],[-76,36],[-89,-63],[59,-72],[-178,-125],[7,-29],[-104,-293],[16,-235],[113,-198],[-15,-75],[-128,-147],[-137,-12],[-53,67],[-137,-38],[-229,-226],[-50,-121],[-28,-202],[32,-43],[-14,47],[20,-13],[6,-107],[-41,39],[-12,-13],[62,-115],[-21,-40],[19,-34],[16,32],[13,-105],[-95,67],[18,49],[-220,-93],[-152,-152],[-39,107],[-51,-23],[-1,-66],[32,-9],[-8,26],[47,-30],[-49,-75],[33,-41],[-12,-42],[-21,-16],[-26,23],[2,-40],[32,-15],[2,-52],[-36,-47],[40,5],[10,-18],[-23,-21],[18,-28],[-56,-55],[13,-26],[-36,-34],[-11,-102],[-124,-210],[-126,-91],[-20,-78],[-41,-20],[-227,-292],[31,76],[-1,58],[-17,6],[4,68],[-66,72],[-28,567],[-52,196],[30,-51],[25,40],[-60,54],[-52,212],[-58,582],[-109,645],[-18,294],[33,349],[97,438],[60,132],[16,9],[-37,-82],[48,87],[85,59],[30,101],[44,-38],[97,214],[-13,161],[-27,46],[-36,5],[18,28],[60,52],[23,-32],[63,-22],[76,21],[57,138],[102,-26],[92,27],[38,-46],[-30,62],[301,286],[28,-25],[-14,46],[103,97],[74,117],[25,133],[178,166],[53,120],[116,41],[146,158],[61,101],[143,107],[14,134],[89,76],[182,68],[54,71],[61,-3],[31,32],[44,-1],[-4,-52],[41,69],[97,23],[15,32],[-95,52],[43,36],[16,53],[89,57],[32,70],[-25,55],[-35,11],[-24,-25],[-8,19],[38,128],[59,23],[28,362],[96,57],[40,61],[67,6],[162,-48],[24,-38],[-3,27],[-55,53],[176,6],[-180,16],[-115,46],[-56,72],[-50,10],[-130,-21],[-49,-45],[-48,11],[-96,-36],[-26,20],[-76,-90],[66,-66],[-45,-10],[-47,-53],[5,-92],[29,-8],[-72,-168],[122,-58],[-6,-30],[-39,-14],[7,-16],[-39,3],[0,-42],[-31,-20],[-53,54],[28,30],[-35,36],[-72,-31],[51,-40],[-119,51],[-143,-190],[-33,36],[1,-59],[-28,23],[-2,-35],[-68,-39],[-10,-44],[-32,7],[-8,-47],[-177,-138],[-41,-114],[-35,26],[-17,-28],[-25,16],[-30,-26],[-20,5],[7,27],[-81,-107],[-13,52],[24,2],[11,67],[-28,33],[28,0],[-4,31],[39,23],[29,78],[-81,2],[-101,-77],[-34,9],[68,110],[-19,86],[-56,-1],[14,30],[60,-3],[-29,18],[65,73],[-24,18],[84,60],[11,70],[-20,15],[51,47],[-22,112],[-102,-61],[-53,-89],[-57,10],[-44,-43],[-22,30],[18,73],[-29,-33],[-40,33],[1,48],[-81,15],[-74,-14],[-19,-46],[-96,6],[-21,-26],[-75,23],[-60,-58],[-180,37],[-48,-29],[-10,-38],[-112,-22],[-35,-62],[-84,-22],[-5,-200],[-36,8],[-57,-38],[-144,-142],[-10,-137],[-27,16],[-113,-92],[-4,-30],[-46,-6],[-129,-99],[-87,-104],[-68,-159],[25,92],[-52,-19],[22,-115],[-25,-20],[-1,34],[-58,-20],[3,-88],[46,-97],[-49,56],[-48,-97],[21,-33],[53,-9],[35,58],[-8,-41],[45,-37],[-29,86],[42,-21],[30,18],[78,-51],[28,22],[82,-96],[-20,-76],[15,-29],[-127,12],[-7,-40],[-117,53],[-36,-15],[9,-51],[-103,-36],[-119,83],[26,38],[-40,-35],[-93,32],[-7,-55],[-22,-3],[23,-9],[-5,-28],[-110,-18],[-35,-98],[-114,29],[-65,68],[-114,-115],[-189,-7],[-33,-20],[-83,177],[38,-15],[73,50],[162,-21],[133,44],[-62,55],[-52,-19],[-82,26],[12,27],[-35,69],[-89,90],[-25,-30],[-138,2],[11,-61],[-53,-18],[-5,32],[-87,3],[90,46],[-58,-13],[-98,66],[-236,70],[-53,-14],[-21,23],[-16,-9],[17,-21],[-112,-51],[57,-109],[-32,15],[-74,-17],[-16,54],[-34,-51],[-2,-64],[43,23],[-2,-32],[19,26],[24,-13],[-18,-89],[-31,27],[-18,-25],[-117,16],[-14,74],[-58,18],[-125,-20],[-18,-21],[12,-46],[-78,21],[-15,-41],[-92,59],[-24,-12],[-47,31],[-112,12],[-9,26],[-63,25],[-61,-38],[1,-139],[-39,15],[-52,-41],[-75,64],[44,110],[-46,-1],[-3,-30],[-45,43],[-224,-42],[-365,34],[-136,-66],[-110,40],[-300,-161],[-82,-80],[-144,-237],[-226,-148],[-79,-120],[-57,-217],[-64,-60],[-89,-22],[-81,-144],[-57,-10],[-67,-107],[-101,-39],[-30,-59],[-30,-3],[-16,-73],[-27,8],[-60,-45],[-14,-110],[-11,47],[-32,-12],[-64,-140],[-44,-19],[-1,-50],[44,-25],[-11,-26],[-52,8],[-5,-31],[-46,-18],[-64,-140],[-93,-55],[-17,-64],[-32,10],[-174,-189],[-114,-59],[-89,-155],[-98,-90],[-111,-55],[-105,-121],[-15,-45],[23,-75],[137,-23],[32,-59],[152,31],[109,-16],[42,57],[7,-45],[47,21],[20,-35],[-25,-47],[11,-53],[-34,-12],[27,-61],[-23,-20],[21,-22],[-17,-28],[17,-28],[-52,-140],[9,-80],[26,-20],[65,51],[49,-31],[26,27],[35,116],[-44,5],[-32,64],[111,101],[113,8],[-83,-148],[-16,39],[-43,-18],[4,-43],[90,-58],[91,7],[-85,-83],[-40,-103],[-48,-4],[-42,-40],[39,-44],[194,35],[77,54],[45,42],[27,107],[71,56],[0,-107],[-111,-164],[-10,-47],[23,21],[51,-7],[72,136],[39,178],[-2,56],[-34,-17],[28,103],[-35,34],[32,12],[187,-78],[155,71],[16,-56],[142,-99],[-2,-35],[32,-19],[-25,-64],[88,-89],[20,-55],[172,-103],[-50,9],[-6,-33],[22,8],[77,-83],[60,-8],[-17,-52],[22,-2],[3,-43],[-23,-47],[-36,9],[-23,-24],[25,-9],[-24,-30],[-109,82],[-51,-4],[75,-50],[17,-64],[92,-49],[-20,-46],[38,-75],[-62,-147],[91,-124],[46,-3],[5,-37],[-21,7],[-46,-42],[-17,-53],[41,-60],[-75,-64],[-30,-91],[-65,-34],[-5,-81],[-33,-25],[6,-24],[26,8],[-8,-36],[-62,-37],[7,-176],[-11,-52],[-48,-54],[-22,-102],[17,-51],[-24,-55],[34,-117],[-7,-120],[25,-48],[30,3],[-69,-65],[-22,-64],[40,-60],[-10,-54],[18,-73],[-42,-176],[-33,-4],[18,-8],[-11,-112],[-20,-5],[16,-26],[-42,-21],[21,-30],[26,35],[13,-18],[-62,-141],[-12,-191],[-304,-422],[-97,-295],[-26,-8],[-110,-172],[-71,-229],[-1,-73],[-47,-59],[-34,-142],[-143,-271],[-91,-107],[-84,-156],[-111,-114],[-11,-53],[-73,-100],[-39,-102],[-26,4],[-19,-30],[9,-19],[-33,-39],[-23,-97],[-109,-84],[-6,-45],[-55,-76],[-10,-82],[-28,-21],[-9,-52],[-17,17],[0,-34],[19,-9],[-31,-73],[-50,-47],[-13,28],[-18,-14],[14,-42],[-28,-85],[-55,-30],[-129,-145],[-131,-93],[-89,-124],[-29,10],[-40,-51],[-42,23],[-145,-103],[-44,6],[-9,15],[27,17],[-29,48],[-30,-7],[-12,-42],[-16,5],[-18,95],[-61,-42],[-26,52],[-32,12],[-31,-61],[-7,150],[30,66],[-24,30],[12,37],[-18,9],[-21,-51],[-99,-101],[-14,10],[11,22],[-24,-12],[68,134],[-28,-28],[-4,22],[-47,20],[-31,-80],[14,-15],[-23,10],[-16,-21],[16,4],[-43,-112],[-22,3],[-1,-36],[-34,1],[2,-45],[24,0],[-40,-62],[-27,2],[-17,-139],[-33,70],[-77,-42],[-25,22],[39,-10],[6,21],[-54,1],[13,28],[-57,-22],[25,-53],[14,11],[33,-43],[-57,-146]],[[67453,90414],[-612,26],[-439,37]],[[66402,90477],[97,132],[25,186],[130,-11],[39,18],[147,193]],[[66861,90989],[-151,-188],[8,-20],[68,4],[69,-30],[86,24],[-16,160],[26,7],[3,27]],[[71523,85011],[110,-224],[49,-46],[78,27],[39,81],[7,-35],[44,-32],[44,59],[55,12],[5,-21],[100,-14],[11,-50],[-43,4],[-25,-60],[9,-110],[-76,-43],[-59,26],[-18,-32],[-49,-3],[-47,64],[-66,11],[-33,-32],[9,-36],[-20,-4],[-3,-34],[-37,9],[-58,-103],[-32,29],[-88,-18],[-84,-51],[-45,-115],[-20,0],[-56,-76],[-55,-27],[-72,11],[-116,111],[66,28],[-18,8],[0,95],[34,91],[-27,117],[-47,45],[-46,-21],[-120,124],[-56,5],[-22,-26],[-50,13],[-11,42],[54,71],[62,26],[13,42],[102,71],[-2,26],[32,-20],[72,64],[70,3],[1,34],[27,10],[-52,13],[3,109]],[[0,97122],[0,2],[0,313],[0,312],[0,312],[0,312],[0,313],[0,312],[0,312],[0,265],[140,-46],[19,35],[67,-96],[158,-37],[120,-101],[-80,53],[8,-83],[226,-80],[24,-49],[-41,-49],[123,54],[-223,133],[293,-166],[-36,10],[-55,-29],[44,-42],[99,31],[54,-29],[-28,8],[13,-45],[48,16],[170,-97],[-54,18],[-21,-37],[83,-53],[110,4],[-108,64],[204,-95],[-43,0],[-22,-28],[15,-50],[-85,-11],[40,-40],[93,-4],[4,-32],[63,-12],[18,31],[-75,20],[16,34],[-54,14],[62,54],[186,-97],[-8,-33],[54,-66],[-33,20],[18,-61],[-65,-48],[69,-13],[46,23],[18,32],[-37,35],[50,-34],[5,-29],[36,-10],[16,-38],[-34,-18],[-16,-149],[69,-76],[-21,-10],[25,-105],[-25,13],[-69,-55],[55,-46],[123,-38],[-10,-81],[25,-40],[-24,-37],[36,-1],[19,41],[-24,-3],[68,38],[-13,46],[63,0],[29,-82],[-30,-22],[6,-54],[68,55],[-33,18],[63,21],[5,43],[-48,42],[-143,38],[111,63],[-32,184],[-71,7],[17,35],[-31,12],[-71,-16],[46,25],[-66,-16],[-19,16],[287,8],[35,26],[66,-26],[-6,-28],[25,31],[106,-22],[-67,5],[43,-33],[-50,-11],[-3,-100],[72,16],[-47,40],[51,51],[8,-37],[89,-25],[140,25],[-45,28],[-176,22],[13,16],[310,-56],[40,18],[72,-17],[29,-76],[92,-36],[-3,-61],[325,-224],[-80,-52],[39,-6],[78,41],[56,-61],[-77,-4],[67,-30],[17,19],[54,-12],[-40,27],[31,-6],[81,-33],[22,-39],[-26,-39],[-87,21],[-208,-112],[30,-19],[-18,-43],[27,-57],[-33,-41],[-96,11],[-195,131],[66,-110],[94,-40],[-19,-79],[-71,35],[-260,-30],[97,16],[-117,43],[-26,-26],[-29,11],[18,23],[-39,26],[11,27],[-190,21],[66,-17],[-4,-31],[95,-26],[23,-73],[-32,7],[9,-27],[41,-9],[57,41],[-31,-151],[-63,20],[-108,-17],[50,-26],[116,7],[-8,-74],[49,-15],[-81,-79],[-78,-15],[-68,-55],[-79,11],[-55,-57],[81,36],[38,-11],[17,-44],[-96,-46],[66,-7],[-40,-55],[50,32],[117,-34],[81,-94],[-123,-23],[-40,18],[-35,65],[-23,-6],[-43,-20],[75,-15],[-11,-74],[-18,-12],[-25,24],[9,-47],[-61,-14],[-87,27],[35,101],[-50,107],[9,-139],[-83,-39],[-117,50],[-18,72],[-94,61],[6,26],[-115,37],[20,58],[-20,50],[-24,-57],[-58,-6],[-18,40],[-12,-59],[-141,3],[-15,16],[30,31],[-38,-2],[-127,97],[32,24],[11,69],[-49,70],[-9,90],[-45,31],[-310,98],[-146,-105],[-348,20],[-24,31],[36,119],[-30,32],[-38,-21],[-91,119],[-25,81],[60,-34],[38,11],[0,56],[62,24],[7,152],[-43,-14],[-60,-121],[-65,-5],[-45,52],[-16,108],[-2,-78],[-84,34],[68,-102],[-11,-23],[-107,-21],[-40,45],[-45,-148],[21,-80],[162,-118],[6,-62],[-79,-85],[-9,-101],[-46,-59],[-112,-47]],[[119394,100987],[219,135],[145,53],[0,-303],[0,-38],[-64,-50],[-47,-24],[-178,3],[-112,-46],[-57,154],[77,101]],[[119377,100972],[17,15]],[[0,100834],[0,38],[0,303],[88,31],[136,-19],[84,28],[226,-37],[316,-191],[-64,-75],[-98,-47],[-314,-38],[-155,-46],[-219,53]],[[103764,83314],[-13,-37],[-42,18],[7,35],[27,-5],[-10,18],[31,-29]],[[107293,90377],[5,-37],[9,25],[21,-7],[29,100],[94,-182],[-51,-165],[28,-9],[22,-98],[-25,81],[-7,-40],[41,-75],[-11,-13],[25,-17],[-27,-22],[18,-17],[16,15],[10,-27],[-9,-85],[29,11],[10,-23],[49,-308],[-21,-261],[-34,-73],[1,55],[25,24],[-1,84],[-50,-163],[20,-15],[-9,-121],[-12,21],[-6,-31],[9,-86],[13,-58],[16,-12],[9,23],[26,-116],[-19,-18],[-12,-98],[38,-8],[9,85],[37,-189],[-32,5],[32,-39],[2,-47],[4,60],[9,-15],[89,-611],[109,-339],[55,-325],[43,-132],[91,-104],[6,-115],[18,-29],[-27,8],[-14,96],[-43,88],[-149,190],[-192,63],[-25,29],[-48,-4],[24,-50],[111,1],[-98,-10],[-66,-33],[-55,-77],[-6,-130],[-150,-567],[2,-153],[56,-206],[55,-30],[46,-85],[27,-237],[25,-8],[-28,-15],[1,-22],[27,-60],[56,-15],[10,34],[-59,26],[-5,33],[72,-24],[20,34],[19,-49],[15,-234],[23,-14],[-50,-115],[-15,-104],[-3,124],[-28,117],[10,92],[-31,3],[9,-29],[-47,52],[-121,-2],[-24,92],[-35,-14],[-54,-55],[-17,-49],[-68,-327],[-27,-24],[-12,-57],[-51,84],[-39,315],[81,323],[0,72],[-27,80],[-3,198],[74,222],[-19,229],[-71,173],[-21,103],[37,55],[52,376],[17,391],[-10,174],[-34,117],[18,170],[57,182],[-63,225],[-45,55],[-1,33],[-24,0],[-60,84],[45,-7],[-4,44],[-57,49],[20,176],[-19,96],[67,171],[28,269],[-53,220],[157,99],[8,-94],[63,0],[41,75],[37,19],[-34,29],[-24,-19],[-6,70],[48,15],[26,-26],[27,36],[-20,93],[-22,-83],[-23,-10],[34,157],[-141,223],[53,-22],[29,17]],[[69405,94326],[-20,-13],[0,39],[20,-26]],[[2580,96966],[67,-41],[-196,-42],[57,90],[72,-7]],[[83209,98056],[-87,-49],[-108,70],[-40,112],[-56,-14],[-37,39],[109,-7],[54,-65],[-25,47],[163,-38],[-8,-52],[35,-43]],[[76944,99270],[66,-4],[-234,-69],[126,77],[42,-4]],[[78298,99554],[46,-22],[-94,0],[48,22]],[[78057,99592],[18,-17],[-32,-17],[14,34]],[[113599,99603],[10,-58],[-35,-26],[15,68],[-107,57],[12,146],[-35,58],[98,83],[-13,-193],[55,-135]],[[113647,99938],[-5,-70],[-80,-26],[33,144],[52,-48]],[[83615,102333],[-3,-34],[-68,-24],[37,78],[34,-20]],[[76981,101344],[67,179],[85,42],[67,-53],[40,34],[4,-29],[56,-5],[0,55],[40,1],[-24,78],[57,-15],[32,36],[-34,33],[95,-18],[-59,13],[-2,50],[45,2],[-44,25],[138,69],[-126,-26],[11,50],[74,24],[80,-18],[-71,22],[-143,-8],[-67,38],[81,83],[136,39],[118,-23],[-29,12],[34,13],[-85,21],[4,32],[76,-1],[-86,56],[66,75],[70,5],[74,44],[145,-17],[114,65],[134,31],[123,-54],[61,-12],[90,5],[19,-24],[206,-37],[49,-63],[-258,-40],[193,1],[-3,-38],[-254,-27],[119,-14],[93,19],[-11,-91],[-52,-31],[-194,18],[-16,-13],[126,-17],[45,-56],[-110,18],[36,-37],[-35,-60],[-117,28],[92,-38],[-2,-34],[-140,-14],[116,-9],[-29,-83],[66,-65],[-78,-84],[37,-4],[-21,-73],[-55,-8],[94,-20],[55,-179],[144,-221],[311,-244],[90,-37],[52,5],[57,-55],[-68,8],[35,-24],[-29,-62],[-225,66],[26,-40],[95,-5],[68,-42],[-249,64],[19,-28],[-53,41],[20,37],[-47,-25],[-62,17],[32,-24],[-41,4],[34,-18],[-27,-8],[47,-13],[-10,21],[34,-3],[71,-64],[-57,-16],[-25,10],[45,20],[-60,1],[-88,44],[14,-45],[-108,62],[71,-76],[-132,37],[56,0],[-18,47],[-43,15],[46,-53],[-114,65],[-18,-30],[23,-4],[18,-27],[-23,22],[-51,-6],[15,-46],[-45,-33],[-133,80],[-82,91],[-12,-56],[96,-56],[-160,81],[-20,-29],[-227,78],[-1,-31],[-80,38],[92,14],[42,-27],[7,77],[-74,79],[134,-25],[-32,50],[67,4],[19,-13],[-43,7],[-1,-19],[103,14],[-84,23],[57,31],[-33,17],[-40,-38],[-47,21],[-2,-34],[-115,68],[48,24],[29,60],[89,40],[-124,-44],[-11,-47],[-43,-3],[-54,91],[64,56],[-32,13],[-78,-91],[-28,49],[3,-36],[-52,-30],[-20,47],[-1,-26],[-34,39],[-36,-14],[-21,105],[-59,-63],[16,-37],[-45,24],[-4,46],[-42,-26],[45,-44],[-146,-12],[-102,68],[-41,151]],[[102262,102416],[95,16],[124,-33],[-219,17]],[[88785,102528],[-36,-55],[-128,-9],[164,64]],[[92200,104026],[59,13],[-96,-64],[-100,-16],[0,31],[137,36]],[[91541,104078],[-57,4],[32,30],[25,-34]],[[91482,104142],[-50,-55],[-146,17],[27,16],[95,-17],[-11,30],[85,9]],[[92006,104184],[64,-3],[-28,-26],[-100,26],[64,3]],[[92113,104131],[48,-11],[-99,-40],[37,113],[73,-30],[-72,-22],[-24,-37],[37,27]],[[91203,104344],[67,-13],[-165,8],[26,18],[72,-13]],[[91570,104391],[7,-18],[-155,0],[100,48],[48,-30]],[[78836,103150],[-127,5],[-62,35],[16,28],[-176,-11],[-40,17],[287,88],[-14,15],[-93,-20],[21,61],[-183,-26],[25,49],[-73,4],[64,73],[105,0],[-20,-30],[66,24],[24,-76],[150,102],[-1,32],[-53,10],[104,64],[231,-44],[-80,107],[221,49],[-6,32],[-73,0],[18,27],[207,38],[-22,17],[71,46],[194,37],[22,28],[116,-4],[191,42],[-93,35],[75,35],[190,9],[-124,-69],[89,-5],[137,69],[-9,22],[-73,4],[59,77],[209,22],[129,-39],[96,11],[41,-58],[91,58],[59,-40],[246,88],[87,10],[45,-32],[127,54],[51,-15],[66,69],[68,10],[35,-19],[116,66],[171,-26],[-79,100],[394,160],[214,40],[148,-9],[143,-20],[115,-61],[75,-98],[-82,-78],[50,-13],[-252,-153],[36,-26],[-125,-15],[-255,-96],[-688,-186],[-324,-55],[-131,-53],[-21,53],[-32,-5],[-10,-49],[-72,-28],[-91,-1],[-252,-92],[-81,5],[-73,-57],[-39,12],[-70,-96],[-34,70],[-35,-4],[-56,-82],[-98,-32],[-29,-74],[-45,4],[-6,52],[-52,-67],[-163,-3],[231,-24],[22,-28],[-42,-36],[-122,-7],[60,-38],[-32,-28],[-114,-15],[-142,47],[117,-69],[-35,-64],[-221,94],[66,-60],[-68,4],[46,-21],[-26,-107],[-93,8],[-226,78],[151,-99],[30,-116],[-64,0],[41,-13],[-51,0],[7,-29],[-78,32],[2,-39],[74,-7],[-71,-38],[-49,39],[-13,-102],[-127,40],[-69,88],[-40,-5],[41,-56],[-92,-9],[96,-12],[121,-91],[-34,-13],[45,-55],[-65,-51],[-118,75],[-279,27],[264,-38],[89,-100],[-89,-72],[-110,19],[-94,61],[38,-41],[-35,-5],[169,-73],[-115,-110],[-53,29],[4,-69],[-213,24],[-67,99],[2,-85],[-51,23],[-112,-10],[-138,69],[-40,3],[-216,-75],[-72,29],[128,65],[-72,17],[194,97],[188,36],[-128,0],[-36,-21],[4,30],[-113,-17],[-83,-65],[-69,5],[-143,85],[3,42],[72,-21],[149,96],[156,22],[-65,33],[143,96],[54,9],[227,-51],[-80,53],[-182,47],[50,26],[20,-20],[123,19],[26,-16],[-33,34],[-125,17],[43,53],[296,25],[-88,4],[22,17],[-71,21],[-70,-21],[0,35],[-52,-5],[37,68],[94,-9],[164,38],[56,-24],[143,4]],[[91105,105315],[-89,26],[64,9],[25,-35]],[[90636,105919],[89,-21],[-183,33],[94,-12]],[[90813,106112],[-66,-22],[-66,13],[66,22],[66,-13]],[[90585,106133],[55,-13],[-75,-31],[-153,23],[173,21]],[[90275,106154],[53,-23],[-245,71],[192,-48]],[[93212,106275],[-85,-55],[0,59],[85,-4]],[[91258,106494],[-122,-40],[8,31],[114,9]],[[108506,83639],[18,-5],[-7,-29],[-25,-13],[-18,34],[32,13]],[[108741,83840],[20,-8],[-9,-28],[-78,-57],[-26,16],[1,45],[80,44],[12,-12]],[[108604,84197],[34,13],[-20,-54],[-21,9],[-48,-60],[-63,-18],[-64,-88],[-48,-113],[-63,-53],[-11,-123],[-2,40],[-36,5],[-10,70],[105,130],[130,290],[21,3],[51,-52],[45,1]],[[109379,84815],[15,-28],[-9,-24],[-78,-11],[-102,-58],[-121,-163],[-48,-12],[-23,40],[-15,-8],[-3,-54],[-140,-205],[-57,-28],[-32,-72],[-32,15],[30,65],[-5,47],[21,-36],[13,20],[-13,40],[31,-16],[35,48],[2,26],[-27,13],[-4,32],[35,-18],[16,43],[67,63],[15,75],[36,-14],[46,76],[46,24],[-11,81],[26,45],[21,-91],[22,-18],[81,15],[82,118],[56,38],[41,-27],[-17,-41]],[[109889,85313],[79,13],[-108,-122],[-16,-67],[-58,-67],[-33,-8],[-95,-125],[-20,17],[-10,-30],[-37,-2],[76,167],[48,16],[70,121],[53,21],[1,34],[50,32]],[[110512,85888],[30,8],[-104,-165],[-61,-71],[-26,21],[-6,31],[56,15],[117,191],[-6,-30]],[[110611,86047],[7,-53],[-37,26],[4,27],[26,0]],[[110783,86308],[16,-35],[-30,-37],[14,72]],[[110872,86482],[2,-22],[-20,-2],[-23,51],[41,-27]],[[111180,87008],[2,-28],[-54,-85],[-28,2],[49,100],[31,11]],[[111104,87038],[-1,-23],[-25,9],[3,25],[23,-11]],[[111296,87158],[13,-29],[-38,-14],[-15,48],[40,-5]],[[111258,87571],[14,-21],[-14,-33],[-25,30],[25,24]],[[111816,88085],[9,-74],[-34,-25],[-55,-141],[-37,-42],[-91,-31],[-35,-89],[-6,32],[-50,5],[8,101],[-16,49],[39,-3],[40,51],[83,21],[66,180],[62,57],[17,-91]],[[111927,88233],[13,-78],[-31,-74],[-44,2],[-31,34],[0,46],[93,70]],[[111629,88192],[-32,28],[2,43],[52,-6],[14,-26],[-1,-36],[-35,-3]],[[105727,90478],[32,32],[-33,-78],[-35,-11],[36,57]],[[105661,90549],[6,-107],[-24,-2],[-8,75],[26,34]],[[115786,90534],[17,-27],[-203,176],[-21,51],[99,-65],[108,-135]],[[105511,90893],[-36,-75],[4,-42],[-44,-7],[-16,24],[-49,-19],[-4,-28],[-22,14],[46,69],[121,64]],[[105802,90854],[55,-14],[-67,-64],[-8,-85],[-89,-109],[-78,160],[-86,-64],[16,76],[62,80],[35,106],[73,-36],[55,6],[12,-30],[-35,-61],[55,35]],[[115322,90665],[0,-48],[-55,91],[-48,9],[-53,66],[-68,174],[-82,47],[65,42],[104,-21],[-1,-112],[133,-193],[5,-55]],[[110019,93403],[20,-23],[-58,-53],[-46,-1],[84,77]],[[114671,93308],[-25,-69],[-75,-1],[-50,-41],[-29,16],[-108,-84],[-86,-83],[-32,-71],[-25,66],[65,36],[57,179],[44,63],[-66,8],[189,67],[91,79],[59,-135],[-9,-30]],[[69155,93956],[-26,-13],[5,26],[21,-13]],[[68868,93976],[-9,-18],[-15,54],[24,-36]],[[69430,94134],[-5,-21],[-24,6],[-27,48],[56,-33]],[[69365,94161],[-4,-17],[-25,34],[29,-17]],[[71836,96708],[34,-28],[-13,-17],[-50,34],[29,11]],[[71811,97101],[-41,-44],[-7,40],[-65,30],[-2,44],[88,13],[27,-55],[-24,24],[-5,-27],[29,-25]],[[3632,97592],[29,0],[-27,-38],[-2,38]],[[74066,98172],[-1,-48],[-72,54],[26,16],[47,-22]],[[79586,99697],[1,-20],[-160,122],[129,-53],[30,-49]],[[71199,99833],[62,9],[64,-35],[-127,1],[1,25]],[[76620,99681],[-52,-87],[-18,-10],[31,101],[-84,-52],[-78,-116],[-157,-69],[-218,-30],[-87,97],[-37,6],[28,239],[87,89],[113,55],[122,0],[297,-154],[53,-69]],[[116247,100118],[-11,-54],[-45,-2],[-14,-105],[-120,-15],[-234,80],[-139,86],[170,120],[393,-110]],[[80018,100099],[-21,-60],[-74,-21],[-73,21],[-33,-34],[-124,29],[20,56],[-63,53],[-164,33],[64,-43],[-39,-8],[-106,89],[-42,48],[7,64],[-46,9],[-14,41],[138,-28],[-102,82],[40,-10],[34,61],[94,32],[169,-135],[7,-40],[286,-149],[42,-90]],[[78880,100562],[34,-20],[-62,12],[35,-30],[-70,22],[-29,46],[92,-30]],[[113897,100639],[34,-17],[-82,0],[48,17]],[[113658,100708],[11,-25],[-77,34],[6,22],[60,-31]],[[113345,100738],[14,-22],[-87,1],[17,50],[-34,-8],[-9,35],[83,-9],[16,-47]],[[77587,100974],[-61,-90],[30,-49],[-43,-16],[-84,131],[-66,45],[-101,15],[-12,38],[104,34],[63,-24],[7,35],[93,-78],[-84,60],[36,-27],[-32,-9],[93,-51],[50,12],[7,-26]],[[105758,101189],[9,-40],[-83,-47],[-134,49],[40,-26],[-22,-18],[-117,56],[75,37],[162,12],[70,-23]],[[85919,101811],[26,-50],[-195,-105],[-214,-17],[-85,19],[4,32],[228,169],[236,-48]],[[102736,101876],[48,-39],[-107,-41],[-183,67],[183,25],[59,-12]],[[102565,101974],[34,36],[191,39],[75,-4],[66,-71],[-70,-32],[-296,32]],[[86347,101946],[-56,-40],[-162,24],[-90,67],[-14,-21],[5,39],[187,140],[122,-110],[8,-99]],[[84737,102159],[79,-30],[-86,12],[-16,-138],[-187,106],[39,54],[171,-4]],[[99891,102155],[-16,-39],[-170,-3],[-28,59],[129,25],[85,-42]],[[85392,102208],[-20,-34],[-105,10],[-61,38],[186,-14]],[[83721,102234],[20,-121],[-118,91],[-304,-80],[-68,-8],[-49,39],[-37,-25],[34,-27],[-75,13],[63,124],[-35,101],[169,63],[160,12],[93,-33],[3,-18],[-42,7],[-44,-114],[103,-9],[49,64],[78,-79]],[[85413,102373],[-228,48],[60,18],[168,-66]],[[85136,102420],[-40,-44],[-102,-3],[16,31],[-75,-64],[13,45],[87,53],[138,16],[-37,-34]],[[107608,102292],[17,-70],[-117,-20],[-553,77],[-241,69],[-274,-52],[-49,8],[-17,50],[46,33],[110,-12],[86,20],[135,199],[76,50],[80,-11],[225,33],[179,-58],[274,-176],[43,-63],[-20,-77]],[[101324,102665],[25,-15],[-49,-31],[-73,19],[29,42],[64,7],[-38,-17],[42,-5]],[[87941,102730],[7,-40],[-164,32],[174,26],[-17,-18]],[[87661,102794],[33,-25],[-73,-4],[13,-24],[-206,36],[122,38],[111,-21]],[[87346,102820],[57,-39],[-40,-29],[-99,29],[82,39]],[[105207,102691],[-37,-50],[-236,178],[-28,61],[218,-97],[83,-92]],[[106817,102811],[-37,-103],[-183,-47],[-91,101],[19,94],[223,35],[56,-26],[13,-54]],[[98500,102940],[-2,-39],[-67,7],[17,41],[52,-9]],[[88112,103035],[9,-22],[-118,-9],[63,-38],[-111,28],[64,36],[93,5]],[[97605,102996],[-62,-125],[-148,-98],[-204,32],[-234,109],[63,42],[101,-6],[53,113],[400,-45],[31,-22]],[[88334,103078],[36,-18],[-48,-51],[-84,7],[-23,53],[119,9]],[[88514,103066],[41,-14],[-18,-25],[-60,12],[-36,-43],[-67,17],[48,65],[92,-12]],[[86364,103095],[-42,-53],[-113,57],[56,-11],[-24,42],[123,-35]],[[88231,103185],[-38,12],[127,31],[70,-52],[-159,9]],[[88830,103339],[37,-34],[-29,-29],[-122,3],[78,-48],[-207,24],[-16,38],[105,-13],[-14,56],[32,-23],[136,26]],[[87203,103433],[4,-29],[-41,21],[37,8]],[[87237,103580],[18,-26],[-84,2],[-19,-101],[-38,87],[-53,-1],[-7,-23],[-66,53],[87,63],[-5,-50],[67,7],[-14,62],[91,17],[-2,-52],[-50,4],[75,-42]],[[110053,103447],[44,-14],[-101,-84],[-15,-71],[-271,-56],[-26,-25],[-169,-4],[-345,28],[-169,94],[-192,32],[-338,148],[33,97],[79,47],[10,79],[111,-56],[-45,-44],[54,-44],[175,-11],[-52,8],[35,28],[54,-11],[-20,32],[343,-12],[58,-24],[-45,-60],[55,-45],[172,33],[333,-27],[12,-43],[132,-17],[-20,-22],[108,44]],[[105118,103674],[-3,-68],[-177,-26],[81,309],[57,-103],[106,-56],[-64,-56]],[[87194,103901],[37,-18],[-222,44],[185,-26]],[[87583,103943],[-22,-24],[-117,0],[-13,23],[-188,11],[133,17],[207,-27]],[[108237,103683],[5,-18],[-217,-50],[-17,-65],[87,-35],[-73,-17],[-11,-54],[-104,-67],[-125,-17],[-83,35],[-130,-6],[-158,47],[-130,144],[14,63],[159,79],[-4,66],[-221,11],[24,-38],[-133,-1],[66,-18],[-66,-8],[43,-17],[8,-135],[92,-111],[76,-72],[315,-48],[27,-46],[-77,-23],[-249,-3],[-13,-39],[-54,-10],[-180,73],[36,19],[94,-21],[-55,46],[-118,-3],[-157,-50],[-434,-58],[-72,86],[-66,10],[-65,-31],[20,-47],[42,21],[-49,-76],[-123,-73],[-354,91],[-89,112],[-215,99],[-79,87],[-16,56],[59,16],[71,-32],[59,33],[-27,22],[-69,-9],[2,34],[51,4],[-40,50],[37,32],[-75,78],[44,40],[181,-26],[-103,128],[197,50],[25,33],[-40,-14],[132,59],[18,-59],[33,77],[172,33],[-50,-12],[32,-47],[276,-109],[-2,-58],[111,-48],[36,19],[83,-26],[-11,-94],[142,-15],[53,21],[-66,56],[34,185],[88,14],[131,-27],[-105,107],[278,-108],[134,-93],[170,-35],[109,0],[66,39],[121,-22],[472,-184]],[[92029,104138],[-16,-69],[-50,72],[-7,-37],[-60,-5],[50,-17],[-17,-46],[-54,31],[-305,40],[28,44],[73,-31],[81,40],[85,-14],[12,-30],[60,48],[120,-26]],[[97567,104198],[-58,9],[49,42],[60,-47],[-51,-4]],[[97123,104348],[3,17],[102,-9],[23,28],[62,-23],[-7,-52],[69,-12],[-38,-48],[-214,99]],[[91971,104404],[-52,-44],[-141,-3],[12,31],[102,29],[79,-13]],[[91698,104395],[61,9],[-101,-27],[-37,35],[77,-17]],[[92306,104378],[16,-43],[-70,17],[34,69],[20,-43]],[[109570,104433],[-58,-70],[-256,2],[145,65],[195,22],[-26,-19]],[[91990,104726],[21,-39],[-118,-96],[-184,-24],[78,49],[-220,-24],[55,40],[368,94]],[[95070,104773],[75,4],[-50,-20],[-25,16]],[[89715,104773],[19,-73],[-148,-11],[-55,44],[43,51],[113,9],[28,-20]],[[95722,104803],[-8,-37],[-172,-22],[84,29],[-59,13],[38,37],[117,-20]],[[95428,104876],[-54,-39],[-58,4],[68,51],[65,-3],[-21,-13]],[[95708,105309],[-84,-52],[-20,30],[-62,-12],[-270,30],[28,20],[286,18],[76,-2],[46,-32]],[[95318,105382],[-112,-38],[-68,16],[26,33],[89,-3],[44,48],[99,-22],[-78,-34]],[[94947,105589],[-20,-49],[-189,-106],[-145,3],[-213,-53],[-232,0],[-118,-58],[-18,38],[-193,-25],[-17,17],[-254,-12],[-390,-145],[-222,-1],[-34,51],[260,189],[111,256],[72,29],[143,-34],[45,11],[-114,30],[28,110],[54,31],[185,-30],[-212,48],[18,44],[89,66],[82,10],[30,69],[57,4],[47,-69],[95,-12],[-35,72],[54,48],[197,-33],[86,-45],[-109,-51],[-148,-254],[180,148],[74,0],[160,71],[-6,-21],[131,-7],[24,-76],[127,-24],[23,-51],[-52,-18],[92,-11],[-22,-40],[60,49],[139,-28],[80,-141]],[[85698,106176],[-305,-27],[-25,44],[-149,13],[-41,50],[58,5],[15,-33],[71,25],[376,-77]],[[91025,106434],[40,-48],[-231,-88],[-142,-27],[-234,4],[7,23],[121,-1],[5,27],[-74,33],[-342,26],[75,42],[-93,30],[32,51],[-82,9],[243,-15],[61,16],[614,-82]],[[76960,106447],[40,-21],[-473,34],[169,8],[149,72],[88,-29],[27,-64]],[[93107,105876],[13,-60],[-173,-78],[-267,-4],[-7,-21],[-166,26],[-213,-4],[54,17],[-113,5],[-155,86],[-172,3],[29,17],[-223,-15],[-77,71],[-133,-46],[-80,18],[-69,85],[-95,29],[-7,145],[-86,-4],[-22,-29],[-97,21],[98,21],[-100,30],[64,39],[-215,-104],[-41,18],[55,33],[-141,23],[142,-2],[296,139],[173,26],[-155,51],[242,129],[96,-52],[87,57],[223,-13],[472,52],[166,-74],[-169,-125],[9,-50],[-131,-48],[163,40],[73,87],[150,-16],[60,114],[214,-6],[-14,-22],[58,3],[230,-123],[10,-35],[-79,-16],[-43,-262],[-75,-47],[-142,30],[283,-159]],[[76539,106518],[-183,57],[122,47],[110,-5],[36,-27],[-85,-72]],[[78440,106878],[-64,15],[34,21],[-91,9],[117,30],[248,16],[139,-59],[-205,-43],[-6,19],[-172,-8]],[[75410,106807],[-69,-43],[-132,-13],[-13,84],[-176,-34],[-81,44],[-138,18],[687,82],[72,58],[132,9],[320,-36],[77,-118],[-221,33],[-105,67],[-91,-22],[32,-34],[-71,5],[24,-59],[-76,20],[-69,-46],[-109,8],[7,-23]],[[80578,106985],[-35,-119],[-137,-16],[-207,-117],[-258,53],[-223,-40],[-132,61],[-6,78],[157,115],[159,11],[28,-15],[-96,-13],[131,-12],[413,66],[155,-10],[51,-42]],[[79217,106965],[-105,18],[114,39],[256,6],[-11,-68],[-158,-15],[-96,20]],[[78430,106967],[-296,-39],[-73,41],[-214,6],[-9,20],[245,27],[33,-23],[92,42],[296,-62],[-74,-12]],[[77074,106931],[4,-31],[-175,-37],[-75,-51],[-406,-27],[29,-58],[-108,-23],[-217,15],[-71,-58],[137,-34],[-23,-56],[-147,36],[-28,-68],[-109,23],[-32,-30],[-118,-12],[24,57],[116,29],[-80,3],[28,22],[-159,-5],[-21,-33],[-95,-10],[-69,13],[-92,65],[157,48],[45,-40],[321,18],[-190,43],[194,6],[-34,38],[-228,-6],[320,66],[64,-41],[206,9],[32,78],[115,-4],[17,52],[-159,-18],[45,26],[-113,-10],[2,36],[265,73],[198,18],[-124,-40],[284,34],[47,-47],[-182,-17],[-44,-59],[324,47],[125,-40]],[[86428,107086],[209,-21],[-37,-50],[-398,-34],[-51,23],[78,74],[199,8]],[[79391,107130],[-96,-62],[-173,71],[74,33],[195,-42]],[[78953,107034],[-147,78],[-266,47],[17,20],[369,-36],[341,-87],[-147,-46],[-167,24]],[[78030,107099],[-45,18],[81,64],[282,-74],[166,22],[201,-38],[361,-125],[-216,-57],[-130,74],[-289,28],[-139,72],[-127,-11],[-46,31],[-99,-4]],[[76671,107146],[-37,35],[137,28],[63,-47],[-186,-52],[23,36]],[[90333,107199],[-120,-61],[-396,30],[-34,43],[59,26],[460,-14],[31,-24]],[[92396,106940],[75,-12],[-85,-36],[-195,1],[-37,-88],[62,-106],[72,-18],[-78,-59],[-885,-64],[-259,-84],[-261,71],[-299,39],[43,22],[230,-22],[-202,36],[-57,37],[393,-14],[-15,27],[-606,0],[80,47],[321,4],[-247,43],[294,36],[18,83],[148,92],[-244,-27],[47,78],[157,33],[-32,40],[500,68],[210,71],[120,2],[-162,14],[14,18],[224,11],[329,-212],[215,-71],[114,-5],[-2,-55]],[[78929,107370],[-175,16],[69,43],[278,27],[35,-50],[170,-7],[57,-38],[-257,-22],[-177,31]],[[80672,107511],[-133,17],[180,26],[343,-17],[43,-21],[-113,-45],[-320,40]],[[79272,107549],[-135,-3],[85,43],[-56,25],[411,26],[63,-14],[-16,-52],[-352,-25]],[[110059,85461],[-21,6],[9,18],[12,-24]],[[111387,87467],[23,-12],[-36,-109],[12,-71],[-45,-49],[-31,17],[1,52],[76,172]],[[79517,103945],[76,16],[-8,-23],[-181,-28],[113,35]],[[79507,106464],[-69,39],[244,49],[86,-17],[46,-62],[-63,-22],[-121,-25],[-123,38]],[[78412,106541],[112,60],[-20,86],[218,-8],[23,28],[103,-3],[18,-176],[-454,13]],[[77385,106591],[-147,58],[129,8],[112,77],[129,-2],[175,-105],[-77,1],[-33,-45],[-288,8]],[[79017,106558],[-80,24],[-5,139],[-109,56],[501,-8],[148,-26],[126,-60],[-295,-7],[-104,-36],[128,-17],[-18,-43],[-122,25],[-23,-67],[-147,20]],[[77776,106772],[28,86],[128,-13],[-44,-21],[107,-34],[-41,-46],[-178,28]],[[79924,107125],[119,35],[362,8],[-34,-46],[-204,-69],[-305,36],[62,36]],[[80760,107031],[124,53],[342,25],[-13,59],[97,56],[94,7],[174,-43],[78,-132],[-292,-107],[-484,-45],[-206,79],[86,48]],[[78953,107231],[183,25],[65,-19],[-231,-57],[-131,26],[114,25]],[[78391,107228],[-61,77],[379,-39],[-89,77],[130,8],[392,-63],[-286,-27],[-144,-47],[-124,31],[-197,-17]],[[79361,107305],[-24,18],[175,32],[122,-46],[-110,-27],[-163,23]],[[80472,107481],[90,-17],[-35,-19],[-138,36],[83,0]],[[73337,96819],[-87,-5],[-41,46],[-79,27],[118,11],[89,-79]],[[73234,96915],[-37,16],[99,7],[21,-89],[-83,66]],[[71925,97180],[-48,-21],[-41,19],[16,23],[73,-21]],[[77952,99155],[-4,-33],[-37,-6],[41,39]],[[77814,99187],[26,-10],[-24,-37],[-2,47]],[[76196,99385],[23,-10],[-117,21],[94,-11]],[[77931,99472],[40,-25],[-63,19],[23,6]],[[82240,99850],[30,10],[-71,-45],[-52,46],[93,-11]],[[82276,99945],[-23,-84],[-66,7],[32,69],[57,8]],[[82113,100458],[-82,51],[26,41],[56,-92]],[[82021,100553],[2,-28],[-56,82],[10,106],[44,-160]],[[82034,100785],[-51,-60],[51,117],[0,-57]],[[110735,104065],[-34,-42],[-73,35],[91,35],[16,-28]],[[90505,104991],[-26,-26],[-40,26],[66,0]],[[79444,106424],[-17,-21],[-170,35],[121,25],[66,-39]],[[79894,106581],[2,-18],[-91,28],[89,-10]],[[77978,106654],[-8,-46],[-75,-14],[-16,61],[99,-1]],[[78341,106674],[-25,-36],[-126,-22],[9,48],[142,10]],[[78171,106735],[86,15],[6,-30],[-59,-8],[-33,23]],[[78123,106746],[-24,-24],[-126,-4],[78,57],[72,-29]],[[78116,106767],[-66,29],[88,14],[62,-31],[-31,-22],[-53,10]],[[79751,107221],[-2,-16],[-245,21],[247,-5]],[[80026,107274],[-44,-19],[-196,30],[240,-11]],[[79296,107465],[93,34],[6,-23],[-99,-11]],[[103940,83194],[6,-20],[-22,22],[8,41],[8,-43]],[[75797,83928],[-29,-45],[-45,22],[13,21],[61,2]],[[75846,84847],[-27,64],[13,51],[14,-115]],[[109456,93443],[36,10],[-12,-29],[-24,19]],[[2503,96857],[-14,-31],[-69,21],[83,10]],[[82294,99456],[4,-22],[-92,26],[40,14],[48,-18]],[[1468,101077],[-14,-18],[-60,38],[74,-20]],[[113735,99996],[1,-50],[-39,-16],[-38,55],[76,11]],[[116473,100071],[50,0],[-58,-54],[-49,24],[57,30]],[[87591,100717],[55,-42],[-55,-59],[2,-126],[-73,-51],[19,181],[52,97]],[[92362,104444],[-62,-23],[-99,22],[161,1]],[[89502,104685],[-43,-102],[-85,64],[128,38]],[[64806,88224],[57,0],[-7,84],[14,17],[35,-25],[12,20],[42,-37],[28,-111],[29,15],[81,-43],[35,7],[19,-42],[41,2],[4,-47],[34,27],[82,-2],[31,-48],[-24,-46],[-47,-26],[-4,-29],[48,-22],[105,-174],[53,59],[65,20],[-49,119],[9,15],[98,-34],[78,-86],[69,13],[26,31],[13,-59],[-53,-34],[15,-35],[33,-8],[35,-76],[65,19],[-10,27],[96,-87],[26,15],[63,-15],[19,-121],[57,-29],[15,-99]],[[66144,87379],[-99,-18],[-49,-57],[-1,-30],[-75,-52],[-28,-133],[-54,-23],[-11,-48],[-51,-44],[-64,-31],[-107,33],[-33,-20],[-56,-144]],[[65516,86812],[-24,72],[-66,9],[-17,31],[-57,12],[-31,-47],[-91,10],[-89,81],[-45,-9],[-136,80],[-44,-30],[-1,34],[-45,11],[-21,-155],[-46,9],[-42,-126],[-72,42],[-45,-53],[-83,21],[-31,72],[-55,37]],[[64475,86913],[-69,113],[-31,15],[-19,-16],[-53,93],[-40,16],[-59,110],[-74,24],[-45,61],[-49,150],[-37,46],[46,101],[-24,48],[-68,40],[-24,86],[-32,38],[-1,45],[55,-36],[20,-60],[12,61],[58,81],[60,4],[42,30],[45,-24],[19,56],[50,2],[24,54],[24,-4],[21,33],[27,-20],[36,69],[92,10],[42,49],[129,49],[11,26],[-47,38],[16,34],[65,1],[30,-39],[-8,-40],[27,6],[-6,-47],[49,-23],[17,31]],[[64475,86913],[-4,-97],[-29,-56],[-87,33],[-16,-124],[-181,-112],[-41,-53],[84,-166],[-33,-78],[42,-6],[18,-34],[-24,-121],[-74,56],[11,35],[-17,35],[-88,-24],[-24,39],[-62,-8],[2,34],[-22,-17],[-1,-63],[-184,-10],[-23,-47],[-46,-5],[-10,-38],[-49,-32],[-14,22],[-72,-24],[-40,87],[-32,-10],[-59,30],[-34,-18],[-18,27],[0,-113],[-41,-59],[-48,-19],[16,63],[-42,-8],[-3,50],[-42,64],[-38,-4],[-17,34],[-35,-42],[-43,8]],[[63055,86142],[-121,85],[-92,-12],[-36,43],[-27,-16],[-1,39],[-23,21],[-9,-21],[-20,28],[-31,-24],[-25,-61],[72,-6],[-15,-42],[-13,21],[-56,-26],[-40,26],[-64,-39],[-74,22],[-45,-32],[-25,13],[17,20],[-24,-8]],[[61990,87345],[2,70],[49,91],[1,52],[-93,57],[-42,101],[7,45]],[[61914,87761],[13,64],[72,67],[-12,95],[-55,23],[26,61],[-30,5],[-55,80]],[[61873,88156],[-8,28],[31,70],[-20,42],[-43,-5],[-7,48],[28,-7],[70,76],[-4,20],[-25,-9],[-1,26],[45,83],[4,71],[-35,117],[-53,55],[-3,52],[75,17],[-10,34],[73,-47],[11,24],[112,25],[32,38],[-46,56],[117,113],[8,84],[-25,54],[-86,7],[-15,50],[24,11],[-2,47],[100,8],[8,111],[44,109],[0,154]],[[62272,89718],[20,47],[38,-10],[-22,18],[-88,10],[-5,64],[13,45],[27,9],[-19,32],[73,61],[242,14],[45,-97],[-36,-32],[6,-20],[43,-37],[36,40],[-8,35],[-20,-3],[13,55],[94,-44],[-21,-35],[5,-81],[-2,73],[22,45],[-26,97],[29,98],[26,22],[70,-39],[137,22],[98,-166],[88,-36],[-83,44],[-63,136],[-45,35],[-91,7],[-23,25],[-27,62],[54,-4],[7,43],[-22,32],[-30,-15],[-16,34],[9,47],[41,39],[-95,-30],[-26,43],[32,13],[-21,4],[5,26],[79,7],[42,55],[-44,63],[-18,-5],[-7,56],[-39,30],[-9,101]],[[62760,90753],[81,1],[97,-30],[16,-31],[64,6]],[[63018,90699],[48,35],[1,-23],[80,-46],[41,15],[24,-49],[-30,-18],[37,-4],[-4,-67],[-63,-53],[101,10],[20,-19],[-20,-85],[59,74],[137,-83],[68,43],[66,4],[-23,-17],[0,-109],[-104,-84],[45,-54],[96,34],[22,-46],[30,10],[42,-34],[20,81],[57,75],[132,24],[9,-60],[-2,53],[78,76],[64,115],[19,-23],[109,-11],[-98,-7],[-33,-32],[-29,10],[-23,-74],[29,-9],[-16,9],[23,39],[67,50],[2,-25],[6,18],[50,-27],[60,48],[27,-96],[58,-29],[11,-42],[27,4],[26,-52],[-1,22],[77,30],[32,-43],[-20,-43],[53,-58],[-30,-57],[74,-61],[70,3],[-12,-33],[17,-5]],[[64624,90003],[59,-280],[-33,-128],[-66,-55],[-7,-69],[174,-171],[-33,-122],[13,-57],[42,-35],[-8,-72],[25,-27],[-59,-171],[49,-91],[-8,-81],[79,-50],[24,-112],[-21,-130],[-48,-128]],[[64606,90153],[-3,-38]],[[64603,90115],[-120,-17],[31,30],[-10,60],[23,-3],[-4,-31],[29,0],[1,40],[-35,39],[-18,-35],[-9,25],[-30,-17],[14,49],[-18,39],[18,6],[131,-147]],[[62140,89944],[-25,-9],[12,-17],[-33,22],[46,4]],[[62380,90042],[36,-7],[-48,-15],[12,22]],[[63663,90180],[41,26],[-13,-39],[-4,23],[-24,-10]],[[62861,90519],[-25,-34],[-25,8],[10,24],[40,2]],[[63623,90491],[20,-41],[-67,1],[-5,23],[-30,2],[38,51],[44,-36]],[[64436,90437],[23,-30],[-15,-41],[-24,11],[20,22],[-31,-9],[16,23],[-61,-10],[-41,-39],[-1,-17],[21,11],[-4,-24],[-32,15],[8,20],[-22,-17],[-40,21],[0,55],[39,5],[-36,26],[38,34],[-43,38],[39,7],[13,-21],[23,41],[-6,-39],[9,26],[18,-45],[30,15],[0,34],[-27,-9],[-24,35],[-38,-30],[13,49],[-23,-5],[6,16],[59,17],[2,-64],[72,0],[12,-28],[-33,-54],[40,-39]],[[62651,90626],[23,-38],[-16,-9],[-21,30],[23,30],[-9,-13]],[[62706,90665],[32,-17],[-10,-26],[-56,17],[34,26]],[[62660,90785],[9,-34],[89,0],[-116,-18],[-7,-77],[1,94],[29,90],[14,19],[15,-10],[-22,-4],[11,-9],[-23,-51]],[[62751,90531],[22,10],[-27,-41],[5,31]],[[67965,92614],[52,128],[3,112],[26,52],[-63,39],[-39,-73],[-44,-24],[-44,48],[-79,16],[-21,113],[-39,37],[-20,-13],[-1,84],[12,32],[89,-11],[-5,30],[29,-4],[-30,18],[-118,-22],[32,34],[-34,68],[68,32],[-2,23],[-21,23],[19,-26],[-21,-25],[-48,34],[37,30],[-16,87],[57,28],[29,-17],[9,34],[108,-8],[-16,73],[63,-21],[-20,30],[48,10],[9,33],[103,-22],[10,38],[33,-29],[10,75],[44,-39],[54,-6],[16,26],[88,-30],[2,22],[42,5],[-19,84],[64,-64],[6,65],[43,-60],[19,35],[21,-23],[14,25],[34,-30],[191,-21],[91,-64],[311,-27],[49,47]],[[68978,92401],[-89,13],[-71,49],[-25,-35],[-99,-35],[-158,162],[-3,43],[-74,8],[-21,42],[-42,-6],[-107,101],[-16,-56],[-46,52],[-92,-57],[-28,10],[-16,-28],[-51,-2],[-51,-53],[-24,5]],[[67844,92768],[23,25],[-3,-28],[-20,3]],[[67607,93013],[31,-39],[-56,22],[-38,-67],[-29,6],[-17,-43],[-61,-26],[1,-28],[-62,18],[-80,-39],[-31,-124],[-62,-50],[-18,44],[80,102],[-111,73],[1,49],[24,-15],[22,22],[-59,99],[54,1],[31,-57],[35,78],[26,-28],[17,52],[87,31],[21,-30],[91,19],[103,-70]],[[67657,93060],[-6,-30],[-46,2],[-54,56],[45,35],[44,-17],[17,-46]],[[67651,93341],[7,-30],[-28,-6],[-45,-1],[-17,33],[83,4]],[[67295,93257],[-33,-4],[-46,40],[136,12],[59,72],[32,-51],[65,-13],[36,-90],[-54,-5],[-11,-35],[-23,30],[-41,-76],[-33,-10],[-30,18],[-11,86],[-46,26]],[[66883,91489],[-29,187],[13,94],[24,-74],[-29,92],[20,175],[110,113],[13,175],[103,179],[89,16],[200,99],[19,-108],[158,-134],[43,-171],[144,-82],[86,29],[149,153],[-31,382]],[[66740,99609],[-174,-9],[80,-70],[5,-66],[-40,-91],[-91,-74],[94,-40],[-91,-79],[-311,97],[-131,-3],[-69,45],[-91,-27],[9,-208],[-89,-141],[-200,83],[-179,-131],[-65,-169],[-53,-58],[-76,-16],[-24,-54],[103,-139],[-7,-92],[-126,-104],[-122,-180],[-81,-68],[18,-136],[-142,-76],[-171,-17],[36,-203],[-29,-63],[-16,-240],[-44,-49],[-23,-97],[-223,-314],[152,-74],[16,-186],[-61,-99],[-243,51],[-83,-21],[-100,-64],[-170,-224],[16,-78],[-76,-116],[77,-180],[-43,-59],[21,-109],[-22,-92],[74,-188],[-50,-351],[84,-90],[66,-22],[91,-123],[-61,-190],[-150,-28],[118,-323],[-40,-119],[8,-112],[-122,-137],[-98,-17],[16,-99],[-74,-67],[45,-224],[-49,-206],[-70,-15],[-5,60]],[[63684,93318],[-22,68],[-63,10],[-2,50],[-14,-34],[-16,21],[4,-26],[-22,-4],[-28,35],[-11,-26],[-4,34],[-27,-20],[-16,55],[-12,-22],[14,60],[-35,2],[-28,72],[18,39],[6,-35],[9,27],[-43,154],[32,82],[20,-75],[12,95],[-21,14],[-71,-39],[9,-88],[37,-63],[-24,-46],[-35,-10],[-13,106],[-58,22],[52,-41],[0,-77],[-47,16],[79,-82],[-11,-50],[24,-29],[-15,-35],[-36,15],[-18,-133],[-12,35],[-3,-48],[-13,48],[-6,-62],[-30,-7],[16,30],[-49,-12],[0,-38],[-57,-11],[-21,60],[-31,25],[-7,-25],[-12,50],[-31,-7],[63,-66],[-24,-19],[11,-17],[-73,-18],[18,-18],[-50,-3],[4,-17],[-29,9],[-9,-31],[60,0],[-14,-25],[-34,-34],[-78,2],[47,-12],[-51,-25],[43,-11],[-52,-44],[-40,8],[-1,-67],[-110,-96],[-26,-56],[-31,9],[-55,-43],[-14,-50],[-9,14],[-17,-27],[-23,7],[9,30],[-25,38],[6,-37],[-36,-51],[-84,-9],[-28,-31],[-141,20],[-49,-36],[-3,24],[50,43],[-71,-34],[15,38],[-26,-34],[2,30],[-35,0],[62,26],[-38,-4],[-32,30],[10,-39],[-26,0],[-3,43],[-11,-43],[25,-39],[-48,6],[-30,33],[105,95],[-54,-31],[-16,33],[18,33],[-23,-5],[2,-47],[-75,17],[-130,71],[-18,58],[-103,44],[-56,129],[32,88],[-12,38],[30,-19],[-35,42],[9,29],[55,-38],[0,-69],[7,38],[39,23],[80,-74],[45,-4],[-54,28],[20,48],[166,57],[-155,-34],[-42,-58],[-19,36],[25,22],[-58,42],[5,24],[78,28],[-39,1],[54,70],[97,36],[-50,2],[-53,-34],[-23,24],[47,15],[-77,2],[16,31],[49,29],[18,51],[100,31],[-102,-22],[16,78],[-44,-119],[-42,-36],[-15,17],[-19,-46],[-13,57],[89,19],[-84,1],[-31,38],[-3,-48],[-30,5],[-21,-39],[46,13],[25,-49],[-82,-37],[-9,78],[-27,-87],[-23,19],[-1,61],[-11,-68],[-17,74],[-17,-44],[-32,53],[0,73],[48,64],[23,-34],[-5,47],[30,43],[0,-102],[-24,-44],[33,22],[16,86],[52,-8],[11,-34],[12,29],[30,0],[-44,12],[22,34],[30,22],[45,-12],[84,59],[-96,-51],[-23,13],[12,51],[-46,-55],[-37,55],[-25,-4],[42,48],[66,18],[13,61],[94,40],[-12,26],[-50,-34],[-10,57],[92,106],[50,39],[46,-9],[-37,-96],[-2,-114],[44,189],[49,56],[101,21],[-68,0],[29,53],[-111,-99],[-21,7],[34,47],[-132,-81],[-40,51],[21,-57],[-40,-7],[23,-8],[-16,-63],[-48,6],[-48,-72],[1,-79],[-39,-18],[-17,41],[37,21],[-26,-6],[-4,58],[27,21],[-65,-45],[-17,15],[7,26],[48,18],[-37,0],[12,25],[-21,-21],[55,96],[-34,-15],[-74,-148],[-36,37],[16,16],[-43,-4],[30,35],[-47,8],[19,26],[-29,19],[52,28],[-20,49],[23,34],[57,-58],[59,-3],[20,34],[12,146],[-29,-9],[4,34],[-47,-38],[-3,-43],[-75,-42],[-26,8],[-45,55],[45,-29],[-32,68],[-66,47],[117,-49],[23,-51],[29,-7],[-21,29],[21,-8],[-7,26],[-59,45],[38,24],[2,24],[60,15],[-22,20],[-48,-25],[-11,-28],[-42,20],[-12,-27],[-50,87],[32,-1],[8,-45],[13,72],[-42,-7],[1,41],[39,19],[104,-51],[27,50],[37,-10],[-12,18],[57,16],[2,-31],[28,33],[78,3],[53,-18],[-5,-29],[38,13],[-1,-36],[82,103],[118,-54],[18,-50],[-45,-45],[59,17],[26,-23],[-8,-41],[18,56],[-53,89],[74,30],[71,-25],[-26,32],[112,50],[-102,-21],[-26,56],[87,124],[-75,-61],[-28,5],[14,-30],[-22,-32],[40,-67],[-18,-17],[-30,13],[-87,-45],[17,45],[-37,-13],[-111,38],[45,76],[2,36],[-32,-78],[-34,-6],[12,-41],[-24,3],[13,-38],[-24,-21],[-50,7],[-36,37],[-34,-23],[-37,10],[25,25],[-77,-30],[-7,26],[-11,-26],[-109,-47],[-42,30],[-34,-14],[-8,21],[19,2],[-56,10],[0,18],[64,-2],[-87,25],[25,14],[-37,4],[9,14],[73,42],[40,-56],[-21,60],[125,8],[-156,-3],[-35,-21],[-20,34],[37,33],[-54,-9],[77,35],[113,-26],[49,35],[46,-18],[-27,26],[-87,-29],[-94,36],[-13,28],[72,4],[-70,21],[93,-4],[-52,17],[24,17],[-124,-4],[6,69],[60,-13],[-14,17],[22,10],[-37,3],[86,43],[-16,13],[35,30],[93,-15],[22,-24],[-41,-21],[107,19],[-14,-67],[31,61],[63,-43],[-41,43],[139,-19],[38,41],[63,-18],[13,22],[-46,12],[-41,-11],[-27,-33],[-196,36],[-27,-17],[-25,21],[77,17],[-178,13],[-90,-26],[-19,13],[14,34],[29,-8],[28,43],[29,-5],[-96,56],[-11,47],[35,18],[89,-94],[4,-35],[25,45],[18,-6],[-67,34],[21,43],[56,-17],[43,-48],[-28,52],[80,13],[-20,-108],[36,76],[32,-45],[105,-5],[-93,30],[-54,73],[46,-13],[-38,26],[10,21],[110,58],[80,-126],[-7,-39],[17,32],[-60,142],[33,8],[22,-27],[-7,34],[55,26],[56,-21],[-1,-39],[38,-52],[-11,-107],[77,0],[-13,18],[-56,-11],[16,96],[60,-10],[34,19],[35,-31],[-14,26],[-27,16],[-44,-8],[-68,25],[-14,28],[21,4],[-62,64],[-131,-34],[-51,16],[70,33],[73,-6],[-66,12],[19,15],[-90,-6],[1,41],[91,15],[25,-35],[3,37],[44,22],[54,-50],[-10,43],[68,5],[-18,-18],[30,-56],[10,60],[69,-23],[59,-56],[10,29],[68,16],[-104,0],[-15,36],[34,-30],[1,56],[104,36],[103,-25],[-24,56],[-195,-59],[-43,7],[37,43],[70,17],[-236,-43],[13,56],[68,0],[-66,17],[-35,55],[109,53],[87,-65],[56,43],[37,-4],[-28,-38],[93,41],[37,-20],[23,-82],[119,-67],[11,-31],[-1,39],[-119,80],[-13,65],[-54,47],[-36,-10],[70,62],[25,-52],[56,-33],[0,-58],[64,-23],[-24,32],[84,-46],[-95,85],[84,13],[-41,0],[2,27],[-59,-31],[-18,17],[50,13],[-77,3],[-25,56],[18,12],[22,-36],[12,21],[-28,26],[135,-26],[-21,41],[121,23],[-106,-7],[-49,58],[96,35],[-42,27],[11,18],[50,5],[19,-20],[39,13],[7,30],[43,-56],[-18,-52],[128,69],[-87,-20],[-11,39],[100,31],[-50,-11],[-25,21],[11,-25],[-27,0],[-16,30],[68,35],[12,-28],[31,37],[26,-23],[-28,30],[70,35],[87,-136],[-43,-62],[60,21],[76,-22],[6,-37],[-5,48],[-63,18],[13,41],[69,17],[165,-30],[37,24],[-50,38],[55,24],[-22,9],[22,21],[-89,-34],[26,40],[99,67],[29,-9],[49,43],[64,10],[-15,38],[-106,5],[43,54],[87,39],[-77,19],[36,50],[-62,-69],[-201,-124],[121,56],[46,-39],[-55,-66],[-276,-140],[-54,5],[-42,93],[103,65],[-32,-13],[8,23],[-161,-74],[3,38],[75,26],[-77,4],[109,56],[-28,13],[135,34],[-18,17],[-66,-30],[61,43],[-64,-17],[21,94],[65,-5],[8,14],[-37,-4],[21,51],[68,-8],[-38,37],[77,32],[-7,38],[30,-17],[-18,26],[47,-9],[-61,30],[11,15],[44,-19],[-8,34],[83,-47],[-27,40],[-39,7],[61,8],[-5,29],[44,-15],[0,72],[34,-17],[34,-81],[60,-9],[-39,-68],[62,81],[82,17],[-73,-9],[23,52],[91,30],[-48,-9],[-8,29],[-32,-35],[-40,84],[73,21],[-21,17],[96,17],[-66,18],[48,8],[-46,5],[32,25],[106,48],[54,-13],[-57,21],[-47,-15],[-217,-134],[56,51],[-59,13],[148,47],[-150,-34],[59,42],[44,-16],[13,16],[-20,-13],[-13,23],[108,25],[53,55],[12,-25],[13,23],[28,-12],[18,-32],[0,35],[148,50],[98,114],[-143,-105],[-44,4],[43,30],[-48,17],[119,17],[-92,12],[-63,-25],[84,86],[64,-25],[-48,21],[-23,52],[78,-48],[-28,39],[51,17],[-58,0],[-11,81],[-20,-48],[7,44],[-32,-34],[-28,47],[47,81],[47,-29],[-10,-22],[60,-8],[-77,72],[30,34],[24,-12],[-8,29],[-28,0],[24,57],[55,25],[109,-69],[-18,55],[-66,32],[39,56],[-123,-13],[66,44],[219,67],[3,-82],[34,30],[61,-7],[-71,25],[11,21],[39,14],[10,-26],[61,23],[57,60],[-79,-41],[-51,18],[-44,-35],[-15,31],[-178,-69],[41,50],[123,31],[-43,5],[16,12],[-47,24],[9,-29],[-37,-20],[-63,15],[-12,23],[46,18],[8,51],[-64,34],[44,13],[41,-55],[45,1],[-32,7],[-2,34],[76,18],[61,-22],[-71,30],[89,26],[-74,1],[-88,-36],[4,41],[51,7],[-71,26],[119,-18],[-107,47],[155,-14],[66,28],[-105,-14],[5,30],[54,0],[-70,6],[0,20],[150,-8],[-101,28],[-49,55],[143,45],[-27,-26],[23,-16],[33,84],[31,-56],[40,55],[98,-26],[5,25],[-105,16],[32,48],[30,3],[-10,-35],[12,27],[72,5],[23,-26],[-7,27],[-70,11],[30,16],[125,6],[-29,-39],[34,-33],[-21,33],[54,38],[96,-35],[29,-54],[4,51],[-35,30],[121,-17],[-11,26],[-99,13],[-40,-19],[18,23],[-93,4],[34,39],[-130,-26],[20,-9],[-54,-24],[3,39],[-118,-23],[99,112],[58,1],[9,-27],[74,43],[-75,0],[-32,26],[110,55],[34,-26],[-50,18],[0,-48],[-60,-8],[62,-4],[53,33],[-12,-63],[34,37],[63,2],[58,-127],[32,14],[-57,103],[123,56],[-133,-29],[-77,9],[-9,37],[65,-15],[1,33],[-87,4],[53,43],[-12,21],[119,-25],[-85,38],[64,5],[75,-45],[-63,53],[20,21],[-93,0],[-14,43],[5,-38],[-68,-56],[-115,-45],[-36,11],[50,25],[-28,18],[108,8],[-34,3],[6,23],[-68,-13],[-19,34],[110,22],[-84,-4],[49,31],[65,-5],[2,-35],[46,43],[66,13],[-1,-43],[24,49],[49,14],[36,-33],[36,68],[32,1],[-71,17],[16,19],[-99,-18],[-19,23],[-49,-50],[-38,26],[75,60],[7,-26],[38,49],[31,-42],[-40,-7],[4,-24],[72,27],[45,97],[41,-57],[-20,-81],[50,-31],[14,-61],[83,-54],[-11,34],[-61,24],[-21,71],[87,-65],[-44,64],[69,-26],[-51,62],[25,22],[75,-15],[-63,30],[-70,-17],[-16,26],[77,13],[-20,21],[59,-12],[-46,38],[-93,-16],[61,23],[-79,21],[10,25],[120,-36],[18,-38],[80,-39],[-79,90],[-115,47],[158,34],[58,-21],[-7,-31],[93,31],[67,-73],[1,-55],[29,43],[-66,65],[9,41],[109,-29],[-70,34],[168,-13],[-134,34],[26,52],[-166,-60],[15,29],[-35,18],[-46,-38],[-105,-7],[-23,45],[52,15],[-8,60],[121,47],[63,-45],[-16,36],[49,21],[70,-36],[73,-3],[-148,59],[76,38],[107,-42],[-15,27],[-90,25],[119,39],[-35,25],[-98,-22],[77,136],[165,24],[-50,82],[87,127],[33,-61],[46,-13],[0,-84],[21,81],[42,-64],[14,38],[93,-23],[-186,105],[7,39],[126,22],[53,-97],[122,-47],[-67,-43],[24,13],[17,-31],[69,3],[-53,94],[-77,4],[-39,49],[23,43],[64,-6],[-11,28],[-78,-18],[-17,48],[101,101],[178,17],[-44,-216],[-40,-37],[53,28],[18,105],[123,-17],[-85,26],[-11,53],[60,82],[1,-46],[53,108],[12,-52],[22,68],[49,-48],[-33,-131],[19,-58],[-142,-204],[109,81],[69,116],[123,-51],[-120,82],[-3,85],[100,24],[3,49],[100,43],[-66,-60],[42,-40],[-8,23],[58,32],[2,-35],[10,55],[39,0],[-39,17],[42,60],[75,-26],[16,-49],[159,-108],[-57,62],[35,5],[-35,62],[37,25],[9,-29],[20,58],[-105,4],[69,15],[32,37],[-127,-37],[-79,23],[5,48],[-61,-4],[-35,25],[77,38],[17,-38],[21,71],[107,-109],[-23,69],[60,41],[-1,-24],[40,12],[5,-44],[7,32],[55,2],[-10,-96],[95,-5],[-78,26],[25,56],[188,-31],[-35,-51],[-142,-24],[-43,-31],[237,68],[26,-120],[73,25],[5,-30],[46,24],[24,24],[-81,9],[-40,33],[75,30],[-34,18],[41,17],[-60,13],[96,17],[-73,9],[101,29],[-51,9],[17,30],[135,90],[143,-34],[-82,54],[83,93],[124,-43],[-23,55],[-137,47],[51,52],[79,-55],[-7,50],[37,9],[-39,13],[0,47],[58,-2],[13,-37],[54,4],[17,36],[6,-27],[-45,-34],[50,-13],[29,41],[30,-80],[35,17],[5,99],[57,-33],[-32,-51],[74,33],[31,-22],[42,23],[15,-20],[-284,-226],[57,15],[-1,-26],[-61,2],[76,-21],[-10,-43],[-59,-17],[41,-33],[-74,-49],[8,-103],[30,56],[6,-45],[47,12],[95,123],[-33,28],[390,380],[37,-13],[-11,-120],[-116,-56],[105,-4],[-51,-174],[48,10],[54,63],[97,-6],[-37,71],[30,19],[62,-18],[-56,35],[4,55],[72,9],[-1,50],[101,-11],[-49,13],[-24,55],[-73,-12],[-19,35],[72,-5],[-32,52],[74,-12],[26,-32],[-10,75],[42,33],[24,-43],[52,-13],[55,20],[12,-18],[37,28],[5,-65],[95,11],[19,-17],[-62,-92],[-45,4],[13,-24],[-168,-2],[4,-30],[42,16],[77,-20],[-160,-82],[211,71],[-17,-65],[-128,-83],[12,-34],[20,38],[80,9],[-44,-28],[25,-11],[69,48],[-58,-85],[2,-155],[-51,-40],[68,52],[10,163],[47,50],[39,-28],[16,34],[-52,28],[39,81],[35,0],[-22,46],[80,77],[87,6],[116,-62],[-37,-26],[41,-4],[-37,-52],[131,56],[27,-34],[-34,-43],[142,57],[34,-19],[-37,-21],[83,-32],[-74,-28],[14,-13],[-55,5],[54,-9],[98,23],[41,-12],[69,-76],[53,18],[43,-103],[-176,-23],[-129,-111],[-501,70],[-19,-13],[52,4],[-41,-38],[169,-31],[7,-31],[175,-24],[-107,-69],[57,34],[69,-4],[11,-44],[-96,-111],[64,47],[117,25],[-30,-55],[43,33],[39,-33],[-7,120],[41,5],[-7,-26],[43,-5],[-12,-107],[27,7],[3,83],[82,-1],[6,-24],[42,22]],[[69511,99603],[-42,40],[8,71],[164,163],[-66,125],[-247,87],[-179,171],[-84,-9],[-100,-83],[-71,-17],[-78,23],[-121,-13],[-101,-127],[-64,-16],[-89,-295],[19,-141],[-56,-75],[-64,7],[-78,-45],[-22,-103],[-76,-57],[-80,68],[-245,94],[-47,-10],[-17,-53],[-179,-61],[-42,39],[-220,20],[-13,69],[-244,281],[-108,13],[-71,-33],[-22,-36],[41,-59],[-28,-32],[-109,43],[-40,-43]],[[64826,99099],[-25,15],[48,35],[-23,-50]],[[64603,99157],[22,-20],[-22,-21],[-53,40],[53,1]],[[64546,99124],[43,-4],[-16,-30],[-112,-30],[22,-30],[-39,7],[-8,-33],[-46,31],[-16,-50],[-18,19],[44,56],[-37,-17],[0,34],[45,25],[-38,10],[45,32],[55,-15],[39,45],[37,-50]],[[64869,99307],[-36,-37],[-58,-3],[-38,43],[22,18],[110,-21]],[[61634,93510],[7,-81],[-29,-17],[-8,171],[30,-73]],[[61644,93798],[-5,-47],[0,42],[-32,-3],[-14,-96],[-12,58],[24,46],[-37,5],[23,38],[-14,26],[67,-69]],[[61705,93862],[-2,-46],[-40,-14],[13,14],[-26,-3],[-22,58],[15,64],[62,-73]],[[61748,93996],[7,-100],[-44,-10],[-10,40],[-38,20],[85,50]],[[61579,94075],[-54,36],[29,35],[-21,12],[-1,69],[41,-77],[6,-75]],[[61535,94278],[-6,22],[63,-37],[14,-51],[-22,-11],[2,26],[-51,51]],[[61771,94373],[-4,-128],[-58,-22],[-59,69],[82,49],[13,39],[26,-7]],[[61529,94687],[8,-46],[-30,-30],[-12,28],[-18,-34],[14,94],[16,-37],[22,25]],[[61497,95133],[119,-26],[-34,-17],[2,22],[-70,-47],[-15,20],[19,9],[-41,9],[20,30]],[[61787,95378],[22,-2],[-8,-44],[-82,-6],[-10,17],[35,0],[-29,11],[15,30],[57,-6]],[[61871,95450],[30,-34],[-89,-60],[2,88],[33,27],[24,-21]],[[61962,95467],[24,-8],[-81,-5],[-22,22],[79,-9]],[[62159,95669],[20,-30],[-80,-26],[4,46],[56,10]],[[62152,95729],[36,0],[-18,-42],[-39,27],[7,25],[14,-10]],[[62466,95879],[46,0],[-46,-38],[-32,22],[32,16]],[[62421,95863],[22,-31],[-60,-38],[-51,26],[9,47],[30,4],[25,-30],[6,60],[19,-38]],[[62578,95978],[25,-51],[-70,-9],[-13,27],[58,33]],[[62701,95983],[27,-43],[-47,-11],[-53,45],[8,28],[36,-32],[11,39],[18,-26]],[[62512,96043],[27,0],[-63,18],[-10,25],[98,39],[26,-71],[-52,-28],[-26,17]],[[62919,96184],[-11,-22],[-200,-62],[-74,13],[44,65],[103,6],[-53,28],[75,17],[19,-15],[35,26],[12,-40],[31,8],[19,-24]],[[62660,96249],[-29,8],[177,82],[-4,-74],[-144,-16]],[[63634,96805],[46,-12],[-3,-42],[-79,21],[-17,31],[32,8],[-60,19],[7,33],[74,-58]],[[63569,97019],[-88,-32],[91,65],[55,-38],[-62,-36],[4,41]],[[63485,97004],[-43,-8],[18,34],[109,41],[-84,-67]],[[63946,97158],[25,-17],[-48,-25],[-59,17],[70,82],[27,-31],[-15,-26]],[[64021,97348],[14,-24],[-94,-40],[12,-27],[-64,-38],[23,86],[29,12],[-17,12],[56,44],[-5,18],[-38,-13],[25,67],[59,-97]],[[63873,97513],[-30,-63],[-45,11],[15,54],[60,-2]],[[64103,97706],[69,11],[-146,-89],[4,16],[-36,-5],[40,62],[46,21],[-4,-31],[27,15]],[[64062,97755],[-93,-38],[45,45],[-29,-2],[77,47],[-48,4],[44,35],[16,-41],[-21,-16],[36,-17],[-27,-17]],[[64627,98437],[-38,-103],[-19,38],[-36,14],[93,51]],[[64222,99021],[34,-8],[-36,-38],[25,-50],[-49,16],[12,-57],[-75,-43],[89,180]],[[64297,99041],[17,16],[35,-18],[-24,-71],[-42,-17],[-25,32],[32,37],[23,-20],[-16,41]],[[64869,99189],[-88,-69],[-6,51],[-34,-70],[-139,-45],[0,30],[53,26],[-35,4],[17,39],[41,-18],[23,15],[-37,41],[68,-4],[-16,25],[38,14],[18,-31],[17,35],[8,-50],[38,50],[91,13],[-57,-56]],[[65342,99268],[-3,-46],[-96,-25],[22,85],[51,14],[26,-28]],[[65552,99472],[31,-30],[-102,-28],[54,84],[17,-26]],[[65603,99519],[38,16],[40,-33],[-60,-45],[-59,75],[66,-34],[-25,21]],[[65377,99412],[-10,-105],[-130,-10],[-55,-99],[-22,-7],[-1,79],[-78,-120],[-100,18],[91,89],[-23,22],[0,-27],[-180,-133],[64,113],[55,17],[-39,8],[32,9],[-53,22],[13,21],[59,17],[19,-17],[-4,39],[64,-5],[-64,60],[55,18],[36,-22],[-24,26],[-46,0],[-16,17],[-1,26],[62,9],[-30,17],[32,64],[88,3],[-12,-106],[-37,-34],[65,35],[11,-18],[-71,-82],[-12,-64],[40,65],[48,27],[26,-24],[-16,45],[60,16],[-39,60],[62,5],[-10,40],[67,-55],[34,6],[-10,-65]],[[65390,99566],[7,-44],[-37,-7],[-71,51],[14,17],[87,-17]],[[64668,99374],[-5,23],[53,24],[-34,12],[29,32],[33,-44],[1,59],[20,-46],[52,25],[21,-23],[15,66],[18,-45],[14,37],[37,-22],[-50,91],[43,31],[16,-79],[36,13],[-18,-51],[48,17],[-37,-35],[34,-80],[-104,-57],[-73,8],[-3,34],[110,35],[-5,34],[-41,10],[8,-26],[-50,-30],[-24,-5],[-5,26],[-21,-30],[-24,25],[-21,-51],[-60,-9],[-13,31]],[[65045,99532],[-33,-18],[46,138],[74,35],[25,56],[88,38],[-18,-98],[-105,-93],[-77,2],[0,-60]],[[65890,99861],[7,-50],[-56,-17],[15,-43],[-29,-8],[36,-39],[-166,-21],[-6,29],[-114,-119],[-29,4],[23,42],[-110,-9],[12,31],[80,8],[39,43],[-91,-4],[-7,17],[89,22],[-80,26],[75,8],[-16,32],[-68,-2],[16,22],[157,-17],[-39,30],[71,8],[-84,17],[-19,30],[43,-26],[9,48],[101,-48],[-59,87],[63,-57],[0,57],[32,-37],[35,29],[-9,-87],[37,47],[36,-17],[-37,-43],[43,7]],[[66199,100105],[20,-41],[-88,-55],[-8,-65],[-192,-25],[-57,28],[3,36],[69,-3],[17,-23],[37,30],[-32,-3],[-39,46],[148,-4],[-93,17],[10,43],[40,-30],[50,34],[4,-57],[33,-16],[-28,124],[106,-36]],[[66851,100215],[47,4],[-85,-45],[-14,62],[52,-21]],[[66406,100223],[21,-19],[-103,-102],[-84,-22],[-129,90],[67,24],[-30,28],[76,1],[-3,39],[48,12],[61,-67],[48,41],[15,-40],[13,15]],[[66796,100270],[-63,-30],[-9,41],[-23,-32],[-31,11],[1,60],[48,39],[82,-8],[-5,-81]],[[66526,100305],[57,-22],[-58,-33],[-67,5],[-76,118],[43,21],[46,-75],[25,28],[30,-42]],[[67504,100403],[27,-34],[-185,26],[-22,35],[41,-14],[-10,35],[42,-9],[25,20],[13,-38],[14,36],[55,-57]],[[67748,100528],[-21,-55],[-100,-53],[30,-8],[-92,-22],[10,82],[-32,-46],[-61,42],[36,8],[-22,19],[109,42],[-9,21],[27,-47],[10,46],[77,-3],[-50,46],[25,4],[36,-7],[27,-69]],[[67885,100627],[12,-46],[-58,-41],[-59,1],[-36,47],[22,93],[119,-54]],[[67338,100532],[-38,-4],[-7,24],[-44,-44],[59,89],[-97,-13],[-18,44],[78,-20],[15,27],[50,-30],[-11,52],[36,-21],[17,26],[61,-71],[33,27],[-34,63],[67,-14],[15,-40],[19,38],[52,9],[-39,47],[88,-20],[9,53],[33,-59],[-61,-56],[-38,8],[-23,-67],[-69,-5],[14,-18],[-45,-16],[-48,25],[-26,-38],[-26,18],[-22,-14]],[[67887,100815],[57,-4],[-73,-24],[-38,24],[43,13],[-51,12],[25,21],[88,-20],[-51,-22]],[[68573,100863],[25,7],[-1,-23],[-45,-24],[-113,0],[7,-20],[-66,-9],[-46,34],[48,22],[-89,7],[59,46],[83,-32],[-55,56],[38,15],[46,-6],[0,-37],[74,13],[-46,-41],[22,-31],[59,23]],[[64162,97886],[-17,-44],[-41,18],[31,42],[27,-16]],[[64184,97995],[-14,-65],[-33,18],[6,36],[41,11]],[[64967,98926],[-44,-22],[-67,19],[48,37],[11,-26],[52,-8]],[[64924,98952],[22,31],[18,-37],[-40,6]],[[64868,99525],[-51,-11],[10,28],[41,-17]],[[66766,100143],[1,-45],[-50,-10],[2,59],[47,-4]],[[69866,100108],[29,-3],[-132,-41],[43,92],[51,-10],[9,-38]],[[66470,100214],[-31,-86],[-95,-15],[126,101]],[[66089,100230],[18,55],[28,-35],[28,29],[26,-14],[-89,-62],[-11,27]],[[66830,100262],[-29,1],[8,44],[21,-45]],[[66379,100271],[-65,16],[7,22],[58,-38]],[[66280,100338],[-23,-53],[-59,23],[34,3],[24,61],[24,-34]],[[57230,100948],[-14,-89],[-204,-46],[-153,-92],[-13,40],[200,87],[63,83],[121,17]],[[66253,103047],[41,-51],[-70,-61],[-94,82],[123,30]],[[68355,104417],[34,-9],[-200,-164],[166,173]],[[68004,105114],[-177,-199],[-179,-82],[-40,-71],[-176,-17],[-95,20],[1,102],[118,77],[-66,-26],[-44,41],[-85,-46],[-365,-41],[-76,11],[3,70],[114,26],[15,77],[133,116],[-260,105],[37,33],[235,45],[232,-7],[190,36],[168,-62],[-122,-44],[5,-64],[169,-72],[104,-11],[121,37],[40,-54]],[[66873,105360],[-125,-15],[48,50],[-108,26],[64,47],[-159,65],[279,31],[52,50],[82,-6],[25,-29],[98,19],[48,-24],[49,22],[62,-205],[-415,-31]],[[68868,105661],[-94,-45],[-91,52],[-8,61],[193,-68]],[[63918,105372],[0,-24],[-72,17],[-117,105],[-76,35],[-74,-7],[-199,219],[-3,74],[161,-45],[86,-192],[63,12],[141,-62],[90,-132]],[[69672,105790],[89,-4],[-123,-30],[-155,38],[-255,-56],[-87,14],[192,77],[339,-39]],[[69882,105855],[89,-9],[-67,-16],[-22,25]],[[66565,105927],[123,1],[121,-44],[-158,-38],[-104,30],[18,51]],[[66551,106086],[29,-26],[-147,1],[-25,34],[143,-9]],[[63549,106292],[14,-25],[-98,-6],[-23,40],[107,-9]],[[63444,106314],[-1,26],[99,-26],[-98,0]],[[66602,105623],[-60,-22],[-89,13],[-60,-27],[33,-42],[-239,-38],[41,-140],[-55,-32],[59,-47],[-95,-47],[-76,17],[-59,-22],[-35,-313],[-36,-19],[-155,2],[-130,-280],[-79,5],[75,-47],[-135,-116],[91,-61],[-127,-81],[-126,34],[-29,-31],[-20,85],[-260,106],[91,47],[137,14],[18,-26],[95,42],[-90,-5],[-76,58],[-57,-10],[10,-33],[-180,-5],[-102,79],[-197,29],[-42,63],[-61,13],[-75,146],[176,32],[35,-59],[55,2],[21,34],[89,11],[270,-22],[122,-57],[17,29],[-142,57],[-320,24],[-47,30],[529,83],[179,9],[79,-23],[-106,64],[73,39],[-108,-46],[-299,-19],[-77,28],[-154,-56],[-174,2],[21,-16],[-57,-6],[-94,16],[-73,-40],[-73,19],[-49,191],[122,25],[124,-82],[-32,81],[266,14],[87,66],[141,-2],[-43,44],[68,34],[380,6],[120,50],[-148,-30],[-174,43],[166,122],[-91,45],[-184,-148],[-187,-16],[-82,82],[91,41],[-28,123],[-40,-116],[-93,-43],[-56,86],[-123,-35],[48,-77],[-68,-34],[116,-69],[-149,-2],[12,-50],[-82,-41],[7,29],[-50,-39],[-66,26],[36,-34],[-281,-6],[-41,90],[-174,87],[277,35],[-255,1],[-28,32],[-147,27],[-87,68],[86,61],[-185,69],[74,19],[227,-52],[85,6],[-27,53],[-120,-14],[7,23],[-133,37],[150,90],[-7,56],[-93,-4],[6,-44],[-86,52],[35,-88],[-140,-43],[-32,15],[-168,262],[168,13],[-109,21],[53,34],[148,-12],[-77,98],[99,-13],[99,49],[74,-95],[32,-12],[10,22],[42,-28],[-31,108],[82,-9],[28,-48],[273,70],[162,12],[18,-87],[-294,-28],[-187,-78],[333,15],[-64,-75],[66,-21],[6,32],[47,-6],[141,-135],[39,48],[-92,125],[133,47],[-46,9],[128,111],[110,-22],[304,-333],[-30,-81],[66,30],[184,-156],[-158,249],[-106,328],[25,28],[140,-4],[-38,90],[91,33],[82,-12],[92,-108],[48,54],[102,-10],[276,-137],[-169,-112],[64,-34],[-43,-78],[230,163],[178,-118],[-1,-79],[-95,-34],[84,-4],[33,-61],[84,-4],[42,24],[154,-15],[40,-95],[544,-104],[-53,-118],[-94,-12],[-136,34],[-37,-40],[-123,5]],[[70890,106618],[180,-4],[-269,-55],[-406,-38],[-39,16],[534,81]],[[65965,106649],[-59,8],[66,47],[146,-39],[-88,-40],[-65,24]],[[67919,106755],[71,-34],[-72,-5],[1,39]],[[68918,106522],[12,-125],[-460,-155],[48,-70],[-47,-46],[-215,-66],[-69,-1],[-18,27],[-210,-42],[-78,-76],[-376,21],[-94,60],[84,63],[-393,-30],[-298,4],[-29,51],[-177,6],[-170,53],[-18,36],[192,22],[67,-34],[247,-14],[-226,73],[458,13],[14,29],[151,23],[-183,-13],[30,34],[-571,-24],[-146,-37],[-315,-2],[-224,115],[170,32],[15,33],[41,-22],[48,51],[-233,-5],[-27,22],[70,0],[-193,34],[84,35],[215,-20],[6,29],[210,-73],[84,38],[-120,29],[-81,91],[101,-3],[109,-70],[80,-4],[-46,17],[67,86],[-149,15],[63,60],[126,-23],[23,-56],[95,28],[67,-76],[82,5],[5,-60],[157,30],[7,-30],[62,37],[38,-22],[67,21],[16,-36],[-99,-56],[76,17],[79,-26],[73,-80],[27,39],[37,-19],[-43,35],[76,143],[-79,53],[40,36],[74,-9],[23,-60],[11,117],[192,-53],[-80,-26],[78,-34],[-99,-56],[22,-81],[39,48],[53,-33],[24,44],[32,-50],[79,32],[-13,78],[83,-24],[-40,25],[147,-15],[-26,56],[114,-37],[-27,-38],[103,63],[-17,-68],[192,22],[-29,-31],[92,5],[23,-26],[43,16],[-13,-33],[367,1],[121,-63]],[[66501,106782],[40,34],[36,-18],[-76,-16]],[[66784,106867],[-80,26],[92,-4],[-12,-22]],[[66923,106889],[-50,21],[103,9],[-53,-30]],[[66743,106936],[-39,22],[154,-46],[-52,-10],[-63,34]],[[61029,22304],[4,-33],[-35,-13],[4,45],[27,1]],[[63562,93373],[-18,-38],[-8,36],[26,2]],[[61639,93996],[-12,-51],[-28,35],[11,25],[14,-23],[-13,41],[28,-27]],[[61516,94493],[-46,42],[33,-3],[13,-39]],[[61450,94601],[-5,-33],[-20,30],[14,29],[11,-26]],[[61582,95218],[-15,-62],[-30,67],[45,-5]],[[62645,95942],[-35,-13],[-13,37],[48,-24]],[[62926,96234],[-48,-13],[14,21],[34,-8]],[[63183,96472],[-13,-19],[-16,22],[29,-3]],[[63693,96823],[-11,-29],[-27,14],[5,44],[33,-29]],[[63655,96863],[-13,-33],[-48,38],[45,20],[16,-25]],[[63792,97156],[-31,-47],[-50,6],[20,35],[61,6]],[[65716,99644],[-56,-64],[3,46],[53,18]],[[68141,100898],[-22,-43],[-52,19],[19,20],[21,-12],[-7,24],[41,-8]],[[61796,93397],[-4,-29],[-58,33],[62,-4]],[[61696,93455],[-6,-33],[-20,48],[26,-15]],[[61880,93506],[26,-19],[-45,-21],[-8,25],[27,15]],[[61491,94343],[-1,-24],[-20,2],[3,45],[18,-23]],[[61488,94998],[11,25],[11,-39],[-22,14]],[[66740,99609],[95,-35],[-1,-54],[166,-91],[110,-101],[61,-12],[51,-57],[244,-52],[86,-65],[33,-106],[47,15],[26,-59],[92,-63],[-60,-54],[24,-174],[-40,-63],[15,-26],[96,-15],[7,-52],[-61,-48],[-7,-67],[140,-218],[-37,-34],[-3,-118],[-77,-65],[4,-89],[20,-69],[55,-29],[43,-70],[48,-142]],[[67917,97596],[-79,-39],[-62,43],[-38,-20],[-51,23],[-14,-43],[-18,36],[-28,-17],[-32,20],[14,-37],[-45,-40],[-149,128],[3,-95],[-12,21],[-38,-10],[-36,56],[-26,-17],[0,-63],[-39,16],[60,-56],[-36,18],[1,-44],[-32,-4],[38,-8],[2,36],[32,-80],[-213,117],[146,-112],[-46,-22],[-70,13],[59,-43],[-34,-39],[-146,-7],[-14,-22],[84,-45],[-26,-28],[-92,82],[-23,-14],[111,-113],[-8,-63],[-36,-4],[8,-26],[-41,-38],[-45,-4],[-21,-74],[-23,-8],[-14,24],[-11,-18],[20,-30],[70,-10],[-26,-13],[25,-51],[-53,42],[-7,-32],[76,-71],[7,24],[27,-28],[10,13],[14,-38],[-60,6],[43,-11],[6,-38],[31,16],[7,-17],[-78,-76],[-18,21],[5,-31],[-122,-104],[-23,-104],[-74,-121],[-21,20],[-23,-29],[-13,29],[-37,-88],[-23,46],[-5,-63],[-8,49],[-14,-51],[-56,10],[-15,-40],[-47,0],[-67,-108],[-80,82],[23,-92],[-56,45],[9,-26],[-27,13],[-11,-86],[-42,-13],[-6,-45],[-19,15],[18,-25],[-20,-26],[-55,59],[-51,-12],[53,-35],[-40,-18],[17,32],[-32,8],[9,-47],[-63,13],[30,-41],[-33,2],[-26,-60],[-25,22],[10,-26],[-30,16],[-34,-25],[94,-5],[18,-21],[-58,4],[36,-38],[-37,5],[25,-22],[-32,-25],[-57,21],[0,-22],[25,4],[-29,-40],[-3,21],[-15,-25],[-44,14],[46,18],[-23,21],[-48,-24],[-34,114],[-46,-4],[51,-45],[49,-121],[0,-43],[-41,7],[64,-47],[-32,-22],[-10,35],[-31,-79],[-57,-1],[12,-32],[-49,4],[-45,61],[-32,-34],[17,-97],[90,-63],[-48,-8],[-16,-135],[-38,-42],[-3,-70],[23,-2],[-2,-62],[38,-5],[-6,-50],[-55,52],[7,-25],[-71,30],[44,-22],[-57,-34],[50,-17],[-55,4],[21,-13],[-30,-8],[43,-13],[-35,-7],[47,-64],[-39,-30],[57,-54],[-41,9],[17,-25],[-35,21],[38,-54],[-20,-20],[2,-115],[30,-5],[-30,-40],[59,-113],[-50,-47],[60,-27],[-9,-17],[79,16],[27,-25],[-18,-15],[22,-50],[24,-4],[25,55],[53,1],[-3,-47],[98,-81],[-9,-35],[64,14],[0,-39],[59,-30],[-68,13],[-28,38],[35,-80],[42,-12],[10,-62],[0,42],[25,4],[48,-90],[-15,49],[22,22],[28,-107],[56,-32],[-12,-38],[-49,59],[12,-48],[-63,-53],[103,11],[10,-22],[-39,-20],[-14,21],[-67,-49],[-24,-56],[-87,-68],[-37,1],[13,-51],[-39,7],[-3,32],[-57,-31],[46,-43],[-17,-8],[41,-5],[33,35],[50,-24],[9,37],[-23,25],[19,-1],[54,-65],[-42,-20],[-76,15],[-4,-38],[44,-29],[-33,12],[37,-57],[-137,-62],[-40,-115],[-39,62],[0,-46],[-2,146],[-19,-42],[-18,73],[-27,-133],[17,-25],[-30,-9],[18,-26],[-48,21],[14,-60],[-51,5],[7,-35],[-109,0],[39,-34],[-18,-22],[-39,15],[20,-28],[-37,-10],[-230,28],[7,-22],[-25,0],[36,-12],[16,15],[18,-30],[17,36],[116,-26],[50,-73],[-63,-39],[-112,31],[118,-69],[2,-18],[-47,9],[26,-34],[29,15],[-30,-32],[39,-50],[-16,-39],[-53,46],[39,-74],[-16,-17],[20,-26],[-38,7],[34,-35],[8,-59],[-25,26],[-24,-15],[11,16],[-43,49],[19,-66],[-37,5],[79,-99],[-93,95],[98,-120],[-45,4],[17,-51],[-22,-22],[-14,21],[-2,-38],[38,-6],[20,-53],[-73,-123],[-2,-62],[40,-83],[-48,5],[-11,-159],[21,-13],[-36,-9],[3,-64],[-41,-12],[-70,-242],[-62,-106],[-21,13],[13,33],[-59,22],[-19,-21],[-2,30],[-73,-43],[-24,4],[0,26],[-34,-22],[-39,22],[-9,-22],[-108,9],[-14,-32],[29,-54],[-52,-12],[-14,29],[-74,-65],[-51,-133],[56,-136],[-60,-84],[-95,28],[-89,-10],[-83,-46],[-133,36],[-49,-13],[9,33],[42,8],[-23,62],[46,92],[-44,35],[1,53],[-35,33],[-123,262],[84,-52],[37,9],[5,26],[-69,89],[30,30],[59,-8],[15,58],[-21,64],[-47,-2],[-44,109],[-80,65],[-6,56],[-63,109],[14,15],[-30,16],[18,3],[-20,5],[16,38],[-31,25],[19,27],[-16,41],[-27,-71],[-25,30],[4,142],[-16,-8],[-11,34],[30,26],[-73,-3],[35,52],[-51,36],[34,39],[11,124],[32,73],[-27,54],[25,19],[-52,-4],[-73,-52],[54,112],[-27,-13],[-12,39],[-10,-80],[-42,-45],[9,78],[-26,-27],[26,61],[-67,-60],[22,146],[-37,87],[19,56],[-12,71],[-30,20],[25,24],[-22,10],[26,45],[42,12],[39,-67]],[[65576,92270],[-75,-176],[-111,-433],[-46,-81],[-3,231],[67,179],[37,20],[78,251],[29,34],[24,-25]],[[66213,92614],[15,-27],[-45,-26],[-3,-34],[-45,3],[-14,-67],[3,-97],[45,-21],[6,-29],[-82,-51],[11,-43],[-102,-62],[16,-10],[-31,-19],[-8,-41],[21,-17],[-77,-58],[40,113],[-29,-17],[9,43],[-43,79],[27,75],[-17,106],[182,229],[22,2],[20,-58],[16,56],[21,4],[1,-20],[26,15],[15,-28]],[[66290,92682],[22,-8],[-59,-24],[-21,-46],[-20,33],[16,40],[62,5]],[[63784,92733],[-2,-38],[-13,11],[-33,-50],[-20,10],[-6,31],[17,2],[-20,26],[77,8]],[[63807,92841],[-1,-66],[-113,-11],[-2,-22],[-17,46],[85,57],[2,30],[46,-34]],[[66310,92927],[-27,-16],[-21,33],[48,-17]],[[66010,93485],[-28,25],[89,-25],[-32,8],[11,-29],[-40,21]],[[66050,94154],[-49,27],[-8,86],[57,-113]],[[66028,93384],[-39,-55],[3,43],[36,12]],[[66132,93508],[-7,-27],[-18,6],[25,21]],[[66092,93536],[-13,17],[20,4],[16,-26],[-23,-20],[0,25]],[[65902,93564],[48,-11],[-28,-17],[-20,28]],[[66085,93640],[-35,-52],[-12,42],[32,35],[43,-4],[-28,-21]],[[66192,93720],[-38,-31],[25,40],[13,-9]],[[66151,93699],[-32,-17],[55,52],[-23,-35]],[[66198,93830],[-35,-15],[23,49],[12,-34]],[[66108,94072],[27,-22],[-27,-3],[0,25]],[[65104,91517],[-6,-26],[-15,19],[21,7]],[[65498,92906],[-21,-4],[-13,38],[24,7],[-10,-27],[20,-14]],[[65974,93304],[-2,-27],[-39,-12],[41,39]],[[65933,93329],[-49,-31],[17,39],[32,-8]],[[65770,93319],[-8,-58],[-20,39],[9,68],[19,-49]],[[65908,95633],[-32,-2],[5,44],[39,-5],[-12,-37]],[[66831,96301],[17,12],[-28,-57],[11,45]],[[67249,97350],[6,28],[20,-35],[-26,7]],[[67270,97398],[-2,24],[49,-31],[-47,7]],[[67390,97446],[21,4],[-15,-22],[-6,18]],[[67518,97530],[3,-31],[-29,44],[26,-13]],[[67795,97553],[-19,-36],[-19,29],[38,7]],[[67444,97528],[2,35],[21,-35],[-23,0]],[[69130,94296],[-23,13],[4,-43],[-38,-8],[18,16],[-20,2],[-1,-32],[-52,22],[11,-30],[-91,34],[25,9],[-31,37],[-12,-46],[-44,21],[-38,-38],[10,-24],[-56,7],[1,18],[-36,-43],[-17,21],[-36,-7],[-18,29],[50,77],[43,-22],[-32,49],[-64,-90],[1,-51],[-42,-32],[-32,47],[9,-31],[-43,-4],[-75,56],[63,-93],[-22,-23],[-12,43],[-54,21],[25,-25],[4,-73],[-59,47],[32,-34],[-38,-12],[-28,33],[6,41],[-47,-24],[-8,-51],[-63,17],[-95,-78],[-10,41],[-16,-44],[-35,0],[8,23],[-21,7],[7,-18],[-52,-38],[-39,34],[14,-60],[-50,-43],[0,35],[-44,-31],[2,49],[-51,-36],[-52,-5],[-3,17],[-67,-51],[-123,0],[39,74],[-103,-111],[5,-35],[-115,-19],[113,70],[27,54],[-34,-50],[-38,-4],[0,32],[49,41],[-74,3],[-3,57],[-19,-26],[-31,35],[68,129],[-185,-95],[41,47],[-63,-9],[55,84],[-110,-10],[-64,50],[-18,-15],[-48,57],[-19,-9],[10,-23],[-30,0],[18,94],[-59,-38],[-17,-50],[-31,50],[20,0],[-56,8],[20,17],[-39,52],[29,-7],[10,32],[-47,61],[-3,23],[36,7],[-25,17],[25,0],[-43,98],[61,0],[-13,69],[39,21],[-28,27],[23,21],[-7,60],[-25,17],[41,8],[-50,44],[57,0],[-37,51],[78,-25],[-59,77],[-7,38],[23,-8],[-39,38],[-18,93],[-59,49],[51,139],[-6,37],[-20,-22],[9,78],[-23,-4],[0,38],[-18,-47],[-5,52],[-23,-9],[-2,94],[27,18],[-34,25],[-13,-17],[31,77],[-15,39],[23,1],[20,55],[49,6],[35,120],[64,-28],[-56,63],[-5,56],[79,-11],[-13,17],[63,21],[-4,-51],[34,-22],[14,60],[50,-4],[66,56],[-61,85],[70,-25],[-43,60],[22,6],[19,-44],[14,12],[50,145],[68,-44],[37,45],[-23,13],[31,11],[-8,32],[32,-19],[21,56],[118,44],[-7,83],[69,-18],[-10,50],[96,100],[27,-13],[20,89],[113,89],[81,157],[-16,15],[43,-10],[23,41],[119,40],[43,-60],[46,6],[-1,49],[-56,35],[84,0],[-29,81],[-48,17],[38,65],[-20,94],[30,22],[-1,45],[-97,84],[-81,28],[-47,-17],[-42,80],[53,93],[-101,-89],[-56,33],[-11,-27],[-14,27]],[[67333,93982],[2,21],[12,-46],[-22,-12],[-9,52],[17,-15]],[[67030,94034],[25,22],[28,-9],[-14,-34],[-33,-3],[15,15],[-21,9]],[[67112,94069],[48,-9],[-56,-39],[8,48]],[[66982,94081],[32,-17],[-59,5],[27,12]],[[67217,94081],[-27,-47],[-14,26],[41,21]],[[67267,94077],[28,26],[-8,-31],[-20,5]],[[68403,94099],[-14,36],[34,-32],[-16,-26],[-4,22]],[[67478,94101],[38,32],[-76,-181],[-25,18],[-18,-30],[-2,38],[-41,-30],[-16,73],[59,17],[-61,5],[11,45],[6,-24],[125,37]],[[67233,94146],[77,-25],[-86,-3],[9,28]],[[67327,94150],[-25,0],[28,22],[26,-22],[-36,-17],[7,17]],[[67197,94158],[-68,26],[8,61],[60,-87]],[[67106,94251],[-12,-17],[25,45],[-13,-28]],[[66996,94300],[29,-21],[-13,-35],[-38,34],[22,22]],[[66964,94305],[-28,30],[15,20],[13,-50]],[[66953,94502],[-21,4],[32,4],[-18,35],[20,13],[23,-26],[-18,-31],[-18,1]],[[67005,95983],[2,-30],[-61,-30],[-55,86],[55,-5],[-16,-34],[30,-9],[10,25],[35,-3]],[[66971,96009],[-30,25],[39,22],[-9,-47]],[[68193,97115],[23,-7],[-80,0],[-33,-25],[35,-19],[-31,-14],[-57,54],[90,36],[53,-25]],[[67302,94070],[24,2],[-29,-31],[5,29]],[[67183,94126],[-25,18],[31,-1],[-6,-17]],[[68728,94229],[16,-16],[-37,-27],[-8,21],[29,22]],[[67246,95986],[-25,42],[42,-6],[10,20],[-1,-38],[-36,2],[10,-20]],[[67183,96036],[13,33],[33,-1],[-46,-32]],[[67466,96317],[-22,-37],[-20,26],[42,11]],[[67005,94686],[-25,1],[6,19],[19,-20]],[[95647,65579],[-10,63],[22,52],[-32,43],[-5,43],[48,21],[25,132],[-26,47],[-5,42],[-26,6],[-2,38],[-39,9],[-74,174],[13,54],[63,37],[23,57],[-3,37],[-46,-3],[-52,71],[-18,65],[-44,16],[-33,68],[-3,72],[-35,-68],[-24,14],[-10,89],[-33,46],[-5,206],[-10,-15],[-28,19],[-42,182],[-33,-18],[-122,228],[-32,33],[-39,113],[0,69],[-46,136],[-19,13],[-15,-32],[-23,28],[-1,36],[-19,-2],[-23,36],[-1,37],[-28,55],[11,79],[19,22],[-19,52],[-134,61],[-71,108],[-95,83],[-21,51],[-100,74],[35,57],[28,13],[18,45],[-30,123],[29,-18],[47,34],[22,-32],[28,19],[42,-52],[36,3],[21,74],[43,41],[3,36],[-20,12],[8,26],[57,54],[5,51],[-19,62],[-30,29],[-54,-6],[8,81],[-35,45],[-72,17],[29,59],[32,1],[24,69],[-75,78],[-36,76],[-63,43],[-102,-72],[-36,-119],[-62,60],[-16,40],[-31,-17],[-73,42],[-38,116],[-23,22],[-19,95],[-29,17],[25,32],[14,90],[-23,-15],[41,94],[-8,101],[-34,-20],[-13,82],[-18,-97],[-34,-15],[-20,153],[-38,35],[2,40],[-92,141],[-29,95]],[[95803,69827],[-20,-27],[-7,52],[-15,3],[-9,-27],[-3,24],[-2,-21],[-18,17],[6,-38],[-12,-30],[-38,-17],[-15,-56],[-23,34],[2,-31],[-37,18],[9,-25],[-25,-9],[-2,-22],[4,-132],[-54,-22],[-5,-35],[-43,14],[27,51],[-21,-22],[-11,18],[-2,-22],[-7,22],[-8,-52],[-49,26],[30,-52],[-23,17],[-2,-34],[-32,47],[16,11],[-7,31],[-52,-3],[13,-9],[-9,0],[7,-29],[26,-13],[-3,-35],[-15,0],[35,-128],[-13,22],[-34,-10],[13,-24],[-22,-19],[-17,22],[13,-43],[-35,-34],[20,4],[0,-43],[-20,-26],[25,7],[-12,-45],[11,-63],[-3,-7],[-15,28],[-13,-1],[17,-10],[7,-38],[-63,-12],[-68,-138],[-23,-17],[0,43],[-8,-43],[-20,22],[-23,-47],[-9,-82],[-20,-13],[19,-4],[-19,-29],[-16,-83],[-9,10],[7,-113],[-14,-13],[12,-77],[-21,-30],[-2,-77],[-31,-27],[-11,-50],[8,-48],[27,-34],[-14,0],[5,-18],[21,-25],[-1,-77],[5,60],[38,-156],[23,-25],[48,-132],[24,4],[35,-39],[25,-44],[-13,-21],[13,-25],[5,25],[25,15],[-3,-32],[33,-77],[-30,-42],[21,-108],[-41,34],[-30,5],[48,-26],[-15,-7],[8,-23],[3,19],[29,-19],[86,-218],[116,-155],[31,-105],[-21,-33],[25,26],[139,-201],[-64,38],[64,-56],[-9,-9],[18,4],[0,-34],[12,15],[48,-88],[-15,4],[5,-46],[28,-22],[11,47],[27,-21],[11,17],[17,-69],[-14,16],[0,-16],[50,-12],[-20,-43],[18,-48],[10,11],[-10,-54],[21,4],[-5,95],[29,-4],[-6,-35],[-16,5],[4,-70],[37,-61],[-5,-18],[12,7],[15,-84],[54,-136],[22,-7],[-18,-39],[7,-11],[15,33],[26,-65],[0,-39],[16,13],[-11,18],[13,34],[19,-89],[22,-23],[-16,-17],[-2,-43],[-12,-1],[12,-20],[4,16],[25,-194],[34,-76],[-9,-95],[60,-270],[-23,15],[45,-175],[-1,-74],[-11,-2],[-6,85],[-11,-53],[13,-18],[-11,-35],[23,-120],[-28,63],[43,-104],[-11,-36],[-11,15],[9,19],[-18,15],[-5,-58],[25,-25],[-4,-35],[-12,0],[12,-39],[8,34],[-4,-98],[54,-147],[-4,-29],[-9,-4],[3,21],[-23,-34],[17,-83],[17,-22],[-7,-54],[-15,30],[-1,43],[-9,-30],[-11,13],[16,32],[-11,54],[-51,-95],[0,-60],[15,22],[-4,-39],[35,-90],[-15,-18],[-37,68],[-12,-12],[31,-84],[-22,-18],[16,-48],[-14,-4],[37,-202],[-23,5],[-2,85],[-14,72],[10,-96],[-27,-71],[12,-25],[14,28],[13,-83],[-36,-104],[-38,40],[-1,-174],[-22,-29],[-43,9],[-31,-89],[-66,-18],[-19,-63],[-35,-19],[-23,-68],[-14,24],[-50,-21],[-36,-137],[-26,14],[-32,-18],[-104,-120],[-59,-30],[-21,-47],[-27,17],[9,12],[0,6],[-14,27],[-38,2],[0,17],[-23,-17],[14,28],[-1,51],[-16,58],[15,-97],[-12,50],[7,-64],[-16,-35],[-7,84],[-21,32],[-17,-13],[-19,35],[-10,-11],[10,-41],[-7,-17],[-6,-34],[-26,0],[5,-17],[-25,-35],[-5,30],[1,-22],[5,-12],[6,2],[13,24],[12,-26],[17,22],[15,-47],[1,-68],[-122,20],[123,-96],[-19,-68],[-13,18],[-16,-68],[-19,4],[-41,49],[-59,127],[57,-142],[78,-87],[-20,-44],[-17,-2],[-64,95],[-91,167],[24,-76],[127,-239],[-10,-96],[-53,-23],[-45,52],[-105,203],[-38,33],[85,-163],[41,-130],[4,-44],[-14,-33],[8,-30],[-217,-150],[-44,-81],[-38,-133],[-36,-30],[-28,-67],[-81,-43],[-46,31],[39,29],[-1,24],[26,-9],[17,22],[-36,-5],[25,22],[-3,39],[-35,-24],[-14,29],[13,75],[15,502],[12,71],[25,1],[36,56],[12,-54],[-2,60],[-34,88],[-34,3],[-43,81],[-22,-3],[-31,-49],[-8,73],[-17,14],[-13,55],[8,31],[-18,-26],[-6,26]],[[94626,62896],[38,68],[96,2],[26,62],[45,52],[-19,106],[22,40],[80,-68],[31,78],[21,-14],[93,47],[42,-117],[17,42],[29,-48],[53,-33],[-18,99],[3,28],[19,4],[-10,49],[-15,21],[-9,-20],[-81,147],[10,96],[-7,65],[-21,25],[5,24],[18,23],[25,-12],[27,80],[69,-29],[17,-30],[51,-9],[-10,63],[14,63],[-15,67],[102,0],[24,60],[60,9],[86,141],[36,15],[32,-47],[33,56],[17,164],[-35,260],[49,218],[-1,81],[-54,179],[-4,125],[-25,12],[-12,73],[11,139],[11,50],[26,17],[19,160]],[[95211,62395],[27,-21],[-2,-27],[-14,-5],[2,15],[-17,32],[9,-28],[-10,4],[-34,118],[39,-88]],[[95382,62801],[9,-20],[-80,37],[71,-17]],[[95531,62924],[13,-25],[-7,5],[-34,-69],[-3,43],[31,46]],[[95453,62908],[13,-21],[-30,-22],[-2,75],[16,19],[3,-51]],[[95443,62966],[-18,19],[0,43],[25,-21],[-2,-34],[-9,21],[4,-28]],[[96248,64024],[7,-13],[-14,-8],[-20,25],[27,-4]],[[95362,61844],[-29,-53],[-2,31],[29,38],[2,-16]],[[95307,62565],[12,-39],[-37,69],[25,-30]],[[94503,62865],[1,-77],[-17,-95],[6,-55],[-14,14],[-18,127],[-36,86],[29,-3],[23,53],[26,-50]],[[95432,62921],[-18,4],[13,-22],[-6,-16],[-24,37],[-6,64],[9,6],[3,16],[-12,40],[32,-33],[-2,-34],[10,-27],[-10,-13],[11,-22]],[[95500,69397],[-16,-8],[14,-34],[-9,-18],[-44,83],[15,25],[50,-48],[-10,0]],[[95421,69447],[11,-56],[-18,54],[0,-21],[-17,10],[5,45],[19,-32]],[[95649,69466],[9,39],[-3,-33],[-27,-66],[2,43],[19,17]],[[95722,69535],[15,-21],[-18,-31],[3,52]],[[95651,69535],[8,9],[-15,-69],[-39,-17],[46,77]],[[95667,69655],[8,4],[-45,-76],[-32,-23],[27,135],[26,-48],[16,8]],[[95763,69767],[43,8],[-52,-34],[10,16],[-15,1],[14,9]],[[96270,64262],[2,-27],[-29,35],[27,-8]],[[95597,69413],[3,-17],[-13,28],[10,-11]],[[95601,69452],[-5,-18],[-12,15],[17,3]],[[95748,69538],[11,5],[-13,-28],[2,23]],[[94626,62896],[-29,42],[-22,-4],[-16,56],[-54,-10],[-47,21],[-27,70],[-15,-97],[-39,11],[15,-33],[-41,-5],[-6,34],[-35,38],[22,69],[40,9],[11,96],[-16,106],[-47,62],[-21,-7],[-22,-167],[-17,-8],[-25,38],[-18,-34],[-32,2],[-10,33],[7,135],[-20,44],[32,61],[-29,81],[21,9],[15,-22],[-11,52],[-9,-26],[-16,23],[-10,63],[-2,-39],[-25,9],[16,-5],[-3,54],[17,-6],[-18,30],[-7,-22],[6,40],[32,16],[-34,-9],[-29,73],[25,-73],[-5,-90],[-14,48]],[[94114,63664],[0,75],[-73,258],[23,162],[-94,151],[3,199],[-53,175],[1,181],[60,2],[28,24],[-18,40],[52,58],[25,109],[32,53],[16,103],[73,84],[104,33],[28,30],[20,-10],[14,25],[13,-36],[70,-29],[85,16],[12,24],[121,-27],[23,37],[27,9],[7,-17],[19,21],[68,-37],[0,-50],[24,-55],[18,11],[28,72]],[[94870,65355],[4,-48],[47,-100],[28,-1],[37,35],[28,-38],[42,-10],[52,-103],[56,-4],[27,86],[-46,108],[-13,87],[67,3],[19,75],[25,-28],[38,13],[31,78],[10,-49],[54,-52],[34,-73],[42,5],[31,72],[17,-22],[17,17],[52,107],[43,-34],[35,100]],[[94404,62955],[3,-38],[-17,17],[14,21]],[[94242,63091],[7,-15],[-14,-22],[-26,56],[16,10],[17,-29]],[[94155,63483],[3,-53],[-12,-11],[-6,107],[15,-43]],[[94153,63574],[0,-48],[-11,55],[11,-7]],[[94254,62999],[-3,-25],[-12,43],[15,-18]],[[61805,87396],[32,67],[-53,98],[-3,57],[81,172],[41,-4],[11,-25]],[[78608,72414],[23,-57],[5,-343]],[[78238,70589],[-28,-51],[-847,199],[-321,714],[-8,111]],[[77034,71562],[8,81],[19,-105],[7,38],[13,-36],[16,43],[14,-170],[43,-34],[137,27],[78,91],[8,36],[27,-43],[108,15],[47,-28],[6,31],[29,-45],[64,14],[48,-46],[96,11],[81,50],[67,79],[20,-10],[15,23],[19,97],[18,-9],[-8,27],[20,-18],[-52,56],[22,21],[17,-44],[15,6],[30,99],[-9,51],[146,168],[66,153],[7,-42],[9,5],[-9,51],[57,81],[26,104],[-1,-31],[26,5],[19,54],[92,126],[-3,-33],[42,181]],[[78601,72421],[7,-7]],[[77736,71528],[56,46],[39,-64],[-27,-20],[-15,23],[-10,-26],[-22,-2],[-38,19],[17,24]],[[77876,71588],[12,18],[18,-62],[-30,44]],[[77368,71617],[13,18],[13,-30],[-20,-45],[-6,57]],[[77630,71621],[19,39],[10,-21],[-42,-73],[-45,8],[48,38],[9,-13],[1,22]],[[77954,71685],[21,44],[24,-61],[-45,17]],[[77931,71586],[-14,-6],[-13,33],[16,12],[11,-39]],[[77951,71635],[-6,-37],[-9,32],[15,5]],[[77280,71739],[10,-23],[-8,-17],[-10,14],[8,26]],[[60718,88367],[201,152],[74,28]],[[60993,88547],[14,-80],[37,-4],[4,25],[32,6],[55,-22],[11,-31],[103,42],[34,60]],[[61283,88543],[25,-63],[12,18],[-24,46]],[[61296,88544],[50,-8],[-11,54],[35,19],[19,-34],[30,-1],[50,49],[14,-52],[-20,0],[49,-13],[39,53],[14,-64],[49,-73],[92,18],[25,-50],[87,-32],[6,-33],[-41,-90],[13,0],[-46,-81],[27,-48],[96,-2]],[[75325,82607],[-39,-84],[-42,-10],[-3,-54],[13,-38],[12,14],[20,-77],[92,-75],[32,-56],[-22,-106],[-41,-44],[-96,97],[-64,-22],[-65,28],[-45,55],[19,24],[-93,59],[-71,9],[-82,-96]],[[74850,82231],[-61,-11],[9,-40],[-78,9],[-20,-29],[-12,19],[-77,-10],[-35,24],[-18,-32],[-87,-12],[-37,-32],[-104,-1]],[[74330,82116],[-19,50],[-51,-9],[-19,44],[-23,4],[27,31],[-61,53],[-44,73],[-13,-17],[-21,20],[11,47],[-72,0],[-40,-92],[-172,46],[-44,-53],[-37,42],[-61,16]],[[73691,82371],[73,148],[12,98],[-106,505],[-77,56],[-25,-4],[-42,121],[-30,-4],[-26,50],[-88,14],[-64,48],[-21,-13],[-39,112],[-77,43]],[[66721,82596],[38,-18],[14,14],[10,110],[19,32],[96,64],[66,-65],[23,83],[66,14]],[[67053,82830],[37,-7],[84,62],[55,-18],[58,40],[25,-35]],[[67312,82872],[62,-116],[102,-68],[15,-92],[42,-84],[-24,-71],[-6,-182]],[[67503,82259],[-56,-13],[-15,-109],[-20,25],[-18,-35],[-46,-7],[-82,30],[-34,-25],[-18,19],[-47,-34],[-47,-109],[-27,3],[-35,-39],[-58,27],[-37,-30],[-110,-7]],[[66853,81955],[-8,36],[-74,4],[-21,101],[-26,12],[-25,89],[-7,66],[20,37],[-32,93],[30,23],[-11,93],[22,87]],[[66853,81955],[-7,-53],[31,-66],[-6,-63],[-27,-54],[-32,-1],[-23,-31],[-41,-205],[-72,-19],[-19,-44],[-26,-4],[33,-106],[-8,-21],[-31,12],[7,-48],[-18,-40],[-21,-17],[-61,36]],[[66532,81231],[3,108],[-34,25],[12,21],[-26,66],[-129,106],[-62,129],[19,6],[25,-63],[18,12],[1,66],[-31,56],[16,-23],[7,30],[-13,18],[-10,-20],[-27,64],[34,105],[-9,55],[20,25],[0,-48],[28,30],[-10,52],[-15,-43],[-2,131],[24,71],[-32,41],[-9,57],[12,-8],[29,71],[-25,45],[57,12],[-18,35],[11,99],[-52,31],[-23,-10]],[[66321,82583],[2,158],[-32,54],[115,259],[34,26],[4,-76],[22,-35],[88,49]],[[66554,83018],[29,-33],[28,-109],[32,-2],[56,-66],[33,-157],[-11,-55]],[[76039,82578],[155,-269],[50,-224],[62,-119],[53,-50],[0,-84],[92,-55],[78,12],[19,-36],[43,-20],[38,-69],[13,-94],[-53,67],[-82,-11],[-30,28],[-25,-48],[-109,-87],[2,-37],[-22,-20],[17,-46],[-20,-34],[0,-141],[-35,-55],[-11,-63],[41,-85],[0,-39],[-14,17],[14,-38],[-45,29],[-23,-189],[-41,-45],[-8,28],[23,13],[8,35],[-27,17],[-9,46],[-26,-5],[-14,-151],[-18,-45],[-12,5],[15,-274]],[[76138,80442],[-89,-24],[-64,139],[-35,-11],[-27,39],[-2,37],[-70,63],[-7,43],[22,36],[62,16],[19,27],[-10,57],[-43,46],[-12,55],[77,69],[-126,205],[-45,-17],[-240,-232],[-27,-75],[-51,-15],[-118,-177]],[[75352,80723],[-7,125],[-32,71],[69,12],[-81,122],[44,36],[11,55],[-60,40],[-53,-16],[-68,110],[-55,44],[-24,63],[-54,19],[20,35],[77,-10],[36,134],[-151,136],[-51,147],[61,63],[14,54],[-61,62],[1,35],[-35,-13],[-64,52],[-3,-19],[-14,8],[-1,31],[33,-2],[11,21],[-55,35],[-10,58]],[[75227,80711],[-232,88],[-43,123],[-52,8],[-22,86],[-44,53],[-28,119],[-21,9]],[[74785,81197],[-11,40]],[[74774,81237],[86,42],[39,-64],[-1,-58],[37,15],[18,-41],[40,-28],[93,50],[25,-13],[-10,-112],[76,-75],[-10,-62],[60,-180]],[[75020,81800],[7,35],[-21,-11],[14,-24]],[[66554,83018],[13,66],[-23,62],[14,14],[35,-20],[12,38],[42,16]],[[66647,83194],[44,17],[-6,59],[61,64],[9,36],[-22,56],[72,37],[15,-25],[-9,-30],[85,-50],[18,-61],[21,2],[17,-68],[49,-25],[-10,-65],[128,-46],[-49,-177],[-33,-28],[16,-60]],[[74330,82116],[7,-53],[58,-56],[28,-106],[-4,-95],[-49,-84],[21,-36],[-10,-47],[42,-110],[-23,-19],[5,-18],[122,-64],[97,16],[66,-63],[84,-144]],[[74785,81197],[-81,79],[-35,-42],[-24,-178],[-124,-25],[21,-109],[36,-35],[-11,-113],[41,-76],[-11,-115],[18,-23],[-3,-151],[40,0],[17,-27],[-29,-56],[-4,-63],[-53,-157],[55,-23],[23,-58],[24,7],[29,-40],[-18,-52],[16,-30],[-8,-86],[79,-97],[-12,-94]],[[74771,79633],[-52,22],[-89,-85],[-19,-46],[-17,9],[-18,66],[23,51],[-5,42],[-49,47],[-32,0],[-60,-70],[-110,27],[-121,80],[-60,-32],[-52,35],[-21,-13],[-52,-130],[-67,-23]],[[71825,78866],[22,63],[-62,189],[142,211],[-9,91],[-56,78],[-72,-95],[-66,-22],[-9,-34],[23,30],[20,-9],[-29,-24],[-4,-21],[29,37],[-24,-65],[-45,7],[14,-20],[-29,9],[-33,-35],[-121,113],[-27,-1],[-43,61],[-26,-2],[-139,-142],[-66,-108],[0,-54],[-26,-16],[-13,-56],[-10,48],[-19,16],[-61,-112],[-14,35],[-31,-41],[-32,19],[-100,-13],[-23,-34],[-49,13],[-45,-48],[-45,13],[-101,82],[-116,231],[-67,27],[-158,137],[-188,26],[-30,26],[-39,-69],[0,-159],[-31,-79],[15,-37],[-31,-73],[-10,-13],[-4,43],[-50,22],[-25,-7],[-16,-36],[-21,11],[-125,-84],[-10,39],[-20,0],[14,8],[-68,20],[-3,23],[-21,-22],[-84,99],[12,13],[-6,89],[-33,-3],[9,47],[25,7],[-7,19],[-52,54],[-30,-54],[7,-22],[10,18],[-10,-33],[-14,-2],[5,22],[-32,37],[-41,1],[-4,74],[-42,-9],[-11,51],[-25,-18],[16,-16],[-10,-25],[-39,4],[12,21],[-19,10],[-3,-49],[16,-30],[-21,0],[-66,-97],[-25,24],[43,26],[-14,-4],[-3,33],[-24,-1],[50,19],[-11,17],[16,5],[-4,29],[-67,-38],[-66,10],[-16,-62],[-89,5],[-16,30],[85,33],[12,26],[127,-16],[4,98],[41,-17],[16,56],[39,23],[-114,-1],[-141,-39],[-41,34],[-19,-21],[-2,21],[-38,-40],[-11,61],[22,31],[-14,8],[43,18],[26,-39],[35,22],[-13,42],[28,5],[2,47],[-34,-29],[-2,25],[-15,-10],[9,47],[-31,-3],[14,43],[-11,13],[-25,-38],[-47,4],[12,29],[-1,45],[-15,-6],[10,82],[-65,43],[79,49],[8,116],[-12,37],[-32,-2],[-55,50],[-34,-19],[-38,114],[-41,-8],[-14,-63],[-25,48],[-34,12],[-9,39],[-12,-21],[-40,29],[25,30],[-5,30],[30,-33],[31,31],[-9,37],[21,4],[-24,25],[-18,-11],[-13,113],[18,26],[34,-15],[42,-84],[4,-32],[-18,-4],[0,-27],[28,-70],[10,77],[31,-44],[97,27],[25,32],[-76,-12],[-40,68],[25,-22],[-18,26],[5,30],[-44,35],[12,8],[-12,35],[33,21],[29,-13],[10,23],[-12,28],[21,-6],[-1,24],[35,27],[-7,33],[-59,-17],[-20,23],[-4,45],[27,43],[-45,67],[-7,41],[-36,8],[12,26],[8,-22],[48,74],[-4,21],[43,34],[2,54],[-229,-68],[-58,6],[27,109],[4,203],[48,29],[32,109],[31,12],[78,119],[85,-9],[35,40],[63,10],[14,-34],[-11,-5],[52,-53],[104,-4],[40,45],[-31,4],[-36,64],[26,26],[91,-39],[-43,-47],[13,-21],[134,24],[234,-23],[28,52],[-23,20],[-50,-7],[-47,32],[6,19],[65,58],[143,26],[28,26],[19,-23],[127,27],[-91,30],[-96,-16],[-21,42],[-20,-8],[13,17],[-10,19],[-78,71],[-7,30],[54,127],[321,-56],[49,45],[183,-85],[132,8],[54,60],[4,80],[252,185],[34,68],[116,75],[104,26],[133,86],[455,-45],[65,38],[20,57],[25,-4],[19,-39],[45,-4],[-33,-10],[-8,-50],[68,-133],[93,-54],[126,67],[-13,-56],[19,51],[24,-17],[30,-64],[0,-86],[86,-128],[41,4],[34,70],[46,-6],[75,-45],[19,-70],[32,-22],[54,-4],[75,-65],[28,9],[27,56],[31,-11],[1,-39],[36,-49],[145,-40],[70,5],[32,31],[27,-13],[63,52],[87,26],[35,-18],[52,39],[66,-66],[34,6],[55,-39],[34,17],[48,-37],[107,80],[31,-5],[90,97],[31,-5],[156,119],[43,84]],[[69199,82658],[9,-51],[-22,-2],[-2,-41],[42,-122],[45,-68],[225,-158],[67,-20],[-41,-145],[-55,-26],[-65,4],[-25,70],[-3,-56],[-36,33],[-90,26],[-50,-27],[-24,-44],[-55,25],[-84,-14],[-78,-179],[-201,-155],[-28,-68],[-85,-92],[10,-29],[-66,-65],[32,113],[-18,63],[203,170],[-13,36],[-95,-38],[-137,4],[-16,83]],[[68543,81885],[23,6],[37,95],[45,41],[-13,176],[103,70],[-12,160],[-6,-14],[-37,36],[4,17],[-48,24]],[[68639,82496],[0,48],[64,21],[6,60],[21,30],[111,18],[35,54],[43,-16],[33,22],[91,-120],[46,43],[43,-14],[-1,30],[68,-14]],[[68548,81321],[5,-33],[-32,31],[27,2]],[[68532,81527],[-82,-43],[-34,18],[32,50],[56,23],[15,-14],[-3,-40],[16,6]],[[69080,81832],[25,-18],[-43,-30],[-23,16],[3,36],[38,-4]],[[69075,81711],[-21,3],[9,25],[12,-28]],[[58083,78870],[39,-8],[-20,-40]],[[58898,78498],[12,-33]],[[60354,83048],[-7,-41],[14,-16],[-14,-11],[14,-32],[86,42]],[[60937,82946],[2,-52],[44,-16],[-19,-52],[-30,12],[-17,-26],[38,-158],[-28,-75],[-72,-84],[-212,-155],[-79,-119],[-173,-55],[-107,-51],[-15,-29],[-61,-12],[-98,-159],[60,-36],[-9,-33],[-57,-69],[-28,10],[24,-4],[23,37],[-57,-28],[-70,-191],[-95,-158],[-87,-199],[-45,-147],[35,-231],[40,-109],[32,-42],[54,-24],[27,-56],[-51,-70],[-41,-12],[-11,-45],[-85,-44],[-28,-65],[-32,-17],[2,-82],[-39,-28],[-11,-109],[-21,-29],[-14,-92],[-9,17],[-23,-50],[16,-48],[34,-29],[-73,-40],[-54,16],[-6,-31],[-45,30],[-27,-11],[-49,-50],[-9,-34],[-58,-41],[-47,-98],[-29,-166],[-82,-132],[-72,66],[-66,-11],[-19,-56],[-33,-29],[-72,43],[-132,-4],[-28,-31],[-141,35],[-188,-17],[-40,-90],[-45,-46],[-81,0],[-94,-60],[-51,-169]],[[58103,79006],[-7,0]],[[58096,79006],[-22,24],[-4,-73],[-58,-36],[-101,112],[-40,3],[-91,216],[26,-39],[17,26],[-15,-2],[-19,64],[-32,7],[-20,69],[31,38],[3,56],[47,30],[-50,-19],[0,-51],[-14,-7],[-37,94],[-131,130],[-8,30],[21,51],[-36,-39],[11,-38],[-57,32],[-104,-20]],[[57413,79664],[-34,256],[69,157],[12,79],[37,12],[12,27],[33,-11],[26,109],[-52,-14],[-85,171],[29,107],[0,75],[72,74],[-4,31],[31,68],[-14,52],[-47,5],[-4,41],[-29,26],[2,37],[-25,44],[4,73],[-51,58],[-30,81],[178,9],[47,197],[-54,108],[83,110],[-21,54],[15,45],[-13,42],[12,172],[-42,100],[11,25],[34,5],[53,128],[50,17],[58,72],[39,100],[-54,59],[-58,-3],[-12,50],[18,80],[-29,60],[-39,-20],[-32,33],[-10,-25],[-66,-1],[-36,27],[-19,-66],[-75,-46],[-9,29],[-45,-17],[-1,30],[-38,16],[-58,-26],[-3,35],[-47,-61],[-44,-3],[-17,59],[45,85],[-36,18],[-6,53],[-135,-65],[-41,-51]],[[56968,82656],[-43,-47],[-5,141],[23,7],[7,42],[60,65],[-1,30],[-16,-31],[-64,-27],[12,53],[20,1],[39,62],[-63,-24],[-33,41],[21,17],[18,-21],[1,67],[31,75],[-18,-30],[-19,26],[-9,-41],[-48,-54],[-20,41],[14,70],[47,77],[-70,-46],[-12,100],[-20,20],[-24,-36],[-8,19],[4,83],[57,54],[-33,-2],[12,32],[79,29],[-18,30],[49,35],[49,-29],[102,58],[11,-23],[8,36],[40,-58],[11,64],[-43,22],[46,26],[-55,-13],[7,60],[86,47],[-2,42],[50,36],[21,-35],[-21,-26],[17,-1],[-3,19],[60,60],[-2,-42],[17,16],[8,-40],[25,27],[58,-32],[32,-75],[76,-1],[0,-50],[14,48],[19,6],[98,8],[46,-19],[96,30],[51,-16],[54,11],[18,47],[58,-64],[95,-4],[-7,-30],[38,19],[41,-30],[231,-66],[167,34],[51,37],[19,-11],[-25,-22],[11,-12],[77,58],[49,-32],[-23,-22],[14,-12],[64,-5],[86,-52],[-7,34],[28,35],[59,13],[26,-53],[10,28],[97,-61],[80,-17],[56,35],[14,-14],[41,40]],[[53913,73814],[18,-23],[-33,-108],[-60,50],[-3,22],[37,-1],[41,60]],[[54759,73926],[4,-112],[-66,-74],[-36,19],[-43,86],[0,59],[35,54],[1,54],[82,-21],[17,28],[6,-93]],[[54121,74036],[32,-1],[38,-65],[-29,-43],[-24,-5],[-28,46],[11,68]],[[54414,74001],[-39,-79],[-49,-15],[-74,222],[136,43],[63,93],[66,0],[-79,-120],[-24,-144]],[[55231,74368],[36,5],[13,-39],[-6,-172],[-30,-102],[-86,-46],[-50,-75],[-55,12],[94,93],[84,324]],[[53972,74419],[12,-55],[-39,-172],[-53,203],[29,48],[51,-24]],[[55394,74683],[21,-19],[-21,-131],[-76,-53],[-21,-47],[-31,15],[23,115],[87,57],[18,63]],[[59635,80012],[2,-52],[-9,69],[7,-17]],[[60387,80595],[13,8],[5,-24],[-41,18],[-25,-25],[16,71],[32,-48]],[[60413,80854],[6,-39],[-69,-87],[-4,-37],[-62,33],[0,44],[28,8],[-3,41],[21,28],[56,26],[27,-17]],[[60995,81288],[40,-22],[-7,-56],[-67,-172],[-64,-73],[-34,59],[-57,8],[-14,92],[-21,22],[-63,-55],[-13,42],[-20,-9],[-12,22],[0,34],[192,189],[82,34],[11,-8],[-39,-26],[-1,-21],[38,8],[-27,-39],[3,-27],[29,-24],[44,22]],[[61310,81376],[12,-36],[-12,12],[-1,-41],[-17,-3],[-89,75],[-50,0],[7,30],[-16,21],[6,19],[95,19],[12,-34],[9,25],[44,-87]],[[60872,80900],[-18,-30],[-6,22],[24,8]],[[94870,65355],[77,51],[30,85],[-6,140],[15,92],[20,36],[-50,89],[40,87],[-2,33],[-27,17],[42,55],[16,122],[-13,54],[-67,49],[-17,75],[21,57],[-121,70],[-14,97],[-87,158],[8,110],[-13,187],[26,149],[-10,118],[-29,61],[-83,87],[-33,96],[-27,35],[-90,278],[-16,9],[-32,-29],[-18,32],[-135,65],[-51,-38],[17,-58],[-42,-24],[-10,-52],[-22,-26],[-11,-84],[-28,13],[-34,-25],[-60,-67],[4,-34],[-30,19],[2,71],[-62,25],[-52,62],[-28,67],[-31,8],[-58,-110],[-38,23],[-21,-102],[-50,-27],[-15,-37],[8,-11],[-29,-45],[-5,20],[-22,-14],[-2,-28],[-83,-140],[-77,63],[-5,21],[38,181],[55,106],[-13,120],[9,49],[-41,65],[68,145],[-3,135],[33,92],[-30,67],[-21,156],[28,107],[-16,26],[-28,-15],[-81,30],[-42,-82],[-40,37],[-22,-29],[-31,19],[-32,138],[35,84],[21,180],[-29,15],[-38,124],[-35,-10],[-29,-84],[-17,15],[-1,34]],[[93178,69095],[41,246],[47,74],[58,-13],[38,43],[-39,-1],[-6,20],[9,76],[27,16],[21,66],[12,96],[42,2],[103,149]],[[75352,80723],[-45,26],[-80,-38]],[[62763,90763],[4,138],[-39,6],[-22,-48],[-13,23],[10,59],[35,-10],[-13,-20],[45,-5],[-24,186],[-59,16],[-43,75],[-24,-16],[25,-55],[-73,50],[29,112],[-18,162],[22,-110],[66,61],[-48,113],[-33,14],[-5,-74],[-9,19],[24,406],[11,25],[-3,-45],[35,-54],[28,20],[40,-26],[17,21],[24,-62],[30,3],[12,50],[-27,39],[78,52],[-25,8],[38,51],[36,6],[38,-65],[-39,-47],[0,-43],[32,60],[40,-18],[-9,-34],[25,-30],[16,22],[-26,-3],[4,85],[-46,-5],[25,37],[-23,37],[9,83],[78,54],[57,-35],[27,44],[76,12],[-40,30],[-28,-28],[-155,-37],[-44,35],[-145,-66],[-62,-100],[12,-62],[-40,-4],[59,0],[-9,-60],[-62,55],[-23,52],[-20,9],[1,-46],[-3,42],[4,26],[123,194],[55,-11],[65,35],[144,3],[54,48],[131,219],[76,6],[143,91],[-65,-110],[38,-85],[-2,-124],[-64,-142],[-36,-11],[-81,62],[-23,-21],[25,16],[64,-56],[40,-7],[-16,-48],[25,-119],[-65,3],[-113,-51],[115,46],[61,-6],[2,-52],[-42,-39],[-10,-56],[49,84],[46,-52],[117,9],[47,-58],[-75,-180],[-36,52],[-37,-85],[0,39],[-54,24],[45,8],[5,39],[-21,13],[-61,-68],[-10,-108],[16,0],[-32,-115],[-27,30],[-77,-19],[59,-24],[-14,-70],[-71,-17],[-77,26],[60,-54],[38,-2],[-49,-56],[-69,-30],[54,-7],[-25,-32],[41,-112],[-8,-32],[-66,-26],[-10,-19],[34,-25],[-42,-30],[49,8],[46,-31],[15,-63],[-20,-9],[9,-34],[-36,21],[5,38],[-17,1],[-50,-73]],[[62760,90753],[3,10]],[[63819,90650],[-11,-48],[-67,7],[-52,-24],[-148,90],[33,37],[-29,45],[18,28],[52,8],[121,-94],[18,64],[65,-113]],[[63355,90755],[23,-30],[-37,-17],[-72,96],[53,-51],[13,15],[12,-30],[8,17]],[[64010,90837],[40,-18],[1,-32],[-64,6],[-47,-47],[-31,14],[21,51],[36,0],[-12,45],[56,-19]],[[63209,90802],[18,-59],[-32,-13],[-31,16],[39,-8],[-16,19],[-54,9],[-8,40],[30,-21],[-16,43],[-57,26],[55,14],[72,-66]],[[63490,90845],[26,73],[-8,-81],[-72,-185],[-30,64],[41,30],[-10,29],[53,70]],[[64919,90901],[-26,-89],[-97,38],[-32,31],[25,130],[130,-110]],[[62699,91034],[-34,74],[29,-23],[5,-51]],[[63427,90858],[-42,-22],[-101,39],[-13,-17],[-43,17],[30,30],[-51,36],[-6,-43],[-2,53],[-32,25],[0,60],[-27,9],[12,23],[-45,43],[36,-17],[-43,41],[42,27],[26,-26],[140,69],[70,-53],[-33,-47],[17,-10],[46,31],[-14,20],[20,56],[39,-79],[-63,-28],[48,-2],[45,-94],[-18,10],[1,-114],[-39,-37]],[[64076,91249],[19,-55],[-39,-32],[-12,43],[32,44]],[[63392,91360],[-5,83],[41,-74],[-29,-76],[-23,42],[16,25]],[[63884,90751],[44,-35],[-70,-90],[-4,-79],[-27,57],[14,39],[-66,138],[57,25],[-14,31],[-75,38],[71,-26],[-37,47],[30,14],[-26,5],[-4,33],[-23,-17],[-75,26],[-54,-14],[9,35],[-42,40],[10,16],[-35,8],[43,29],[-17,61],[-28,7],[17,51],[-67,46],[52,-5],[-70,52],[95,4],[-13,-8],[23,-23],[0,23],[53,12],[-1,52],[43,2],[11,42],[-79,55],[109,-34],[56,18],[-8,-42],[-27,2],[18,-60],[-37,-18],[44,9],[8,-30],[-35,-12],[30,1],[11,-45],[58,121],[-7,50],[39,-123],[-47,-48],[30,24],[20,-28],[12,47],[-23,133],[-59,5],[105,97],[54,14],[98,-52],[-37,-72],[30,-138],[-38,-61],[-52,-9],[-44,-68],[9,-33],[70,-45],[10,-46],[-94,-39],[-28,-54],[-8,26],[-20,-9],[54,-39],[-20,-20],[10,-50],[-38,-16],[-45,17],[-3,-41],[23,11],[27,-34]],[[63709,91880],[45,21],[-22,-30],[-23,9]],[[62815,91910],[-56,-41],[-48,37],[11,33],[41,22],[-16,4],[10,39],[54,10],[34,43],[-30,-147]],[[63586,92278],[15,-23],[-41,-2],[-12,-56],[-58,39],[96,42]],[[63713,77149],[37,-42],[52,-18],[-34,35],[52,-34],[167,-156],[158,-18],[144,71],[105,-72],[86,-6],[118,-49],[94,-123],[237,-77],[34,-49],[27,-89],[-1,-132],[43,-188],[90,-173],[94,-71],[299,-57],[302,-163],[26,-43],[93,-54],[148,-217],[134,-98],[94,21],[93,76],[99,164],[61,158],[16,177],[-41,112],[-35,227],[7,125],[44,137],[84,146],[79,92],[163,135],[121,13],[69,90],[31,8],[54,-29],[90,28],[19,-38],[45,-3],[57,-58],[198,-94],[-1,-78],[15,-23],[-7,-52],[-11,25],[-5,-64],[38,-26],[39,-81],[-4,39],[180,-48],[52,-34],[-9,-17],[40,-38],[152,-9],[62,26],[82,-41],[57,-195]],[[68246,76197],[-101,-193],[11,-194],[38,-159],[-29,-179],[-48,-114],[-25,-108],[41,-159],[17,-243],[39,-201],[0,-1069],[0,-1239],[0,-1096],[0,-1097]],[[68189,70146],[0,-1249],[-332,-4],[0,-312]],[[67857,68581],[-658,611],[-657,611],[-658,611],[-687,640],[-335,-282]],[[64862,70772],[-254,-237],[-244,353],[-503,211]],[[63861,71099],[-143,489],[-273,159],[-103,-49],[-50,65],[-22,108],[-54,67],[-8,297],[-209,525],[34,115],[124,108],[19,199],[-28,49],[-35,232],[33,134],[-9,40],[23,31],[24,131],[-53,275],[25,325],[-8,215],[-53,300],[-127,319],[78,70]],[[63046,75303],[117,79],[127,305],[-3,148],[-46,220],[52,157],[79,40],[28,60],[7,71],[56,32],[33,83],[224,186],[5,46],[-37,82],[18,340]],[[63706,77152],[7,-3]],[[63046,75303],[-158,1154],[-238,286],[-16,193],[-65,161],[-120,86],[-6,115],[-51,153],[-23,123],[11,150],[38,65],[44,29],[22,106],[88,73],[47,73],[-9,21],[19,44],[-6,95],[17,103],[44,109],[-46,53],[14,133],[-31,182],[38,377],[-63,38],[1,22],[86,85],[11,44],[-16,32],[76,33],[-13,65]],[[62741,79506],[74,25],[128,159],[44,1],[134,69],[38,-10],[1,-36],[-30,-37],[14,-38],[33,16],[4,22],[-35,9],[21,23],[59,1],[70,-54],[-48,-13],[30,-19],[-12,-63],[55,-92],[-16,-37],[-15,15],[-22,-30],[28,12],[28,-54],[54,16],[22,75],[50,12],[56,96],[49,20],[27,-142],[-36,-41],[-74,-211],[-83,-46],[-25,-166],[49,-169],[40,-46],[26,7],[6,-51],[67,-38],[-9,-52],[24,-31],[-15,-107],[39,-73],[-80,-164],[-16,-100],[-81,-103],[-10,-55],[-55,-30],[-17,-46],[-84,-61],[-41,-97],[22,-141],[86,-152],[53,-35],[76,37],[7,-65],[-21,-36],[21,-42],[57,38],[9,61],[36,-12],[22,-48],[-3,-111],[64,-48],[-53,15],[15,-62],[84,-11],[-27,41],[51,-49]],[[63535,77566],[23,-26],[-34,-65],[-5,20],[-18,-56],[-21,57],[-28,-9],[-2,106],[65,7],[20,-34]],[[63526,78076],[49,2],[-18,-24],[-31,22]],[[63627,78149],[10,-28],[-55,-41],[41,102],[16,-13],[-12,-20]],[[68734,86596],[62,-1],[64,-57],[-10,-15],[25,-10],[18,-76],[24,-14],[45,-199],[56,-109],[34,-20],[-1,-53],[54,-62],[24,-82],[92,-109],[55,-219],[-1,-121],[-45,-122],[12,-32],[-21,-105],[28,-240],[-35,-24],[26,-21],[20,-61]],[[69745,84690],[-11,-4],[25,-30],[-27,-188],[-19,-26],[-123,-17],[-64,-65],[-8,35],[54,37],[-14,44],[-12,-27],[-5,21],[3,50],[19,16],[-42,26],[-38,-43],[25,-112],[-49,-28],[-5,-44],[29,8],[9,34],[23,-10],[7,-16],[-16,-26],[11,23],[-7,16],[-59,-60],[7,21],[-12,-4],[0,-102],[55,98],[-96,-191],[12,-200],[-31,-160]],[[69386,83766],[-119,13],[-80,55],[-23,90],[-63,-28],[-29,51],[-83,-10],[-45,68],[-74,34],[-292,-103],[-123,-176],[-125,-51],[-64,39],[-168,20],[-80,36],[-36,-26],[-66,-5],[-225,80],[-198,-25],[-13,36],[12,61],[46,23],[3,38],[-113,85]],[[67428,84071],[-4,48],[-44,28],[-24,80],[35,55],[53,-8],[8,19],[-22,30],[-91,65],[-40,-36],[-40,-101],[-19,-8],[-44,98],[-47,24],[-66,-6],[-26,56],[-60,8],[-14,42],[60,20],[-6,28],[-55,40],[47,92],[-85,53],[-33,47],[-52,18],[-72,92],[7,171],[-33,-6],[-38,90],[-73,56],[-37,82]],[[66613,85248],[75,42],[65,-23],[45,81],[78,-22],[37,32],[11,63],[34,20],[-12,38],[19,80],[67,62],[0,64],[27,27],[29,91],[-13,18],[44,52],[33,120],[46,61],[2,77],[51,43],[37,86],[41,8],[20,32],[61,-10],[79,110]],[[66613,85248],[-48,30],[-102,-16],[-41,27],[-39,-5],[-96,-115],[-58,23],[-34,-59],[-28,5]],[[66167,85138],[-42,-31],[-40,16],[-27,-57],[-57,-47],[-64,27],[-117,-8],[-67,46],[-22,57],[-100,30],[-27,83],[-52,23],[-72,143],[-27,0],[-32,51],[-48,24]],[[65373,85495],[-49,88],[14,16],[-32,47],[4,60],[-77,15]],[[65233,85721],[60,89],[70,-4],[-20,16],[23,16],[-13,20],[18,35],[-25,5],[-7,26],[20,56],[-13,76],[69,35],[16,53],[-20,53],[-74,24],[53,58],[77,-49],[17,24],[18,-20],[57,17],[-23,97],[21,11],[6,56],[21,22]],[[65584,86437],[63,-4],[78,-106],[84,-50],[288,17],[42,34],[-23,24],[-2,63],[32,43],[196,29],[29,74],[36,15],[44,-17],[7,-32],[50,-12],[69,73],[63,21],[62,159],[96,22],[103,-50],[105,45],[56,-43],[55,-100],[125,45]],[[65584,86437],[-27,19],[4,38],[-33,40],[-9,70],[-36,58],[33,150]],[[66144,87379],[43,-11],[0,-65],[60,4],[30,70],[75,57],[56,-123],[47,-5],[14,-77],[-16,-48],[59,20],[37,-33],[28,85],[50,19],[11,33],[75,-13],[49,19],[76,-69],[51,41],[-1,39],[41,-11],[23,30],[55,-25],[58,11],[52,-49],[21,18],[36,-29],[37,-84],[166,-78]],[[64624,90003],[10,31],[99,-94],[11,34],[-26,32],[28,92],[-14,-24],[-4,26],[-45,10],[-3,23],[-35,-56],[-42,38]],[[64606,90153],[66,-11],[483,206],[106,8],[12,23],[-26,-6],[62,37],[-14,6],[14,27],[82,97],[123,31],[132,89],[183,47],[143,9],[145,-92],[22,-58],[-37,65],[-92,50],[48,-208],[48,-42],[94,-24],[125,21],[77,49]],[[57468,90861],[-52,-41],[-46,-164],[-129,-28],[28,-41],[46,-17],[-60,-45],[-38,7],[-51,-66],[92,-95],[7,-47],[51,-7],[32,-38],[99,-16],[5,32],[5,-25],[11,45],[31,17],[-13,69],[58,49],[46,-45],[0,-40],[31,-47],[49,-21],[3,-79],[84,13],[8,30],[28,-8]],[[57793,90253],[53,-61],[-16,-17],[-67,26],[-6,-62],[45,-32],[5,-131],[50,-64],[-18,-58],[-21,0],[44,-59],[-23,15],[-29,-28],[41,-38],[15,-173],[19,-33],[-45,-88],[-29,-94],[2,-75],[-52,-127],[-43,13],[29,-47],[12,21],[18,-52],[-14,-34],[-11,17],[-62,-22],[-75,22],[14,30],[-56,-85],[9,30],[-31,73],[14,-69],[-20,-26],[-30,-4],[0,26],[-27,-25],[-137,-20],[-9,-24],[27,-5],[-15,-40],[-44,-29],[-42,22],[-24,-43],[10,-18],[-43,-37],[-75,-13],[19,57],[-80,-6],[43,-34],[-15,-66],[-30,-20],[-16,13],[0,-22],[-3,13],[-22,5],[20,-9],[-11,-51],[-14,21],[-61,0],[22,-8],[-2,-34],[-52,12],[-27,-38],[-62,17],[-34,-47],[-16,13],[-37,-22],[21,38],[-28,-21],[-13,37],[-126,-72],[-4,27],[95,77],[-100,-39],[129,85],[6,22],[-39,26],[4,-26],[-26,-22],[-177,-64],[32,31],[-9,25],[44,22],[-8,16],[65,23],[16,42],[52,26],[-185,-85],[-29,25],[15,20],[-19,23],[-35,-39],[-18,60],[47,15],[-18,28],[14,22],[98,64],[15,-17],[6,43],[45,-4],[5,17],[-66,-4],[0,-23],[-14,18],[-63,-18],[-30,17],[2,-15],[-55,-9],[-8,51],[30,-2],[1,33],[65,36],[2,-32],[22,3],[13,44],[38,-46],[70,7],[-44,16],[11,64],[-38,23],[105,38],[-16,13],[11,48],[126,4],[173,60],[-70,13],[6,51],[-68,-95],[-46,-20],[-16,4],[18,26],[-51,-17],[-49,34],[9,-17],[-51,-37],[-76,-15],[102,107],[43,16],[48,113],[-41,5],[68,129],[67,-18],[-19,26],[42,-9],[-14,18],[19,2],[17,-20],[14,47],[-50,0],[34,26],[-26,9],[-163,-30],[-14,39],[-20,-34],[20,93],[-23,-4],[-4,-30],[-6,39],[-51,-57],[-32,14],[34,60],[-20,-16],[4,25],[-21,-5],[-17,-29],[-71,20],[41,26],[-12,18],[25,0],[-56,46],[59,-8],[11,13],[-25,22],[59,12],[57,-12],[-70,30],[0,72],[114,22],[-19,13],[21,30],[-2,21],[-126,-12],[9,46],[43,-23],[-37,68],[22,55],[-46,-21],[-7,16],[28,8],[-34,63],[-26,-37],[7,-40],[-17,0],[19,79],[-18,9],[39,43],[39,-26],[-15,-23],[-17,10],[22,-24],[22,46],[27,-14],[-27,42],[20,10],[172,-21],[42,-99],[30,90],[125,-12],[34,-44],[21,4],[-37,30],[50,14],[-33,18],[17,13],[-48,20],[63,45],[2,28],[8,-18],[78,35],[-20,13],[50,77],[-57,-25],[-4,21],[-51,-47],[24,26],[-12,22],[-14,-24],[-11,19],[-59,-9],[-42,46],[54,48],[60,-8],[-25,20],[41,-16],[-50,35],[22,21],[55,-13],[-18,15],[15,30],[-24,-10],[-14,22],[28,16],[-30,34],[36,39],[9,-19],[14,79],[46,0],[-5,-22],[59,61],[-9,-30],[32,9],[17,-31],[-3,47],[23,26],[-6,-38],[33,-18],[5,-42],[2,68],[-9,-20],[-22,27],[48,33],[39,-98],[-38,-41],[26,-3],[-33,-55],[69,62],[-31,100],[8,46],[59,15],[30,-18],[-43,64],[148,-93],[-102,-106]],[[56665,89738],[-10,-31],[-9,25],[19,6]],[[56564,90162],[2,-45],[-32,20],[-4,34],[-66,9],[96,25],[4,-43]],[[57043,90824],[14,-22],[-22,-4],[8,26]],[[57468,90861],[61,-16],[34,95],[69,-11],[85,43],[126,-18],[24,-25],[-5,-65],[29,-13],[-3,-45],[33,-25],[28,-76],[29,-23],[-28,38],[16,8],[20,-40],[-13,-40],[-54,-36],[-5,-41],[53,46],[58,0],[46,-137],[-27,-77],[-20,41],[6,68],[-48,41],[26,-85],[-28,-56],[43,20],[0,-68],[-25,-29],[-69,1],[-11,-79],[-48,-43],[-77,39]],[[58853,89714],[-24,107],[40,16],[51,-91],[61,39],[-33,-19],[-42,18],[-59,131],[68,111],[-50,21],[-3,86],[66,38],[10,30],[-22,-8],[-8,20],[41,57],[-19,43],[19,34],[-48,-59],[-36,42],[-32,-99],[-32,31],[11,94],[-8,-38],[-25,-7],[-109,202],[82,232],[44,10],[-21,13],[14,14],[51,-7],[34,27],[-183,13],[-3,-70],[-77,-18],[-2,19],[-2,-38],[-63,-36],[-17,40],[-20,-37],[-25,59],[-24,-17],[-44,43],[-4,-39],[24,-32],[-13,-72],[-158,117],[-32,-39],[32,-107],[-32,17],[0,43],[-68,94],[-6,70],[20,25],[18,-62],[25,-3],[-21,62],[14,72],[47,51],[11,68],[72,103],[-25,69],[-76,64],[20,31],[-9,102],[29,24],[106,-19],[-64,21],[-55,74],[20,-55],[-24,-3],[-5,50],[37,87],[-32,-58],[-23,34],[9,-111],[-20,4],[13,-22],[-18,-51],[-24,3],[-27,78],[12,-68],[-31,43],[-21,-48],[14,-39],[-35,19],[-11,85],[139,176],[-48,-30],[-101,-138],[-25,11],[-4,-45],[46,-108],[-57,-87],[11,-33],[-43,-103],[20,-43],[-30,-32],[-56,4],[34,226],[75,107],[-48,-51],[-20,21],[30,86],[-34,-30],[-8,18],[42,76],[-46,-59],[44,97],[15,-7],[7,64],[-32,-30],[38,75],[-33,-7],[6,49],[42,20],[-30,0],[27,51],[82,4],[48,74],[-45,-65],[-59,-2],[-11,28],[-15,-21],[9,43],[24,-12],[38,29],[-57,-13],[32,73],[107,34],[-81,1],[40,64],[-185,-202],[-32,26],[7,21],[-35,-13],[-51,57],[57,-10],[-9,22],[35,25],[72,-3],[-69,12],[-49,-25],[-88,2],[-24,31],[90,36],[37,-24],[-11,24],[43,0],[-31,27],[63,28],[-28,-12],[3,25],[-62,0],[23,4],[7,61],[25,18],[33,-30],[45,16],[-35,-8],[-50,53],[44,33],[29,-18],[53,4],[-47,0],[-47,32],[34,68],[57,-23],[-31,30],[20,26],[-46,-26],[-50,13],[25,35],[14,-8],[37,19],[18,31],[-39,-36],[-25,7],[7,26],[-63,-38],[-22,87],[12,53],[66,-43],[42,19],[-49,2],[-48,62],[5,33],[38,9],[-43,21],[-2,56],[37,23],[31,-62],[-2,99],[42,-46],[24,33],[64,-38],[-57,44],[9,16],[98,-69],[-50,55],[6,25],[-75,44],[-6,33],[49,-8],[19,48],[-50,71],[88,7],[65,-31],[-16,18],[18,8],[-41,-3],[-41,59],[10,38],[42,-16],[-27,16],[16,25],[18,-11],[-36,43],[39,77],[50,-14],[6,-51],[14,52],[39,-32],[-34,-68],[59,79],[36,-5],[16,-26],[-22,-47],[50,56],[36,-9],[69,44],[44,-18],[99,38],[78,-16],[-4,48],[12,-18],[107,-5],[-37,-80],[24,-35],[-42,-81],[-272,-246],[-28,18],[32,-35],[-7,-25],[-96,-3],[-31,28],[28,-35],[89,-21],[19,15],[23,-22],[45,30],[-70,-100],[-30,22],[-72,-32],[-39,-48],[-5,-16],[75,61],[64,9],[-32,-69],[-52,-17],[18,-8],[-13,-26],[71,37],[-17,18],[164,35],[-6,17],[67,34],[124,-34],[40,22],[161,-22],[144,22],[56,-56],[23,-73],[-73,-112],[-68,-253],[-80,-102],[-29,-101],[-71,-76],[-111,-11],[-88,-54],[31,-6],[115,64],[28,-19],[0,-52],[75,-38],[-24,-35],[-52,-25],[-53,11],[-66,-89],[-60,-23],[-109,15],[-56,35],[61,-61],[192,-39],[46,14],[39,56],[62,-1],[18,-34],[148,-56],[107,-176],[61,-30],[38,-268],[81,-256],[34,-29],[-10,-48],[17,-8],[4,21],[192,-106],[64,-144],[98,-84],[-48,-56],[117,-239],[0,-43],[-4,28],[-71,8],[-56,66],[-125,-3],[-30,-19],[66,-15],[83,19],[30,-54],[136,-126],[46,-172],[-9,-37],[-107,-125],[32,2],[47,-59],[46,-17],[34,103],[27,23],[148,-6],[-16,9],[103,-28],[133,-109],[32,-169],[-63,-253],[-36,-16],[-43,-71],[-62,54],[38,-46],[-67,-2],[70,-4],[-27,-43],[29,3],[-3,-24],[-71,-43],[-28,43],[-35,-61],[-59,-17],[21,-17],[56,32],[-1,-97],[-51,-38],[-105,-14],[-24,-33],[50,24],[53,-9],[10,-19],[-49,-33],[45,-6],[5,22],[12,-34],[71,-10],[157,21],[-24,-35],[3,-110],[-119,-69],[-16,-77],[-72,8],[-46,-45],[-86,-25],[-32,-45],[-180,53],[-162,-34],[-11,-30],[-38,26],[14,23],[-25,22],[-28,0],[-20,-39],[4,39],[-31,0],[4,-39],[-105,86],[50,-74],[-69,-24],[-12,-27],[-44,13],[-82,-30],[-33,30],[-15,-25],[43,-14],[-4,-47],[-144,27],[-20,-24],[2,-50],[-10,40],[-127,90],[-131,-38],[-36,-35],[-32,38],[-8,-137],[-23,-17],[23,-17],[-48,-58],[-10,-58],[-42,-5],[-58,69],[-31,-14],[-48,100],[-10,-39],[-20,0],[32,-13],[0,-34],[-48,30],[-52,-26],[-60,-8],[-7,17],[-23,-13],[-12,-58],[-49,-19],[-18,-35],[-17,33],[3,-33],[-27,-30],[23,-22],[-45,-64],[-38,76],[-56,32],[-30,-45],[-47,-4],[7,68],[58,36],[24,-15],[96,97],[-1,31],[34,19],[12,68],[22,15],[5,-26],[29,-4],[-25,47],[43,4],[13,47],[58,65],[17,151],[63,-12],[43,50],[-7,73],[153,34],[128,-38],[118,21],[3,-17],[15,120],[86,72],[109,157],[-3,20],[-105,-122],[-48,-26],[-39,11],[-65,-69],[-4,-35],[-35,-8],[-89,13],[-60,54],[-39,83],[-45,-11],[5,-27],[-17,-6],[-88,1],[0,39],[66,14],[7,23],[-82,1],[-21,31],[23,4],[-18,35],[-32,-34],[-61,-2],[-23,-51],[-50,-4],[-26,-30],[-59,51],[91,22],[-11,31],[18,21],[-36,-13],[12,-30],[-30,-13],[-54,7],[-11,-18],[-22,28],[46,28],[-1,31],[-9,22],[-57,0],[4,30],[60,30],[16,42],[76,-7],[41,62],[72,15],[62,49],[69,93],[18,103],[36,13],[-35,-5],[-24,39],[45,82],[-20,-8],[-33,56],[24,72],[-110,-21],[-36,-65],[-26,17],[-56,-17],[55,87],[79,63],[6,53],[63,72],[106,38],[-15,30],[92,-30],[90,39],[82,-71]],[[59519,88133],[-29,-69],[-37,-13],[-68,54],[-28,-7],[83,72],[79,-37]],[[59560,88192],[7,-17],[-28,5],[21,12]],[[60182,88570],[0,-29],[-59,29],[11,23],[48,-23]],[[58356,89735],[2,-20],[-40,44],[22,7],[16,-31]],[[58516,89759],[18,-4],[-18,-33],[-103,-75],[7,32],[-36,-1],[-26,60],[0,73],[82,17],[41,-76],[35,7]],[[57804,91013],[21,-5],[-7,-26],[-29,22],[15,9]],[[58192,91137],[-2,-34],[-29,-13],[-60,30],[-16,103],[32,47],[45,-29],[30,-104]],[[58206,91287],[4,-17],[-54,88],[4,36],[43,-55],[3,-52]],[[57873,91274],[-9,-43],[-77,-51],[-10,31],[25,20],[-27,35],[25,38],[-26,4],[-58,-64],[19,105],[38,26],[7,-45],[56,77],[37,-133]],[[57815,91508],[22,14],[-12,-51],[-25,-7],[15,44]],[[57950,91515],[35,21],[-89,-214],[-22,-6],[-16,75],[63,38],[-32,-4],[0,25],[61,65]],[[58005,91644],[16,4],[-12,-31],[-4,27]],[[58030,91703],[18,5],[-27,-22],[9,17]],[[57830,91738],[-35,9],[16,12],[19,-21]],[[57611,91781],[29,-5],[-50,-54],[-28,10],[-8,27],[57,22]],[[57987,91716],[10,-21],[-28,8],[-14,-30],[27,-1],[-35,-28],[-24,4],[2,20],[-131,-59],[-31,25],[8,26],[30,-21],[75,44],[-61,-1],[26,43],[39,13],[-3,21],[-36,-18],[-70,49],[4,34],[45,24],[44,-3],[31,-72],[56,-5],[49,-44],[-13,-8]],[[57730,91869],[-72,-75],[28,58],[44,17]],[[57419,92077],[-17,-40],[-37,4],[36,66],[18,-30]],[[57775,92107],[27,-30],[-33,-43],[-37,39],[43,34]],[[57897,92248],[-19,21],[29,-6],[-10,-15]],[[57469,92274],[16,-12],[-20,-43],[-32,3],[31,-52],[-29,-7],[44,-21],[-46,-9],[-34,86],[22,47],[-13,47],[25,13],[43,-43],[-49,30],[0,-20],[42,-19]],[[57463,92373],[19,-41],[-63,10],[8,35],[36,-4]],[[57862,92287],[18,103],[7,-102],[-25,-1]],[[57507,92479],[22,-12],[-12,-16],[-38,16],[30,-39],[-62,-12],[55,-2],[-4,-24],[-49,0],[-5,26],[-75,26],[23,43],[30,0],[-4,-17],[29,34],[11,-25],[32,25],[17,-23]],[[57695,92287],[-43,12],[-30,57],[21,0],[2,36],[36,-44],[-8,37],[22,1],[-30,30],[5,35],[73,-56],[-7,-19],[14,21],[30,-37],[-35,115],[35,36],[52,-71],[-11,-123],[20,9],[9,-48],[-18,-16],[36,1],[-11,-19],[59,-22],[84,14],[-5,-32],[-114,-116],[6,56],[47,44],[-46,-8],[-20,34],[-14,-64],[-26,46],[-51,-25],[14,26],[-23,-9],[0,34],[-45,44],[52,-1],[-46,22],[-22,44],[-12,-44]],[[57536,92635],[-12,-13],[27,21],[-15,-8]],[[57593,92832],[-3,26],[30,-30],[-27,4]],[[57565,92536],[-56,58],[15,-15],[55,35],[-16,17],[43,4],[-2,21],[-91,35],[59,38],[-41,-8],[11,25],[-17,-10],[-12,23],[0,52],[32,4],[-5,35],[41,-18],[16,-68],[-3,51],[53,0],[-36,60],[191,142],[25,-103],[-66,-69],[32,-13],[40,26],[-3,-26],[-25,-20],[-55,16],[9,-43],[-82,-34],[71,13],[18,-43],[-24,-22],[-40,9],[30,-26],[-28,-35],[-31,23],[4,-27],[-14,9],[-16,47],[39,34],[-32,0],[-25,-34],[34,-77],[-42,11],[15,-42],[-37,1],[-34,-56]],[[58897,93223],[23,-5],[-19,-64],[-25,52],[16,4],[-23,0],[28,13]],[[58798,93193],[39,9],[-56,-17],[-43,60],[12,28],[67,-42],[-19,-38]],[[58972,93305],[7,-24],[-39,-32],[-53,49],[-73,-28],[-9,77],[-20,-55],[-21,20],[1,72],[23,29],[65,-10],[30,-43],[-41,-38],[112,-5],[-19,-25],[14,-15],[23,28]],[[59033,93398],[3,-23],[-51,4],[23,24],[-16,17],[41,-22]],[[58879,93403],[-29,9],[-3,30],[50,-4],[-18,-35]],[[58938,93446],[22,35],[9,-65],[-31,30]],[[59065,93506],[12,17],[6,-21],[-37,-33],[-33,7],[-30,-33],[27,63],[30,9],[-14,-26],[39,17]],[[58865,93523],[28,26],[-8,-26],[53,-42],[-19,-14],[5,18],[-25,20],[-21,-12],[-13,30]],[[59618,94335],[8,-18],[-32,-12],[-27,38],[51,-8]],[[59514,94210],[21,22],[-30,-42],[19,8],[-1,-24],[-34,-7],[32,-17],[-21,-19],[16,-11],[-43,-21],[32,-56],[-30,-26],[17,-30],[-37,-129],[-34,34],[36,211],[-20,-26],[-27,34],[20,-30],[-35,-34],[-24,23],[8,32],[-40,-17],[-22,43],[69,20],[5,-24],[15,30],[19,-25],[7,38],[28,5],[-45,22],[-17,64],[-11,-22],[0,17],[-43,-1],[27,46],[24,-30],[23,2],[-31,17],[20,43],[34,-9],[5,31],[-23,-151],[46,26],[-21,17],[26,17],[22,-42],[-23,-13],[25,-13],[16,17]],[[59551,94386],[-2,-39],[-23,17],[12,-100],[-35,-4],[-14,94],[23,-19],[4,75],[33,-3],[2,-21]],[[59578,94378],[-20,4],[9,68],[23,29],[2,-30],[14,31],[20,-30],[-20,-72],[-28,0]],[[59196,94047],[-3,-24],[-17,13],[20,11]],[[59525,94052],[-7,-37],[-17,46],[24,-9]],[[67503,82259],[79,-12],[44,51],[13,-18],[29,20],[66,-19],[94,59],[46,-8],[14,53],[31,-16],[27,33],[15,-30],[72,29],[23,-76],[64,-58],[10,28],[28,5],[133,-101],[88,48],[43,-12],[43,28],[24,-24],[79,34],[19,47],[-5,60],[-36,108],[53,31],[40,-23]],[[68543,81885],[-13,46],[16,12],[-172,25],[-79,51],[-39,-6],[-14,42],[-33,-2],[-17,-40],[-62,-56],[-58,3],[-21,59],[-50,-4],[-34,-41],[9,-31],[-77,-64],[-89,34],[-29,-12],[-18,-56],[72,-85],[-31,-20],[15,-58],[45,-17],[3,39],[24,-52],[50,-31],[53,-103],[-31,-15],[-44,92],[-77,56],[-69,-3],[-5,-65],[92,-86],[9,-64],[-9,-39],[-17,-1],[-38,35],[-50,131],[-79,39],[-24,-11],[-1,-70],[45,-68],[83,-70],[-15,-11],[-77,37],[-37,-7],[-20,172],[-137,95],[-22,72],[54,32],[-25,57],[-18,-3],[-1,-29],[-31,-16],[-7,-33],[-21,8],[-8,-34],[-24,-3],[27,-62],[-36,-127],[7,-70],[89,-157],[33,-140],[53,-49],[57,-112],[25,-90],[-47,-47],[-50,-4],[9,31],[11,7],[-4,-34],[38,47],[-27,73],[-66,40],[2,-36],[-33,-9],[-6,-42],[10,-39],[16,13],[32,-69],[-12,-38],[37,17],[-30,-51],[-64,-48],[-57,23],[-32,-35],[23,-18],[36,13],[25,-43],[88,-22],[21,-68],[27,30],[40,-21],[9,-30],[-16,-30],[32,-14],[-15,-20],[77,-1],[11,-17],[-9,-13],[33,-61],[93,-41],[43,-78],[-31,-27],[19,-136],[-11,-9],[18,-17],[7,-49],[-18,-84],[-28,16],[-28,82],[-17,13],[-12,-17],[-27,86],[-45,21],[4,46],[-41,-16],[-14,-29],[-131,-31],[-6,-27],[5,-21],[34,2],[23,-26],[-21,-43],[19,-13],[-3,-67],[56,-49],[8,24],[-16,27],[29,13],[-1,-77],[43,-47],[-87,-24],[-11,-16],[16,-16],[-31,-6],[6,-24],[-12,-2],[-31,35],[19,59],[-29,24],[-13,-17],[-28,50],[-22,-16],[-26,52],[-17,-20],[11,-105],[49,-128],[-1,-45],[18,1],[8,-25],[10,-91],[34,-98],[-28,-35],[2,-48],[40,-68],[-7,-21],[20,-47],[-33,7],[-15,50],[-26,-2],[-29,84],[-23,10],[-10,77],[-33,10],[-36,-16],[-18,-61],[9,-22],[-12,10],[4,-34],[-14,-4],[2,-135],[-7,39],[-39,37],[12,122],[-56,120],[-28,12],[5,65],[-34,9],[-35,-26],[-7,-82],[16,-43],[-30,-43],[-19,52],[-39,6],[1,78],[-47,109],[2,47],[40,78],[-7,50],[-41,103],[-49,59],[-20,9],[-10,-20],[-9,92],[-55,33],[-5,26],[9,42],[25,0],[39,47],[-14,-3],[28,66],[2,62],[83,-41],[75,117],[57,-18],[66,-78],[154,-76],[62,-80],[36,25],[-33,44],[22,21],[77,-2],[14,15],[-13,26],[16,9],[-32,8],[-2,22],[-19,-15],[-38,26],[-10,-11],[16,-9],[-20,0],[-5,30],[-29,-9],[-14,13],[11,22],[-34,22],[-16,45],[-28,-60],[-54,100],[-6,-69],[-53,11],[-12,-24],[-18,32],[-58,24],[-43,-9],[-22,-43],[-55,14],[-27,-35],[-30,22],[21,-13],[0,30],[-38,26],[-18,61],[5,-63],[-60,-58],[-24,25],[19,35],[-18,7],[3,76],[-22,-13],[-14,96],[-25,14],[-18,73],[-29,-26],[-14,30],[25,37],[-16,24],[4,33],[16,-24],[14,25],[3,-22],[17,18],[36,-14],[19,-43],[6,30],[25,-22],[-6,76],[-25,41],[-9,-34],[-52,43],[-19,-25],[-7,48],[-27,-53],[30,-41],[-22,8],[-10,-17],[-16,77],[-69,95],[1,36],[-53,14],[-29,60],[-7,25],[17,4],[-17,30],[16,9],[-43,13],[16,60],[-61,43]],[[67906,78200],[2,-25],[-30,22],[28,3]],[[68853,78561],[12,4],[-2,-25],[-51,-22],[16,39],[25,4]],[[68635,78489],[-18,-35],[18,-39],[-14,-61],[-15,-42],[-29,-20],[-54,24],[-321,-68],[-93,0],[1,91],[-59,19],[-54,53],[-118,0],[-74,38],[-47,-16],[-55,42],[20,177],[8,23],[5,-56],[33,-7],[8,109],[25,-95],[69,-9],[23,21],[-4,23],[34,-3],[0,-45],[-37,-10],[38,-29],[22,17],[4,-68],[25,-14],[127,50],[83,-2],[27,-13],[8,-37],[100,-1],[25,-31],[69,35],[35,-9],[-17,-95],[5,-31],[22,-12],[88,74],[32,-22],[55,74]],[[68931,78617],[7,-30],[-17,-2],[-15,-41],[-22,124],[28,73],[1,52],[21,17],[0,-64],[-21,-58],[18,-71]],[[67534,79110],[31,-44],[-15,-13],[-2,-45],[-21,-5],[-27,43],[-3,83],[15,32],[22,-51]],[[69273,79188],[-25,-122],[-34,-76],[9,-38],[-32,4],[-55,-93],[-16,-14],[-15,15],[8,106],[-25,46],[72,114],[105,73],[8,-15]],[[68323,79218],[32,-35],[-5,-51],[-34,9],[25,21],[-18,56]],[[68993,79192],[15,-17],[-9,-19],[-22,31],[-11,-12],[-5,39],[32,-22]],[[68649,79317],[34,-35],[-31,-6],[-18,-41],[-19,50],[48,2],[-14,30]],[[69150,79287],[-9,-39],[-27,30],[27,43],[-9,-22],[18,9],[0,-21]],[[68244,79368],[13,-8],[-39,-43],[26,51]],[[68021,79385],[19,13],[2,-54],[-70,-19],[9,65],[24,-35],[14,10],[-20,29],[22,-9]],[[68077,79411],[0,-26],[-12,22],[12,4]],[[68286,79368],[12,47],[34,-51],[-12,-37],[-34,41]],[[68065,79441],[-23,-32],[-1,32],[24,0]],[[68336,79439],[19,24],[-1,-23],[-18,-1]],[[68954,79486],[25,-28],[-75,-64],[-46,-5],[-6,-46],[-17,17],[1,37],[20,1],[59,78],[39,10]],[[68530,79505],[23,-28],[-106,-77],[-6,15],[36,9],[0,26],[53,55]],[[68222,79514],[-18,35],[16,21],[2,-56]],[[68097,79566],[21,-54],[-19,-28],[-22,90],[20,-8]],[[68831,79510],[15,51],[-22,39],[52,-59],[-2,-32],[-43,1]],[[68464,79609],[-9,12],[18,9],[-9,-21]],[[68289,79574],[-31,-39],[-28,17],[15,61],[30,26],[7,-18],[11,18],[-4,-65]],[[68371,79667],[22,-34],[-4,-78],[-44,-62],[-36,103],[62,71]],[[68010,79656],[26,15],[4,-46],[-37,-4],[7,35]],[[67573,79724],[8,-30],[-19,22],[11,8]],[[67985,79802],[25,47],[12,-60],[-37,-51],[12,38],[-12,26]],[[68327,79806],[-29,-4],[13,60],[10,-26],[6,17],[23,-15],[-23,-32]],[[68177,79816],[7,-21],[-28,-24],[5,92],[17,-15],[-1,-32]],[[67689,79892],[16,-21],[-30,0],[14,21]],[[68226,79909],[-36,60],[87,-34],[5,-22],[-15,-35],[-41,31]],[[67988,79974],[7,-39],[-41,-58],[5,71],[29,26]],[[68649,79974],[-44,-72],[-85,-35],[33,76],[41,-3],[55,34]],[[67712,80029],[-7,-52],[-23,0],[-10,48],[40,4]],[[68877,79999],[-84,-51],[-29,43],[-37,-23],[-6,40],[26,32],[49,14],[54,-42],[-7,26],[40,-9],[-6,-30]],[[66832,80040],[32,-58],[-34,21],[-27,-51],[-65,107],[0,26],[30,38],[15,-44],[49,-39]],[[68193,80025],[-12,-51],[-80,120],[-7,55],[28,21],[23,-53],[35,-6],[1,-82],[12,-4]],[[67666,80107],[30,42],[-25,-4],[11,9],[-9,9],[30,6],[18,-29],[-18,-33],[-37,0]],[[66776,80209],[-39,36],[-17,-18],[-18,12],[-22,104],[-6,-63],[-15,-15],[-12,19],[18,114],[27,-34],[16,17],[3,86],[29,-77],[2,-58],[17,15],[41,-104],[-3,-32],[-21,-2]],[[66770,80416],[16,-44],[-25,9],[-24,82],[13,21],[18,-34],[-11,-43],[13,9]],[[68583,80510],[-14,-35],[14,-115],[-17,-12],[-1,-39],[-45,-35],[-36,50],[42,61],[-16,69],[-37,47],[5,33],[55,13],[50,-37]],[[68391,80553],[12,-20],[-21,-28],[-12,39],[21,9]],[[66727,80557],[-14,-30],[20,133],[28,42],[14,-42],[-5,-97],[-22,-27],[-21,21]],[[68088,80677],[-6,-25],[-19,15],[-12,-19],[-3,52],[-40,20],[12,62],[29,-21],[6,-43],[33,-41]],[[68058,80270],[-7,-107],[-29,-16],[-16,36],[-19,-31],[-29,72],[-27,3],[-6,80],[-20,-1],[9,40],[-15,-15],[4,33],[-32,13],[14,13],[-8,32],[-131,2],[-18,30],[14,30],[-8,36],[-36,24],[-100,146],[-78,37],[4,-28],[-49,-14],[1,20],[66,45],[31,50],[57,23],[98,-171],[43,-5],[44,-49],[100,-19],[-10,-34],[35,-48],[-16,-72],[23,-112],[30,-43],[81,0]],[[67675,80888],[-12,11],[24,31],[11,-34],[-23,-8]],[[67753,80870],[-27,56],[68,-52],[-25,-29],[-16,25]],[[67842,80935],[-35,-47],[42,90],[-7,-43]],[[68732,80827],[-5,-23],[-19,5],[-17,59],[-17,-7],[36,-59],[-8,-19],[-119,27],[-26,39],[46,30],[18,40],[-30,4],[-42,-70],[-58,34],[-18,22],[3,30],[25,43],[38,-9],[43,26],[1,35],[66,0],[18,-31],[-12,-33],[53,-70],[24,-73]],[[68200,81150],[9,-28],[-19,-33],[10,61]],[[66563,81068],[4,-43],[-75,55],[-17,75],[-67,110],[14,28],[61,20],[32,-22],[-5,-30],[-30,-24],[1,-32],[27,-17],[3,-95],[52,-25]],[[68345,81445],[0,-30],[-34,-51],[1,-74],[-37,44],[14,19],[-10,19],[-25,-46],[13,-26],[-24,8],[7,26],[-39,-13],[-4,99],[63,8],[20,-34],[55,51]],[[68425,81703],[-41,-30],[-41,52],[44,20],[38,-42]],[[68124,81883],[-2,-77],[-45,-26],[-42,43],[5,50],[37,53],[47,-43]],[[69049,79071],[16,-16],[-32,-2],[16,18]],[[68923,79303],[4,-30],[-23,1],[19,29]],[[68818,79628],[-7,-23],[-26,53],[26,3],[7,-33]],[[68727,79766],[-16,-18],[3,-34],[-7,63],[20,-11]],[[66799,80587],[-14,-24],[13,-20],[-16,19],[-5,17],[22,8]],[[67890,81017],[-6,-35],[-6,28],[12,7]],[[70924,47592],[-364,-220],[-232,-168],[-198,-84],[-200,-134],[16,-156],[34,-77],[11,-177]],[[69991,46576],[-129,-6],[-57,20],[-83,-26],[-134,-98],[-48,-84],[-36,-11],[-25,-61],[0,-205],[-16,-61],[-26,-45],[-150,-93],[-56,-76],[-98,-83],[-59,-149],[-21,-103],[-140,-255],[-3,-46],[-42,-72],[-107,-70],[-162,117],[-39,-47],[-57,-26],[-24,25],[-1,33],[-56,60],[-55,-32],[-60,13],[-25,30]],[[67657,45320],[-20,60],[-44,6],[-4,37],[-59,115],[-78,78],[-18,71],[-67,94],[-58,145],[-32,5],[-29,43],[-24,88],[9,49],[-17,9],[-15,70],[12,0],[-21,54],[-1,1982],[672,0],[-45,133],[21,143],[34,110],[-25,146],[12,206],[-12,117],[18,111],[17,33],[-16,84],[-15,251]],[[56458,61684],[-12,-189],[-70,-37],[-27,-58],[-1,-164],[-39,-40],[-48,-110],[-83,-102],[-31,-71],[-33,-25],[-18,-47],[6,-34],[-41,-104]],[[56061,60703],[-121,144],[-221,151],[22,17],[23,-17],[-40,35],[21,55],[44,0],[37,43],[-93,-25],[-7,55],[-20,2],[31,76],[-50,-57],[-59,45],[6,42],[-23,-15],[-36,55],[-7,16],[18,14],[28,-11],[-30,71],[12,46],[-35,52],[3,42],[-64,-52],[0,65],[-41,94],[0,48],[31,-8],[53,-70],[-27,60],[34,56],[48,5],[-21,8],[19,64],[-20,-49],[-42,-15],[-9,13],[21,30],[-10,9],[-9,-30],[-25,33],[17,-56],[-19,-40],[-26,97],[0,96],[14,22],[71,-2],[-48,4],[-4,33],[22,14],[-63,9],[-12,56]],[[55454,62033],[31,22],[31,-21],[52,84],[0,59],[41,6],[24,41],[80,243],[3,73],[14,18],[65,31],[45,-35],[73,30],[4,44],[220,1],[20,-13],[9,-63],[39,-53],[53,-137],[18,-111],[22,-4],[30,-50],[-24,-139],[51,-19],[-2,-149],[39,-90],[-50,-88],[-34,-153],[6,-11],[19,40],[35,-13],[55,111],[35,-3]],[[55723,61110],[-19,-112],[-18,56],[-116,60],[23,26],[87,15],[43,-45]],[[55454,62033],[-7,26],[27,54],[28,10],[-34,7],[9,44],[-16,-64],[-11,11],[4,109],[-17,-11],[-7,-42],[-11,9],[-8,53],[11,43],[-22,-14],[-17,20],[10,75],[-21,-43],[-13,43],[-46,-36],[55,173],[-15,-5],[-15,39],[-4,-55],[-22,-6],[-7,35],[21,91],[-21,-52],[-31,-1],[-72,103],[4,34],[18,-2],[-25,26],[23,51],[-30,-39],[-4,-50],[-17,-1],[-9,34],[14,43],[-28,-46],[-7,48],[-9,-14],[-36,47],[-25,-13],[-3,73],[-29,59],[5,52],[-41,-18],[2,57],[18,21],[-10,8],[4,47],[38,125],[-66,-155],[7,31],[-14,4],[23,69],[-36,-69],[-12,43],[18,65],[-22,-30],[-4,55],[52,78],[-7,17],[-19,-47],[-20,-5],[-3,21],[-11,-29],[-25,38],[3,-43],[-16,13],[16,-34],[-23,-32],[7,-67],[-40,57],[19,68]],[[54882,63239],[103,332],[63,9],[77,98],[92,-20],[43,24],[5,43],[18,-36],[29,15],[2,183],[-83,93],[9,42],[35,37],[33,-13],[15,23],[12,104],[-25,79],[2,55]],[[55312,64307],[217,-23],[8,-103],[24,-3],[10,43],[12,0],[47,-63],[41,-6],[19,-40],[42,14],[35,-49],[85,64],[116,-15],[80,30],[43,-18]],[[56091,64138],[-20,-18],[1,-53],[-21,-61],[57,-104],[20,-19],[28,12],[46,117],[34,11],[49,-77],[-1,-46],[32,-83],[18,5],[32,61],[16,76],[82,63],[181,-121],[31,91],[97,63],[9,55],[-34,61],[26,25],[48,-10],[65,-58],[10,-39],[-10,-63],[29,-48],[-5,-64],[34,-21],[7,-54],[-16,-168],[40,-5],[23,-96],[36,-4],[7,-42],[51,-35],[-17,-17],[16,-28],[-38,-11],[-44,-97],[-24,-100],[46,5],[17,51],[60,-18],[8,-93],[-13,-70],[15,-142],[23,-71],[31,3],[6,-43],[40,-20],[11,-59],[-9,-45]],[[57221,62734],[-15,-47],[-31,-31],[-15,-60],[17,-60],[-12,-197],[35,-89],[62,13],[-21,-141],[27,-10],[34,-58],[-62,-50],[-12,-115],[3,-19],[52,-21],[36,-77],[11,-157],[-36,7],[-18,57],[-14,-35],[-34,47],[-77,-3],[-16,-24],[-6,-130],[60,-52],[28,13],[-6,-51],[19,-54],[-35,9],[-20,-92],[10,-57],[-43,-155],[-62,43],[-24,-35]],[[57056,61103],[-27,41],[0,41],[-40,4],[-14,-117],[-45,-101],[2,-46],[-22,-15],[-11,23],[-56,-60],[2,30],[-29,38],[-9,52],[-22,-3],[-16,28],[-19,-27],[-11,27],[-16,-31],[44,157],[0,75],[-31,103],[8,75],[-17,1],[-2,85],[-16,13],[7,51],[-10,30],[13,18],[-34,43],[-25,-13],[9,46],[-18,14],[-6,-32],[-17,80],[-11,-36],[-46,-11],[-39,-41],[-10,55],[-64,-16]],[[57056,61103],[20,-35],[46,-318],[-21,-149],[-89,-165],[40,-38],[10,35],[17,-23],[2,-69],[19,13],[61,-55],[46,18],[39,-19],[23,-47],[-5,-72],[17,-7],[8,-71],[23,-36],[12,26],[62,-85],[5,34],[11,-9],[-1,-71],[22,-102],[-22,-92],[20,-66],[-10,-36],[-7,19],[-12,-16],[-4,-78],[-29,-43],[9,-99],[-19,-10],[9,-320],[13,-21]],[[57371,59096],[-58,5],[-76,90],[-105,47],[-282,283],[-83,112],[-51,118],[-28,20],[-2,36],[-127,194],[-25,71],[-99,120],[6,21],[-37,42],[21,-47],[-135,103],[10,70],[-14,-9],[-32,68],[-152,127],[-9,85],[-32,51]],[[67484,63209],[48,-146],[95,-155],[118,-361],[9,-108],[-22,-96],[13,-70],[-4,-93],[-28,-57],[-25,-10],[-13,-95],[14,-37],[22,24],[8,-14],[-26,-152],[12,-19],[24,20],[191,-28]],[[65267,57770],[-35,172],[6,120],[-17,6],[12,78],[-13,65],[-26,26],[-21,73],[-43,6],[-204,408],[-48,167],[28,-4],[26,27],[-33,37],[-9,108],[-23,75],[-92,130],[-20,340],[-46,79],[33,128],[-9,71],[13,81],[-4,80],[-11,37],[-40,-2],[-26,74],[49,95],[61,42],[18,38],[53,245],[34,42],[34,168],[17,27],[12,100],[70,89],[-5,29],[21,55]],[[65029,61082],[62,-5],[30,-38],[56,21],[39,60],[109,55],[7,70],[52,54],[22,-119],[64,-86],[25,56],[52,19],[7,21],[14,-12],[50,91],[56,47],[15,-8],[58,63],[73,-16],[70,37],[173,18],[16,81],[58,62],[104,250],[-85,109],[8,31],[69,73],[179,-1],[83,21],[74,65],[15,-22],[93,14],[35,115],[42,-12],[-4,25],[57,47],[5,42],[47,75],[13,90],[28,16],[50,127],[39,-2],[47,142],[47,21],[21,40],[11,72],[-15,75],[5,66],[94,66],[15,59],[42,-13],[26,62],[64,52],[138,-49]],[[67484,63209],[31,207],[-13,91],[-48,5],[-9,39],[-50,49],[-17,56],[23,275],[-51,-26],[9,84],[-37,187],[24,92],[-80,83],[-33,-58],[-57,-7],[-42,97],[52,190],[58,60],[43,88],[-24,154],[-41,126],[47,110],[110,115],[-5,50],[-34,28],[-1,129],[-21,46],[34,53],[71,38],[-6,105],[99,216],[6,108],[-23,105],[63,102],[75,-15],[90,43],[118,-36],[13,18],[-1,1201],[0,1164]],[[68189,70146],[1036,0],[1049,-1],[37,122],[21,24],[23,-34],[-19,-111],[581,0]],[[70917,70146],[126,-178]],[[71043,69968],[102,24]],[[71145,69992],[44,11],[28,143]],[[71217,70146],[932,0]],[[72149,70146],[-15,-18],[11,-19],[5,-179],[75,-233],[67,-138],[-21,-33],[-21,57],[28,-27],[-14,47],[-24,12],[-3,44],[-15,-7],[5,-76],[-11,-28],[20,-63],[27,-235],[-17,-135],[16,-144],[-12,-67],[26,-141],[-7,-132],[63,-448],[35,-91],[45,16],[22,-20],[6,-51],[55,-27],[66,-108],[-16,-40],[26,-62],[31,-4],[20,39],[-10,-40],[-20,-15],[53,-17],[5,21],[14,-51],[20,-1],[7,-42],[9,7],[-5,27],[20,-32],[5,-45]],[[72720,67647],[-47,-72],[-29,-120],[-39,-60],[-7,-49],[-38,13],[-14,-41],[-13,42],[-48,-66],[-32,22],[-26,-58],[-75,-45],[0,-86],[-30,-91],[-31,16],[-59,-25],[-53,29],[8,-138],[-13,-85],[-22,-43],[-6,-78],[26,-147],[-65,-276],[-29,-72],[-14,-173],[-68,-196],[34,-545]],[[72269,69380],[7,52],[-1,-66],[-6,14]],[[73977,64177],[32,32],[67,-98],[38,43],[-2,55],[28,69],[83,51]],[[74223,64329],[55,-132],[15,-5],[28,-166],[-5,-122],[-64,-45],[-50,-96],[-93,-45],[-36,-103],[-51,-1],[8,-40],[22,-22],[26,11],[4,38],[53,31],[83,-11],[16,21],[30,-77]],[[72720,67647],[109,-381],[8,-90],[20,-55],[46,-281],[0,-118],[48,-376],[47,-73],[14,-94],[-11,-17],[13,0],[-18,-20],[9,-49],[31,11],[20,-26],[36,-148],[-1,-107],[32,-9],[14,59],[-12,68],[-12,-2],[-3,70],[34,71],[68,-102],[-18,-65],[44,-160],[43,-43],[34,57],[4,-24],[18,24],[14,-26],[5,34],[16,-38],[18,-5],[4,-35],[22,3],[-7,-10],[20,-35],[-3,-43],[14,-38],[40,12],[94,-49],[151,-359],[18,-77],[41,-4],[17,-36],[40,-20],[45,-126],[13,4],[26,-60],[-1,49],[-20,15],[8,7],[35,-58],[30,-221],[32,-17],[19,24],[41,-101],[25,-24],[17,-114],[18,8],[30,-47],[25,69],[28,-49],[11,-71]],[[73176,66179],[36,0],[-24,47],[-26,2],[1,30],[19,-11],[-5,28],[21,15],[-29,34],[47,-27],[1,-41],[14,13],[9,-101],[23,-11],[9,23],[-11,21],[20,3],[40,-40],[2,-25],[-7,-16],[-90,26],[-12,-16],[-36,11],[-13,60],[11,-25]],[[73217,66420],[-6,-17],[13,-21],[-42,20],[20,56],[20,-21],[-5,-17]],[[65233,85721],[-41,-26],[15,-94],[-55,33],[-72,-4],[-57,-64],[-133,22],[-32,-31],[-39,0],[-20,-59],[-83,-80],[-45,38],[-85,0],[-33,28],[-116,22]],[[64437,85506],[-74,28],[-83,-7],[-274,86],[-46,62],[0,49],[-47,26],[-5,53],[31,37],[-8,20],[-148,-71],[-88,22],[-20,-22],[-79,-5],[-59,-122],[-91,11],[5,27],[-30,22],[-64,0]],[[63357,85722],[1,45],[-26,37],[-89,-93],[-79,51],[-6,55],[-92,26]],[[63066,85843],[12,31],[-32,98]],[[63046,85972],[43,92],[-34,78]],[[74771,79633],[0,-40],[40,-39],[-18,-141],[54,-31],[17,-46],[-18,-84],[31,-76],[51,-6],[37,-198],[-10,-58],[73,0],[70,-115],[104,29],[34,-37],[39,19],[15,-16],[-29,-55],[-78,-26],[-14,-112],[52,-110],[-6,-53],[23,-11],[-6,-66],[-48,-32],[-31,17],[-19,-42],[-2,-71],[-32,2],[-3,-44],[-26,-21],[-14,-54],[25,-106],[-67,25],[1,-61],[-29,-31],[15,-65],[32,-18],[-4,-108],[-55,-104],[35,-22],[83,-222],[50,30],[14,-51],[-25,-35],[41,-2],[60,-145],[4,-57],[-46,-39],[30,-28],[-14,-42],[7,-25],[58,3],[69,-42],[203,-262],[58,7],[49,-56],[-3,-45],[35,-69],[-5,-41],[28,-26],[86,-189],[-52,-249],[-2,-259],[113,-3],[0,-329],[39,-10],[23,-78],[35,-7],[35,-69],[-9,-36],[23,-90],[26,-25]],[[76023,75135],[6,-16],[-45,2],[-98,67],[-50,-26],[-11,64],[4,-70]],[[75829,75156],[-91,65],[-105,-4],[-71,-55],[-97,-350],[-106,-219]],[[75359,74593],[-59,-20],[-554,87],[-545,724],[-325,452],[-549,526],[-426,124]],[[72901,76486],[49,79],[-19,68],[-69,-15],[-16,92],[26,13],[-94,548]],[[62215,85134],[44,-31],[80,25],[49,43],[100,-41],[89,130],[-8,91],[104,113],[16,-25],[-3,-111],[54,-70],[69,-21],[-13,-67],[34,-22],[10,-76],[34,-4],[20,49],[-28,41],[8,47],[74,120],[13,160],[22,10],[18,-22],[17,20],[3,-77],[30,-48],[46,-5],[16,37],[65,13],[42,-94],[25,6],[13,20],[-22,47],[16,41],[-38,27],[3,55],[18,44],[35,14],[34,-47],[49,-9],[5,54],[-30,31],[29,120]],[[64437,85506],[-8,-42],[-26,-6],[-78,-95],[15,-52],[76,-17],[-59,-109],[16,-25],[32,12],[-8,-111],[66,-41],[38,-70],[-15,-29],[-46,5]],[[64440,84926],[32,13],[-77,110],[-17,-19],[10,-14],[-51,-39],[10,20],[-21,24],[-83,17],[-14,-47],[24,4],[-21,-39],[-47,-8],[-173,-119],[2,29],[28,5],[22,38],[-14,-11],[-11,23],[-18,-38],[-18,17],[9,-26],[-50,-21],[-19,-93],[-22,-15],[10,-21],[12,22],[10,-60],[20,21],[-3,-89],[24,-49],[0,34],[55,-59],[-30,-94],[-13,44],[3,-55],[-49,15],[5,-213],[36,-165],[100,-146],[79,-47],[108,-133],[73,-57],[14,12],[33,-44],[110,-478],[43,-125],[162,-233],[49,-32],[11,-57],[141,-98],[324,-5],[15,-88],[-95,-103],[-1,-49],[22,-48],[210,-158],[154,-79],[140,-157],[176,-113],[10,-58],[67,-63],[93,-199],[-57,-214],[-91,71],[-35,92],[15,24],[-50,119],[-116,11],[-100,64],[5,43],[32,15],[-45,-10],[-46,23],[-46,-46],[-102,-226],[9,-74],[-47,-120],[18,-72],[79,-31],[125,-128],[-11,-198],[27,-38],[-34,-82],[-56,25],[-117,-88],[-17,-62],[12,-169],[-88,-95],[-45,-84],[-35,-132],[-101,-5],[-42,53],[-1,132],[60,50],[31,109],[4,48],[-27,62],[55,47],[50,4],[23,79],[-46,137],[-16,169],[-55,137],[-52,261],[-29,60],[-30,0],[-42,-52],[-49,22],[1,28],[-46,60],[-26,0],[-46,45],[29,98],[-72,170],[-79,-35],[-19,12],[-48,-39],[-1,34],[46,44],[-1,22],[-60,68],[-30,-23],[-40,18],[0,-30],[-12,4],[-9,83],[-99,207],[-43,1],[-16,-30],[-86,56],[-81,-42],[-50,107],[-86,30],[-62,115],[-70,66],[-22,90],[-50,71],[-64,26],[-57,153],[-93,80],[-55,8],[-10,-33],[-25,15],[-3,33],[22,-2],[8,25],[-10,53],[-71,112],[-71,38],[11,72],[-44,25],[-44,-12],[9,192],[-70,154],[-22,222],[-48,107],[-87,57],[-4,-41],[-200,195],[-7,-31],[-36,43],[-113,37],[-99,-80],[-19,-70],[-50,-41],[-30,-107],[-33,-38],[-110,-61],[-78,-4]],[[63871,79441],[17,-29],[-7,-30],[-35,44],[25,15]],[[65045,80360],[40,-23],[-27,-25],[-23,-89],[-95,-202],[-17,-122],[-24,-56],[4,-93],[50,-45],[-23,-31],[40,-67],[-7,-33],[16,-23],[-57,-55],[-22,-78],[14,-78],[-14,-12],[-29,30],[-41,17],[-34,-20],[-98,59],[-69,157],[-51,43],[-77,-7],[-59,44],[-146,139],[-34,59],[-50,4],[-27,47],[-95,-2],[-27,54],[-24,9],[-26,82],[22,140],[70,56],[9,52],[57,-103],[53,34],[13,67],[36,-9],[36,28],[25,-73],[40,4],[46,-68],[47,-17],[76,47],[84,-21],[79,18],[74,71],[58,19],[60,-38],[30,18],[20,68],[18,-36],[79,60]],[[64838,80467],[1,26],[19,0],[0,-39],[-20,13]],[[64823,80514],[-23,14],[25,6],[-2,-20]],[[62692,80842],[-15,-70],[-22,86],[33,3],[4,-19]],[[62642,80917],[2,-45],[-14,-13],[-13,46],[25,12]],[[64518,81862],[-32,9],[5,29],[34,-17],[-7,-21]],[[62632,82085],[-22,-39],[39,82],[5,-33],[-22,-10]],[[63136,81772],[3,-64],[-58,-121],[10,-74],[26,-38],[-44,-456],[11,-37],[-22,-36],[-1,-56],[-16,-28],[-75,73],[-25,4],[-17,-25],[-50,48],[22,-25],[-21,-49],[3,-95],[-58,-73],[-45,34],[-25,-43],[-28,121],[-25,15],[-37,88],[20,50],[-19,49],[29,124],[-6,113],[24,-35],[16,-1],[-20,13],[17,82],[-31,39],[-9,-35],[-13,34],[-6,76],[37,44],[-4,118],[-30,37],[-2,73],[-30,80],[-25,-16],[-7,29],[-11,-33],[-5,18],[17,62],[-21,23],[27,96],[-7,51],[38,-70],[70,-15],[101,75],[61,109],[45,20],[10,56],[20,13],[16,-43],[2,17],[0,-17],[45,-9],[7,-55],[9,34],[30,-13],[-16,-69],[50,-8],[-25,-5],[-5,-38],[-22,-5],[46,-4],[-10,-17],[37,-30],[-22,-28],[44,-152]],[[63504,82918],[9,-43],[-21,30],[12,13]],[[63353,83205],[-18,-51],[9,-35],[-26,35],[-36,-18],[-41,14],[9,34],[71,-4],[22,42],[10,-17]],[[63988,84808],[12,18],[14,-11],[-18,4],[-18,-47],[10,36]],[[63031,82197],[-2,-40],[-11,9],[13,31]],[[63016,82190],[-19,3],[14,20],[5,-23]],[[64014,83860],[17,57],[-28,-21],[11,-36]],[[63046,85972],[-14,-125],[34,-4]],[[76138,80442],[23,-332],[23,-103],[39,-73],[103,-80],[128,-26],[36,13],[87,-53],[42,-148],[52,-74],[203,-187],[273,-97],[512,188],[146,15],[40,29],[-20,-34],[-112,-13],[30,-38],[63,-15],[48,33],[-40,311]],[[77814,79758],[97,-11],[109,73],[40,-1],[45,53],[0,80],[23,68],[91,120],[105,82],[97,22],[75,-32],[83,1],[34,13],[-4,56],[44,48],[50,-13],[48,23],[102,-53],[50,56],[52,-122],[3,-71],[48,-29],[65,-1],[154,-83],[17,-68],[50,-29],[41,7],[17,35],[50,-36],[40,33],[78,-44],[58,-68],[34,9],[19,-132],[31,-70],[31,-6],[16,-47],[16,16],[122,-77],[108,-244],[273,0],[-6,-175],[26,-146],[-31,-96],[37,-48],[-4,-139],[13,-34]],[[80261,78678],[7,-44],[-34,-155],[-29,-27],[15,-97],[-27,-180],[-35,-57],[-4,-54],[-83,-76],[64,-124],[-82,-7],[-50,-105],[6,-314],[48,-49],[63,-2],[25,-27],[-29,-18],[-2,-43],[-87,-166],[-1,-58],[89,-507],[-19,-139],[16,-333],[288,-77],[18,-32],[28,-192],[-8,-105],[-318,-619]],[[80120,75071],[164,-303],[-2,-63],[52,-121],[-7,-25],[33,-107],[108,-205],[166,-86],[61,-111],[62,11],[-8,-157],[26,-314],[-24,-142],[50,-34],[95,28],[31,-34],[16,-54],[-20,-1],[-9,-31],[10,-122],[-24,-16],[-16,-138],[-129,12],[-18,-26],[-94,-26],[-42,-38],[-9,-88],[-47,8],[-10,-37],[-87,-56],[-26,-254],[-31,-31],[4,-70],[-28,-286]],[[80367,72154],[-14,29],[4,-30],[-25,-4],[14,-13],[-38,-71],[-126,94],[-133,41],[-10,82],[-17,26],[-35,-12],[-17,-32],[24,-54],[-49,24],[-16,32],[-23,-6],[2,-32],[-42,29],[-59,-23],[-43,38],[-79,6],[-28,39],[-136,-39],[-77,103],[-131,30],[-83,-42],[-41,19],[-28,74],[-64,-36],[-5,67],[-143,21],[-53,192],[16,52],[-45,156],[4,128],[-22,145],[-33,65],[16,30],[-36,6],[-7,18],[13,23],[-25,39],[-152,39],[-76,-26],[-61,-84],[-91,-19],[-37,-60],[9,8],[-1,-34],[-19,-46],[-27,-16],[-57,21],[-159,-186],[-57,7],[-20,48],[-57,13],[-27,69],[-52,-4],[-45,26],[-100,-26],[-74,91],[-16,76],[-138,81],[-143,155],[-7,25],[29,15],[1,20],[-70,116],[-71,30],[-78,95],[-109,-1],[-62,39],[-23,42],[-9,-18],[-44,131],[6,63],[-68,183],[-8,127],[-26,50],[-34,10],[-24,64],[6,39],[25,-30],[10,66],[-29,54],[-66,2],[15,92],[-11,99],[-86,129],[-84,178],[-5,114],[-19,47],[-52,5],[-128,-113],[-17,83],[-78,0],[-8,68],[-20,-25],[-80,98],[47,17],[47,-38],[20,64],[-17,36],[-15,-19],[0,20],[-62,4],[-12,-22],[31,-30],[-34,-8],[-24,-46],[24,-85],[-7,-105],[-90,8],[2,-50],[-40,-9]],[[78018,72848],[-2,-37],[-11,30],[13,7]],[[77855,72995],[0,-35],[-45,30],[15,18],[30,-13]],[[77616,73155],[-32,0],[-24,30],[77,-28],[-21,-2]],[[78615,73177],[7,28],[20,8],[-8,-34],[-19,-2]],[[78298,73007],[-26,-9],[-6,63],[167,92],[-5,99],[46,-30],[92,60],[35,-18],[-111,-174],[-23,29],[-169,-112]],[[78665,73347],[12,-20],[-14,-19],[-10,23],[12,16]],[[78025,72608],[2,-17],[-13,2],[11,15]],[[77723,73086],[2,-20],[-15,14],[13,6]],[[61296,88544],[-8,31],[-41,-8],[-52,31],[-43,-41],[-46,40],[-51,3],[-29,54],[37,31],[97,10],[18,-26],[-11,-13],[48,-11],[30,-54],[59,2],[-5,38],[-93,51],[73,0],[-32,31],[22,29],[-36,20],[-30,58],[-36,-14],[-3,17],[71,18],[-20,90],[42,11],[122,207],[79,396],[23,0],[19,-40],[68,31],[100,90],[23,77],[48,52],[130,64],[110,-4],[172,32],[24,-62],[97,-67]],[[61047,88568],[107,-41],[50,42],[46,-32],[33,6]],[[60993,88547],[54,21]],[[37188,64028],[2,-68],[-17,-60],[-16,113],[-38,33],[14,34],[55,-52]],[[61222,88742],[17,-26],[-43,-13],[-50,47],[-36,-11],[-4,27],[84,11],[32,-35]],[[61507,89635],[-33,-70],[-23,2],[3,51],[40,65],[13,-48]],[[61683,89835],[54,14],[-139,-53],[85,39]],[[61767,89858],[93,-4],[-92,-20],[-1,24]],[[61945,89884],[43,-5],[-69,-30],[26,35]],[[57221,62734],[54,31],[17,74],[37,68],[36,-13],[19,26],[19,-78],[24,7],[2,-58],[86,-28],[30,-42],[19,28],[-13,42],[12,58],[98,10],[7,45],[-17,35],[9,104],[75,-64],[15,25],[-12,23],[3,36],[57,25],[17,-61],[-19,-72],[24,-15],[3,-44],[-20,-105],[20,-23],[55,-16],[17,58],[20,-5],[4,56],[28,31],[71,25],[24,-18]],[[58042,62899],[40,-78],[35,14],[59,-18],[1,-54],[11,12],[-2,-31],[17,-27],[-11,-15],[36,-44],[-1,-87],[56,-37],[0,-55],[20,-1],[19,-44],[25,28],[18,-19],[14,30],[2,-56],[31,-5],[13,-40],[2,25],[16,-4],[11,72],[44,54],[32,-13],[100,87],[146,-22],[5,-38],[29,47],[4,-44],[21,-10],[15,-60],[34,-16],[60,-186],[16,-12],[24,61]],[[58984,62313],[6,-72],[-14,-40],[18,-35],[-32,-70],[-6,-55],[38,-25],[14,-57],[37,-448],[-34,-28],[0,-78],[-60,-60],[-4,-59],[-47,-171],[-10,-226],[-84,-229],[-6,-47],[11,-37],[-17,-62],[26,-221],[15,-28],[39,-229],[-3,-94],[22,4],[6,-64],[23,18],[30,-26],[19,-139],[-20,-17],[11,-104],[-29,-19]],[[58933,59595],[-12,20],[-22,-3],[-11,-39],[-28,26],[-25,-9],[-22,48],[25,67],[-6,27],[-38,-17],[5,-27],[-14,-29],[16,-13],[-27,-24],[15,-27],[-12,-19],[-132,42],[-4,33],[-9,-31],[-26,5],[-58,43],[91,0],[-10,63],[-16,6],[21,-64],[-50,25],[-4,21],[-5,-20],[-30,-1],[23,-13],[-16,-15],[-45,24],[-39,-15],[-11,18],[-26,-25],[-37,16],[3,-25],[-30,5],[-6,21],[2,-21],[-43,-22],[-9,13],[15,0],[-2,39],[-45,-84],[208,63],[41,2],[22,-33],[-299,-64],[-29,4],[-10,51],[-34,-21],[-69,29],[-6,-20],[14,-5],[-14,-4],[-7,-34],[-13,30],[0,-22],[14,-11],[16,-4],[13,7],[-23,13],[19,17],[32,-8],[-14,25],[36,-23],[29,10],[10,-34],[-164,-21],[-18,12],[-27,-32],[-74,-21],[-257,-191],[-92,-39],[-52,-78],[-58,-28],[-69,-89],[-33,1]],[[58843,59569],[-2,-11]],[[58841,59558],[-52,17],[14,29],[40,-35]],[[67428,84071],[-29,-34],[-4,-69],[-65,-44],[-16,-116],[39,-100],[17,-109],[71,-58],[84,-130],[-86,-180],[-54,-2],[-45,-44],[18,-50],[-19,-101],[36,-72],[-36,-83],[-27,-7]],[[66647,83194],[-3,49],[-73,44],[-62,86],[-42,-15],[-30,47],[-38,7],[-76,130],[-59,44],[1,49]],[[66265,83635],[50,48],[21,-43],[24,13],[8,54],[-15,72],[-77,123],[5,27],[94,-15],[30,36],[-85,98],[-18,52],[-50,12],[-16,44],[7,97],[62,123],[17,108],[-60,25],[-57,-39]],[[66205,84470],[-8,31],[25,-6],[21,30],[-29,115],[31,6],[-5,31],[35,-21],[55,4],[5,22],[-143,105],[18,28],[-7,52],[32,8],[-29,35],[-26,-18],[-13,21],[22,60],[-41,92],[19,73]],[[55799,65624],[42,6],[23,-32],[83,104],[2,80],[-16,13],[5,82],[40,226],[37,0],[33,44],[-3,21],[38,-26],[38,-95],[84,-113],[43,-105],[29,116],[27,33],[7,58],[134,2],[85,-45],[214,47],[-9,93],[31,69],[9,-27],[-6,-100],[666,-1],[611,0],[52,512],[-90,135],[-78,1336],[-80,1334],[-82,1327],[-82,1306],[589,1]],[[58275,72025],[510,-622],[485,-598],[490,-603],[500,-616],[12,-66],[-9,-161],[47,-3],[23,-48],[65,-38],[28,-46],[5,-79],[40,-58],[25,-6],[12,-40],[21,15],[39,-26],[43,38],[67,-136],[181,-72],[84,-76],[0,-167],[21,-104],[-53,-147],[19,-45],[66,-66],[290,104]],[[61286,68359],[2,-1344],[-13,-20],[-5,-97],[1,-247],[-41,-73],[-30,-133],[4,-64],[-24,-50],[-22,-137],[-51,-34],[-55,-85],[-6,-89],[-158,46],[-11,-55],[-555,-35],[-127,-190],[-93,-25],[-52,33],[-54,-18],[-43,20],[-1,-53]],[[59952,65709],[-152,97],[-63,-40],[-14,49],[-83,-1],[-120,-177],[-90,-51],[-115,-137],[-100,-16],[-13,-181],[-28,-21],[-89,73],[-43,2],[-117,-167],[-20,-126],[11,-93],[-57,-28],[-20,44],[-53,13],[12,-254],[-66,-17],[-1,-60],[-31,3],[-85,108],[-57,25],[18,40],[-21,30],[1,-24],[-92,-145],[6,-33],[-30,-5],[-8,-31],[40,-106],[6,-81],[-15,-62],[-76,-4],[1,-43],[32,-70],[-22,-62],[15,-80],[-27,8],[-2,-30],[-30,-47],[8,-30],[-67,-89],[-109,-17],[-62,-89],[-45,-6],[41,-43],[-7,-89],[25,-26],[5,-96],[-15,-20],[0,-87],[-23,-82],[-57,-30],[1,-64],[23,-79],[-30,-263]],[[56091,64138],[3,48],[-30,40],[10,17],[-8,64],[20,37],[-10,65],[13,91],[-15,-14],[-4,73],[-28,23],[-26,156],[-43,29],[-29,-63],[-23,40],[3,59],[-42,62],[-27,88],[44,78],[0,50],[-20,48],[9,113],[-16,62],[-25,29],[2,28],[-36,22],[-5,81],[24,76],[-33,84]],[[55312,64307],[-488,4],[-160,-150],[-182,10],[-63,-59],[-105,-18]],[[54314,64094],[-24,101],[74,87],[15,-42],[10,20],[44,-30],[20,30],[33,5],[6,-18],[55,35],[63,-48],[36,22],[29,-34],[44,62],[-8,92],[23,8],[7,18],[13,-16],[5,25],[-5,-10],[-16,5],[-32,-23],[3,-91],[-33,-56],[-9,26],[-33,15],[-49,-15],[-36,80],[-18,-56],[-82,-19],[-16,-28],[-39,42],[7,27],[-11,21],[-3,-52],[-20,43],[-22,-15],[13,80],[-18,-58],[1,-46],[-36,-37],[-7,66],[26,37],[-32,-13],[14,219]],[[54306,64553],[26,62],[280,-5],[5,111],[99,33],[81,-4],[16,28],[8,70],[22,33],[135,-144],[47,-4],[74,-74],[56,-3],[28,33],[72,20],[26,40],[-7,61],[-33,57],[-50,-8],[-91,-62],[-35,42],[-24,74],[-28,14],[-38,-30],[-46,104],[-65,24],[-64,-49],[-12,26],[-30,-7],[-24,-40],[-17,-78],[-347,2]],[[54370,64879],[-5,34],[22,30],[0,32],[-30,-53],[-12,15],[2,51],[24,53],[23,-25],[-9,47],[9,77],[-20,-84],[-30,-15],[-20,-47],[-16,114],[15,24],[21,-18],[21,17],[11,31],[-16,3],[50,71],[25,7],[-35,17],[3,-25],[-17,-2],[-47,-93],[-22,8],[22,53],[-25,-22],[-15,-142],[-4,139],[-53,151],[-4,56],[-38,47],[-51,141],[-64,29],[-8,-52],[-32,65],[55,26],[78,80],[86,191],[112,361]],[[54376,66271],[28,241],[24,26],[17,138],[20,43],[47,19],[27,-37],[52,15],[74,-24],[49,26],[21,37],[16,-21],[96,22],[11,11],[-5,41],[24,-21],[21,37],[20,-32],[140,-5],[28,18],[143,-202],[5,-68],[42,-69],[36,44],[20,-53],[61,31],[-5,-38],[20,5],[41,-108],[10,-100],[19,-37],[-3,-55],[43,-17],[9,-65],[39,10],[15,-90],[31,-51],[-20,-20],[33,-23],[3,-43],[21,-27],[31,0],[46,-54],[12,-68],[61,-83]],[[61075,63695],[24,40],[-21,91],[16,51],[-9,68],[5,265],[96,146],[53,153],[12,299],[41,13],[68,113],[124,61],[33,-24],[101,5],[49,72],[49,15],[206,-150],[29,24],[24,-9],[69,-105],[55,-110],[35,-120],[53,-84],[43,0],[44,76],[64,-3],[144,146],[93,-28],[100,-144],[43,-4],[48,-88],[88,-48],[215,-29],[113,216],[63,65],[185,79],[255,-7],[137,-74],[68,-81],[48,5],[90,-38],[30,112],[23,42],[14,-16],[35,64],[9,-9],[21,56],[-9,17],[71,37],[23,-16],[34,16],[34,101],[93,-3]],[[64406,64953],[152,-392]],[[64558,64561],[41,-443],[99,-21],[41,-97],[20,-3],[-22,-92],[8,-51],[-12,-104],[-16,-46],[26,-50],[-2,-57],[-150,-189],[-61,24],[-75,-162],[-4,-54],[-68,-194],[-35,-293],[-68,-68],[-6,-109],[17,-43],[-22,-163],[-71,-42],[-43,-61],[15,-72],[-26,-104],[-9,-193],[-78,-114],[-63,2],[11,-71],[-59,-69],[4,-118],[-18,-65],[3,-83],[-58,-152],[1,-89],[-95,-196],[44,-86],[1,-29],[-21,-5],[-82,-123],[-9,-144],[-39,-46],[-9,-62],[-23,-23],[-74,8],[-21,182],[-42,28],[-26,101],[-70,61],[-14,55],[-27,-161],[-95,3],[-23,81],[-89,-138],[-29,4],[-32,-165],[-29,-10],[-60,-110],[-28,-16],[-119,-262],[-20,6],[-26,-46],[6,-50],[-14,-30],[28,-68],[-20,-64],[-15,-209],[-62,-165],[-6,-50]],[[62738,59386],[-15,-7],[-6,-60],[-21,2],[4,25],[-24,-2],[5,62],[-21,-32],[-61,122],[31,-77],[28,-138],[-18,-60],[-89,4],[-109,-38],[-55,27],[4,106],[-16,-86],[-24,-11],[-50,28],[-3,-25],[20,-20],[-17,-15],[-34,103],[-15,-4],[-20,60],[-4,-24],[36,-72],[-7,-28],[12,-26],[-24,-43],[-11,34],[-9,-43],[-17,90],[14,39],[-27,56],[9,-77],[-29,47],[9,-69],[18,2],[-2,-58],[16,-54],[-19,-15],[-33,16],[-17,90],[9,54],[-25,73],[5,45],[-23,11],[37,-147],[-10,-26],[25,-124],[-52,-4],[7,159],[-14,-116],[-7,69],[-6,-14],[11,-109],[-25,0],[-6,91],[-15,14],[13,-36],[-7,-70],[-45,7],[-54,-34],[-8,18],[29,72],[-24,-25],[-8,64],[4,-55],[-16,21],[10,-35],[-12,-55],[9,0],[-37,-18],[-8,87],[-16,-3],[8,-69],[-22,15],[-3,60],[-11,-12],[2,-39],[-24,22],[-8,42],[-9,-13],[-18,25],[-63,114],[-8,58],[-32,74],[12,-13],[-41,187],[16,6],[13,-26],[-7,35],[14,-5],[-15,30],[-28,-16],[-9,113],[80,23],[-15,60],[35,40],[-41,-26],[-10,-55],[-21,16],[4,-26],[-57,26],[-22,40],[8,50],[57,-13],[16,42],[23,-23],[-21,41],[-22,-36],[-18,4],[4,75],[-19,-67],[-34,-22],[-17,29],[-13,50],[4,53],[18,-9],[0,22],[45,60],[-82,-89],[-53,150],[-46,83],[-113,137],[-179,46],[-141,-13],[-20,21],[15,9],[3,-22],[34,19],[10,35],[43,11],[48,52],[-24,7],[-86,-59],[-12,9],[1,38],[-26,-32],[-11,-64],[5,-32],[-227,-19]],[[60778,60358],[10,172],[15,35],[-18,63],[-3,113],[22,39],[-15,34],[9,41],[-7,155],[15,8],[2,35],[-24,68],[2,130],[-18,65],[21,183],[-13,82],[16,111],[-7,179],[15,171],[102,24],[25,121],[-6,106],[37,80],[1,30],[28,12],[-2,94],[63,28],[25,64],[26,124],[-32,87],[27,94],[40,-18],[22,121],[-5,64],[-31,66],[8,62],[-11,129],[-20,19],[-64,173],[42,173]],[[62388,59178],[14,0],[-51,-31],[-31,16],[22,24],[46,-9]],[[62299,59183],[19,0],[-11,-48],[-53,-11],[30,85],[15,-26]],[[60778,60358],[-360,-96]],[[60418,60262],[4,19],[50,20],[-13,93],[-59,158],[12,43],[-4,76],[-19,78],[31,3],[-8,861],[14,76],[-12,41],[-2,308],[-67,170],[-7,88],[-18,37],[10,79],[-8,219],[-190,241],[7,195],[27,64],[13,124]],[[60179,63255],[20,-12],[6,66],[45,-32],[-18,71],[32,15],[-7,59],[7,16],[37,-24],[2,45],[19,-19],[2,48],[34,68],[43,-13],[11,-40],[79,35],[57,-11],[92,149],[34,145]],[[60674,63821],[-3,32],[25,30],[-17,32],[-12,118],[98,35],[12,35],[48,33],[136,-235],[18,-77],[63,-40],[33,-89]],[[63941,52760],[-21,91],[27,59],[0,36],[-35,176],[-33,87],[25,-21],[13,41],[-9,8],[-5,-33],[-6,21],[-23,1]],[[63793,45564],[1,303],[12,-35],[6,216],[-15,238],[10,51],[-24,101],[5,36],[18,19],[13,-15],[22,73],[27,37],[22,241],[29,40],[-10,47],[53,215],[19,198],[-6,158],[14,25],[-9,31],[29,134],[29,15],[4,269],[40,51],[7,55],[35,39],[61,132],[-6,88],[20,45],[64,106],[62,5],[32,54],[15,85],[44,77],[51,287],[-3,194],[22,312],[-39,137],[13,54],[-81,170],[-6,81],[-64,188],[3,57],[-45,122],[12,37],[-20,153],[-57,184],[-1,35],[31,91],[17,13],[-31,-57],[-10,-76],[70,194],[12,12],[-21,-43],[30,42],[31,1],[10,65],[-23,115],[13,9],[0,67],[-38,111],[-118,522],[-20,44],[-6,221],[-18,-1],[-53,112],[-115,389],[20,22],[-3,-27],[57,17],[50,41],[57,-1],[36,31],[20,51],[66,28]],[[63780,45961],[4,-55],[-23,93],[11,36],[8,-74]],[[66205,84470],[-66,14],[-10,74],[-37,51],[-9,-15],[-33,20],[-11,-25],[-93,64],[-28,-38],[-50,33],[-56,-53],[-50,62],[-67,-31],[-13,30],[-21,-14],[-37,31],[-28,-26],[-59,60],[-20,-5],[-8,31],[-37,-65],[-94,26],[-71,-139],[-65,60],[-34,73],[-75,-15],[-22,-263],[26,-46],[28,18],[46,-63],[-7,-52],[36,-12],[8,-90],[21,-12],[4,-95],[37,-78],[58,-57],[71,-138],[105,-140],[80,-53],[7,-100],[50,-95],[62,-66],[12,-51],[-28,-15]],[[65727,83265],[-30,26],[4,30],[-23,-8],[-2,30],[-117,108],[-64,105],[-85,27],[-34,39],[-44,0],[27,17],[-13,7],[-105,-16],[18,-22],[-20,-6],[-51,15],[9,26],[-20,9],[-2,43],[15,8],[-20,5],[16,1],[-1,24],[-81,47],[-187,270],[-1,55],[12,-20],[7,32],[32,-32],[-11,51],[54,-40],[35,2],[-74,52],[-100,135],[-41,96],[13,148],[-23,84],[-106,137],[3,-18],[-77,38],[-56,-178],[3,-52],[-28,-17],[5,23],[-14,33],[11,-35],[-18,-52],[-16,0],[9,-55],[-36,13],[4,-38],[-39,64],[19,8],[-16,5],[-7,43],[-50,68],[-4,28],[38,11],[-43,6],[4,110],[-22,16],[-14,96],[30,-6]],[[64400,84861],[99,-41],[31,32],[-3,24],[40,-25],[93,3],[32,30],[38,89],[29,-84],[42,-43],[29,3],[13,28],[72,-53],[62,14],[12,18],[-31,75],[35,24],[-39,52],[58,33],[7,25],[75,17],[7,121],[-36,49],[17,59],[126,57],[13,49],[72,-3],[-13,76],[36,33],[57,-28]],[[66012,83026],[20,-90]],[[66032,82936],[-86,90],[-7,38],[-47,19],[-11,32],[-47,31],[-3,25],[-57,22],[9,-34],[-178,132],[-55,8],[-15,35],[79,-18],[167,-115],[-29,32]],[[65752,83233],[52,12],[16,-58],[45,-48],[147,-113]],[[65487,83166],[25,-8],[-3,-18],[-34,-4],[-4,25],[16,5]],[[65753,83141],[30,-31],[-141,61],[111,-30]],[[65578,83283],[21,-35],[-114,-8],[-65,16],[17,27],[-25,8],[166,-8]],[[65282,83347],[-10,-24],[-49,-10],[-5,30],[14,11],[50,-7]],[[65432,83381],[-107,43],[42,14],[29,-18],[-21,25],[14,0],[55,-40],[155,-24],[-167,0]],[[65368,83480],[-31,30],[15,13],[-9,26],[87,-11],[68,-41],[-26,-28],[-104,11]],[[65332,83519],[-64,38],[26,3],[38,-41]],[[65095,83708],[20,-13],[-45,29],[25,-16]],[[64956,83845],[45,-60],[-56,64],[11,-4]],[[64970,83907],[-14,28],[41,-26],[20,-51],[-47,49]],[[64917,83896],[24,-23],[-7,-11],[-21,17],[21,-31],[-30,33],[-85,157],[52,-52],[46,-90]],[[64828,84279],[-48,89],[37,-64],[13,-13],[7,19],[46,-52],[11,-27],[-55,43],[110,-126],[-25,10],[18,-34],[-36,7],[2,40],[-73,65],[-7,43]],[[64684,84283],[30,-52],[-37,56],[-20,0],[-9,90],[20,-20],[16,-74]],[[64783,84415],[-28,13],[23,0],[-14,31],[23,-1],[32,-90],[-36,47]],[[64707,84343],[0,-27],[-28,23],[-45,158],[3,22],[28,-22],[8,30],[-44,98],[18,39],[18,-85],[29,-43],[-7,-108],[20,-85]],[[64777,84519],[-32,22],[-2,42],[-37,-8],[-28,34],[35,30],[6,71],[15,-7],[1,-44],[23,-3],[0,-47],[44,-51],[5,-18],[-30,-21]],[[65305,83620],[21,-11],[-54,0],[33,11]],[[64789,84111],[10,-16],[-14,-3],[4,19]],[[64802,84165],[1,-22],[-13,45],[12,-23]],[[64617,84342],[13,10],[-4,-40],[-9,30]],[[64400,84861],[-7,31],[61,9],[-14,25]],[[76781,71869],[17,31],[-34,244],[-2,194],[15,22],[17,-39],[-5,69],[-16,16],[24,29],[14,-74],[4,41],[22,30],[-24,-3],[-6,25],[5,68],[24,5],[3,115],[89,112],[32,-34],[14,-87],[41,-13],[22,-41],[5,-76],[-16,-13],[15,-16],[-28,-16],[15,-35],[-20,-8],[-6,-61],[15,-51],[-2,-82],[29,-21],[6,-86],[-10,-115],[-29,-62],[-19,-110],[-20,-28],[-14,-41],[0,48],[-21,11],[-21,-24]],[[76916,71793],[-40,-41],[-38,5],[-57,112]],[[76916,71793],[31,-9],[-2,-59],[29,50],[2,22],[34,-30],[-57,-92],[-14,-84],[43,13],[52,-42]],[[77170,68267],[-979,-260],[-290,-270],[-191,-430],[-54,-232],[-88,-91],[-64,6],[-86,200],[-129,-33],[-144,27],[-153,29],[-88,72],[-338,-14],[-22,-39],[-27,16],[-29,-42],[-10,33],[-52,-1],[-51,82],[-54,23],[-83,-122],[29,-33],[-32,-40],[-12,-77],[-2,-110],[33,-71],[-15,-37],[4,-46],[-31,5],[-17,-85],[-43,-36],[-2,-38],[-37,-30]],[[74113,66623],[-25,225],[-46,64],[-10,108],[-32,28],[-13,67],[-18,16],[3,-98],[-21,268],[-144,230],[-27,8],[-75,223],[-23,22],[-19,154],[-27,62],[-26,14],[-22,67],[13,85],[-37,64],[13,82],[-36,36],[-11,88],[-27,49],[-3,102],[-62,64],[12,-5],[1,57],[-18,53],[-30,11],[1,-21],[-43,94],[2,32],[-150,199],[-30,-8],[-30,26],[13,-31],[-60,58],[-64,136],[9,13],[-34,73],[4,26],[-27,15],[8,35],[-30,22],[-2,36],[-18,3],[-20,87],[-21,29],[-2,51],[-29,78],[30,56],[-4,65],[-23,43],[6,107],[-14,-14],[-45,176],[9,17],[16,-20],[11,146],[34,105],[-9,10],[-15,-33],[4,113],[-32,111],[9,27],[-22,40],[8,-52],[-23,60],[-17,63],[21,-51],[17,5],[-24,59],[-31,21],[0,95],[-36,77],[-30,185],[-14,-4],[12,-25],[-18,13],[-34,162],[-167,212],[15,16],[-14,-2],[3,28],[-10,-36],[-18,0],[-63,89],[-16,-6],[1,-21],[-36,12],[-31,63],[9,46],[-76,185],[0,39],[-16,0],[-10,32],[36,13],[8,58],[-13,133],[-46,92],[-56,202],[-39,71],[-9,-24],[-30,37],[-13,62],[15,41],[-4,49],[-61,56],[-160,498],[-66,117],[-8,69],[-83,158],[-48,185],[-83,162],[17,28],[-55,41],[-68,-31],[7,26],[-10,3],[-11,-29],[5,26],[-16,-12],[-21,30],[-32,-69],[-13,51],[28,37],[49,223],[-9,86],[57,430]],[[71505,74753],[364,-100],[145,190],[83,225],[247,88],[59,211],[111,105],[-340,621],[667,316],[60,77]],[[75359,74593],[299,-63],[50,-228],[28,-61],[255,4]],[[75991,74245],[22,-30],[3,-48],[-13,-18],[22,13],[-5,-56],[32,-63],[-5,-44],[17,-63],[46,-25],[-16,-28],[46,-85],[-14,-61],[6,47],[-17,-30],[2,45],[-11,-68],[11,15],[1,-35],[8,13],[6,-28],[8,15],[-3,-47],[-14,0],[13,-4],[10,17],[5,-39],[0,24],[18,7],[30,-51],[60,4],[24,-61],[-9,17],[-55,-21],[29,-29],[19,12],[-13,-52],[29,9],[4,-88],[30,-1],[-13,-34],[50,-10],[-12,26],[28,12],[-1,-56],[43,-92],[91,-72],[62,-111],[1,-17],[-46,38],[-6,30],[-6,-14],[14,-144],[54,-57],[8,-50],[-1,-83],[-20,-16],[-4,-81],[-36,103],[-19,-38],[12,-40],[-7,-47],[11,22],[26,-29],[5,-77],[47,-147],[-38,63],[2,-21],[15,-8],[51,-128],[9,-13],[2,32],[30,-47],[30,-240],[55,-108],[11,-91],[16,6]],[[73913,66833],[-3,-77],[-35,33],[15,15],[-11,21],[-43,-14],[-59,89],[-7,52],[49,-93],[43,-20],[9,62],[42,-68]],[[73796,66949],[31,40],[-28,29],[26,-6],[21,-87],[-16,-20],[21,-38],[-27,19],[-28,63]],[[76363,73483],[-17,10],[-15,-31],[5,33],[20,14],[53,-30],[-42,-12],[-4,16]],[[72196,72291],[-25,30],[16,1],[9,-31]],[[72168,72290],[-14,-36],[-41,85],[16,-23],[30,-21],[-3,-20],[12,15]],[[72118,72340],[-33,43],[28,-20],[33,-45],[1,-13],[-29,35]],[[72154,72372],[5,36],[3,-55],[-8,19]],[[72082,72386],[-5,-14],[-46,28],[-10,43],[15,25],[-5,-36],[51,-46]],[[72036,72486],[-1,44],[16,37],[-11,-40],[18,-55],[-22,14]],[[68282,45225],[-13,-54],[11,-76],[44,-86],[41,-163],[84,-145],[18,-115],[41,-67],[3,-114],[69,-272],[49,-25],[3,-47],[79,-83],[55,-90],[162,-103],[21,-89],[1,-164],[107,15],[36,-23],[-10,-352],[72,-150],[35,-151],[158,-68],[50,8],[141,-94],[1,-140],[22,-30],[44,-2],[37,-72]],[[69991,46576],[2,-228],[151,1],[44,-41],[41,42],[49,-16],[48,-87],[102,-35],[54,-83],[12,-49],[127,-15],[127,-92],[19,-69],[79,17],[-17,-104],[-29,-54],[64,-257],[-28,-96],[29,-76],[-32,-221],[16,-132],[-7,-46],[29,-60],[-19,-38],[4,-34],[-42,-43],[17,-98],[-7,-51],[-70,-38],[8,-53],[-11,-22],[6,-43],[38,-1],[14,-37],[-31,-238],[23,-23],[-4,-109],[17,-10],[24,26],[6,-54],[24,-31],[-9,-155],[-18,1],[-22,-46],[-11,-107],[-60,-161],[-53,-21],[-11,-24],[3,-208],[-50,-124],[36,-113],[-13,15],[-324,-634],[-48,-60]],[[85420,78696],[90,-336]],[[82561,71303],[-9,39],[-2,-132],[-29,18],[13,58],[-13,67],[-17,10],[14,-68],[-14,-39],[-37,63],[-11,-11],[-4,38],[-8,-64],[-38,22],[9,-22],[-10,-11],[-28,7],[7,82],[-12,-52],[-23,30],[0,-17],[-23,13],[21,29],[-14,-8],[3,30],[-19,9],[28,51],[-64,11],[-21,122],[2,30],[26,9],[-30,16],[5,44],[-10,-13],[-25,107],[23,0],[-33,16],[8,46],[26,37],[-29,8],[-9,27],[-20,0],[1,-19],[-39,44],[0,-21],[-28,25],[-76,-7],[17,33],[-8,36],[19,145],[-63,116],[14,21],[-20,74],[-51,68],[-58,-21],[-36,-74],[81,49],[28,-45],[23,0],[-11,-17],[13,-35],[-82,47],[-130,-35],[-69,-45],[-86,29],[-54,-13],[-25,-47],[-137,18],[-25,-43],[14,-48],[-19,-8],[-18,4],[9,35],[-21,26],[-42,-22],[-114,63],[-5,50],[24,10],[-8,14],[-50,-26],[24,3],[3,-45],[-107,25],[-55,-13],[-34,-47],[10,-60],[-118,42],[-39,-25],[-183,24],[4,-28],[-49,-37],[13,-42],[-42,7],[20,19],[-6,35],[-51,21],[-28,-36],[12,-34],[-72,-3],[-11,-40],[-31,-16],[-11,15],[21,95],[-65,8]],[[80120,75071],[543,-282],[363,56],[172,-70],[29,61],[101,54],[186,-19],[386,185],[48,76],[-40,64],[28,117],[6,120],[-18,103],[32,201],[62,34],[37,67],[11,70],[82,75],[25,-4],[6,-45],[103,-18],[140,79],[2,38],[-53,10],[-14,75],[42,-6],[49,64],[41,9],[57,117],[39,-36],[81,-26],[17,18],[-44,18],[29,25],[57,-30],[42,-108],[79,44],[86,166],[-22,329],[64,120],[-16,74],[33,53],[4,107],[20,29],[74,25],[37,-16],[38,24],[17,42],[26,3],[56,75],[-3,40],[-43,78],[6,78],[-18,53],[-54,23],[-37,109],[9,57],[43,16],[173,-66],[113,17],[7,26],[60,30],[20,189],[-44,54],[-11,56],[36,17],[5,71],[40,47],[29,80],[60,47],[13,76],[43,74],[-36,70],[31,80],[-13,84],[-33,40],[12,35],[-19,70],[-40,95],[-59,62],[51,97],[80,80],[17,81],[57,-38],[-3,52],[133,109],[-1,36],[95,29],[37,39],[357,48],[65,-9],[67,-42],[19,10],[12,42],[35,2],[53,58],[48,-20],[1,37]],[[82329,71432],[-20,-26],[-17,35],[37,-9]],[[69386,83766],[8,-127],[-14,-53],[-29,-55],[-50,39],[-68,-23],[-34,-100],[-37,-19],[13,-21],[-20,-86],[3,-201],[-53,3],[2,-34],[-37,-20],[7,-44],[-36,5],[-29,-54],[4,-32],[2,21],[14,-17],[38,15],[30,-28],[-2,-41],[25,-24],[-11,-33],[77,-116],[10,-63]],[[94114,63664],[-6,77],[-39,83],[-3,69],[-54,131],[-16,-23],[8,-85],[-36,63],[-59,26],[-11,62],[24,11],[6,38],[-21,-31],[5,68],[-12,-22],[0,30],[-21,-3],[22,-68],[-15,-2],[-47,89],[9,45],[-22,3],[6,18],[-18,-4],[18,-26],[-3,-34],[-16,41],[-16,2],[-3,43],[-1,-48],[-60,111],[-116,-69],[-110,53],[-33,-20],[-5,-32],[-19,41],[-19,-7],[-7,35],[27,64],[-18,68],[23,53],[-19,59],[23,65],[-11,58],[23,41],[4,86],[-35,-18],[-70,26],[-29,28],[2,36],[-14,-63],[-73,-18],[-20,21],[-74,-64],[-30,-65],[47,-158],[-48,-244],[17,-188],[-10,-61],[13,-49],[-63,-168],[-5,-114],[-21,-20],[-27,-83],[-34,-153],[5,-87],[-19,-5],[-10,-34],[5,-167],[-23,3],[-23,-118],[-43,-92],[13,-107],[-44,-4],[6,-44],[28,-33],[-18,-15],[-16,-67],[9,-49],[-10,-162],[25,-141],[33,-94],[-29,-35],[-1,-36],[7,-29],[41,-25],[32,5],[21,51],[51,21],[54,-13],[22,-130],[16,-301],[59,-136],[14,5],[-7,65],[-11,8],[16,-8],[13,-33],[74,-608],[44,-177],[-49,45],[-12,187],[-22,6],[-17,-28],[18,78],[-19,88],[-42,-60],[14,-116],[31,-95],[30,-19],[22,-108],[40,-10],[10,50],[60,-151],[77,-79],[64,3],[18,26],[36,-17],[-30,43],[10,6],[88,-70],[71,-214],[101,-152]],[[93187,60405],[-12,26],[5,30],[-14,-16],[-33,54],[-1,42],[-31,64],[-60,72],[9,41],[-12,53],[23,62],[-23,-2],[-2,30],[-19,-22],[-19,39],[-4,43],[19,68],[-18,-46],[-14,52],[-12,-66],[-31,26],[-16,114],[-11,3],[-1,71],[-54,91],[-13,-47],[-20,20],[-6,57],[19,69],[-14,-13],[-37,92],[-25,-30],[-14,31],[-10,-18],[-22,172],[-27,-11],[11,62],[-17,11],[-59,-50],[12,-63],[-13,-43],[-11,-7],[-37,56],[-27,206],[4,16],[12,-42],[-9,133],[24,124],[33,70],[-20,-6],[17,29],[-20,86],[16,10],[-6,16],[35,186],[10,-13],[14,24],[-22,24],[17,32],[-7,37],[17,-5],[7,23],[-19,-2],[0,22],[16,14],[9,28],[-12,-21],[-12,18],[40,72],[-9,26],[47,223]],[[92728,62852],[15,94],[-14,77],[6,41],[42,75],[27,10],[6,78],[21,-2],[52,102],[72,243],[7,74],[31,16],[29,110],[-23,36],[4,65],[-18,31],[8,72],[-30,-7],[7,36],[-29,174],[6,69],[-60,89],[-24,123],[4,39],[-24,39],[3,83],[30,37],[-13,304],[-21,97],[-51,135],[-129,183],[-43,144],[-58,123],[-28,189],[6,72],[18,4],[17,39],[34,-21],[6,65],[24,15],[19,-36],[9,18],[-6,223],[14,166],[-12,45],[24,2],[20,47],[42,-10],[32,170],[-21,57],[-17,-62],[-42,-55],[-10,111],[-58,163],[20,50],[-3,56],[-30,85],[-40,23],[-102,270],[-77,122],[-28,87],[26,87],[-45,171],[6,40],[-21,17],[-15,-42],[-14,16],[-45,163],[25,-39],[28,1],[78,50],[-7,176],[-22,46],[51,117],[-15,179],[25,51],[2,55],[54,45],[5,103],[63,-54],[8,-33],[83,26],[15,-19],[92,82],[30,-36],[34,45],[5,138],[19,38],[35,12],[39,-37],[71,57],[5,27],[-35,112],[77,-43],[45,17],[17,52],[33,18],[54,-80]],[[92895,60488],[-10,-24],[-20,11],[30,13]],[[93036,60451],[-4,-15],[-20,57],[19,88],[16,-104],[-11,-26]],[[92947,60921],[16,-17],[-23,-29],[7,46]],[[92824,61157],[14,-22],[8,-88],[-23,59],[1,51]],[[92854,61166],[-5,-40],[-22,43],[27,-3]],[[92660,61446],[20,-26],[1,-100],[-21,126]],[[92619,61320],[-7,-56],[-18,12],[-7,-39],[-10,4],[-13,94],[9,165],[17,-13],[4,-38],[32,-17],[-14,-69],[7,-43]],[[92692,61487],[-6,-50],[-13,10],[14,53],[5,-13]],[[92578,62097],[9,-43],[-23,-24],[-2,71],[16,-4]],[[93168,62374],[-3,-77],[-38,-29],[-6,93],[47,13]],[[93157,62505],[18,-82],[-34,34],[0,52],[16,-4]],[[93998,63703],[14,-15],[-3,-76],[-22,26],[8,97],[3,-32]],[[93943,63913],[14,-48],[-20,22],[-1,-20],[-29,3],[-14,111],[31,-18],[19,-50]],[[92437,62273],[-6,22],[14,4],[-8,-26]],[[92576,62009],[6,-29],[-15,-50],[-3,75],[12,4]],[[36008,68715],[18,-185],[-24,-55],[45,-72],[-1,-38],[-47,-97],[-27,-20],[23,-5],[21,-47],[4,-73],[-40,-92],[-56,-12],[35,-72],[-2,-34],[67,-73],[-21,-70],[-1,-102]],[[36002,67668],[-39,77],[-59,47],[-160,-8],[-3,-32],[-108,-20],[-157,52],[15,17],[-22,4],[-49,-17],[-8,18],[-10,-27],[-13,22],[-14,-26],[5,31],[-61,-74],[12,-70],[-27,-2],[-77,139],[-45,41],[-44,-10],[-39,82],[24,118],[54,33],[151,-82],[72,25],[-43,-20],[21,-28],[94,6],[155,-49],[62,3],[40,77],[81,-19],[7,95],[-72,65],[-88,167],[35,41],[-32,71],[12,34],[18,5],[-20,52],[17,4],[-3,27],[17,-11],[-6,23],[-101,99],[-73,29],[-62,-9],[-20,56],[34,55],[-13,12],[79,66],[67,-22],[53,27],[140,-85],[17,-57],[6,29],[33,14],[7,-28],[59,-28],[17,21],[34,-10],[-12,-27],[27,-10],[-8,34],[29,0]],[[35386,67703],[16,-18],[-43,18],[27,0]],[[35330,68037],[19,5],[8,-22],[-18,-8],[-9,25]],[[35644,68952],[75,-51],[-4,-14],[-107,47],[36,18]],[[35509,68194],[-13,36],[32,20],[118,-88],[12,-67],[-7,-15],[-69,39],[-73,75]],[[36008,68715],[12,-8],[-16,55],[36,68],[52,10],[79,-47],[25,22],[7,-23],[2,22],[55,43],[18,-30],[34,13],[18,-48],[55,-42],[63,5],[51,-77],[55,-18],[25,35],[31,0],[20,-41],[7,-118],[33,-78],[80,26],[64,-30],[34,43],[-5,-40],[28,5],[-30,-77],[-121,26],[3,-83],[63,11],[21,-36],[61,-26],[11,25],[28,-46],[27,35],[78,-43],[137,-218],[-43,-162],[-49,8],[-18,-100],[-34,-1],[-40,116],[-68,0],[-50,35],[-96,-27],[-26,30],[-15,-26],[-17,26],[-62,9],[-44,-37],[-51,-113],[-76,4],[-28,-21],[-29,4],[-1,103],[-28,37],[-91,-108],[-46,31],[-11,-35],[14,-71],[-48,-144],[-35,-60],[-36,-132],[-38,94],[-49,6],[16,33],[-9,85],[-39,54]],[[36086,67359],[1,47],[18,-25],[-19,-22]],[[37037,67750],[22,-2],[9,-37],[-55,10],[-17,46],[41,-17]],[[64406,64953],[-53,460],[69,69],[-4,60],[40,47],[-3,80],[26,108],[178,457],[367,731],[88,1871],[78,271],[-133,260],[-9,87],[22,38],[-103,282],[-39,56],[-4,315],[-64,627]],[[65029,61082],[23,67],[4,101],[-40,30],[-86,400],[-44,103],[-32,21],[-19,61],[-35,25],[-147,222],[-10,47],[-124,247],[78,213],[86,11],[110,-46],[128,40],[94,-34],[81,37],[-69,89],[-58,112],[-27,110],[-29,34],[6,51],[-28,107],[4,65],[-19,179],[13,146],[25,72],[-23,93],[15,65],[-22,59],[1,53],[11,6],[-11,70],[-28,5],[-22,38],[3,109],[-25,183],[-33,39],[-6,-18],[-2,41],[-51,31],[-22,67],[5,59],[-29,71],[-117,-2]],[[75829,75156],[16,-104],[61,-179],[-71,21],[-86,-133],[44,15],[-7,-31],[13,-10],[43,45],[38,-28],[19,-208],[41,-77],[16,-84],[22,-11],[-14,-64],[11,8],[16,-71]],[[75936,74802],[4,26],[19,-5],[20,-47],[-43,26]],[[75865,75028],[19,31],[-6,34],[22,-9],[11,23],[-25,36],[15,14],[60,-129],[3,-50],[-29,-59],[-26,-8],[-44,117]],[[29907,64970],[-3,71],[28,58],[62,76],[29,-13],[20,83],[55,38],[-25,61],[5,46],[14,-13],[48,40],[12,-19]],[[30152,65398],[69,-40],[15,28],[47,-128],[29,-4],[14,-53],[31,7],[-1,-37],[19,-27],[62,-16],[3,-83],[70,34],[16,20],[1,35],[45,-2],[28,-78],[65,31],[38,-63],[-28,-176],[23,-46],[-32,-34]],[[30666,64766],[-7,22],[-12,-47],[27,-38],[-2,-25],[-43,-67],[-132,5],[-9,5],[8,14],[-10,20],[6,-21],[-25,-15],[-16,57],[3,-29],[-33,38],[-57,-4],[49,-5],[13,-26],[-20,5],[45,-38],[-108,48],[-154,143],[-186,34],[-13,50],[-83,78]],[[29907,64970],[-161,114],[-154,0],[-90,26],[-149,141],[-161,229]],[[29192,65480],[29,86],[-11,95],[13,101],[27,49],[-46,124],[157,494],[417,6],[16,18],[-7,100],[15,18],[-10,13],[13,14],[-5,23],[13,0],[-5,32],[-49,45],[-30,-4],[0,68],[-11,-4],[-1,42],[-43,95],[-40,20],[-12,39],[-13,-16],[-20,22],[-75,170],[-54,36],[150,9],[3,350],[606,2]],[[30219,67527],[4,-487],[-30,-716],[108,0]],[[30301,66324],[53,-34],[43,-53],[-4,-33],[9,0],[17,95],[23,-4],[-39,77],[128,-153]],[[30531,66219],[-250,-367],[-62,-50],[-3,-68],[-21,-64],[29,-88],[-5,-80],[-29,-5],[-36,-61],[-2,-38]],[[101139,50518],[64,64],[76,38]],[[101435,50756],[59,104],[16,103],[78,38],[157,55],[72,-24],[114,64],[46,-42],[83,48],[56,63],[41,-33],[39,19],[35,-52],[-97,-163],[-146,-82],[-37,-86],[-102,-28],[-72,-86],[-118,-40],[-71,-57],[-56,-87],[-50,-42]],[[101651,51236],[27,33],[-26,-109],[-23,29],[22,47]],[[98145,59389],[33,20],[-4,27],[10,8]],[[97802,59251],[109,4],[67,54],[65,115],[68,78],[58,30],[-40,-100]],[[62353,83767],[-24,-13]],[[58275,72025],[-626,705],[-658,729]],[[59140,78347],[88,-9],[65,34],[84,104],[71,43],[37,133],[50,67],[77,57],[59,-32],[34,35],[14,70],[44,10],[21,-49],[67,-21],[39,43],[31,117],[72,97],[174,108],[60,68],[100,37],[208,10],[126,48],[32,-30],[51,4],[111,133],[27,2],[42,-44],[23,10],[6,34],[84,-22],[131,88],[77,-21],[52,17],[174,-10],[106,-71],[-5,-41],[72,-46],[53,14],[89,105],[45,-6],[110,50],[23,72],[49,47],[43,-21],[18,-54],[74,-13],[43,-39],[69,15],[25,33],[8,30],[-25,39],[14,8],[53,-4],[110,-75],[28,19],[-8,-65],[45,-25],[108,67],[76,-35],[47,24]],[[63861,71099],[-747,-829],[-746,-827],[-561,-891],[-521,-193]],[[70562,39559],[-2,213],[-23,135],[11,172],[-41,32]],[[73331,49809],[30,-9],[-7,-48],[49,-76],[-28,-6],[-28,-41],[2,-22],[7,17],[36,-44],[-42,-72],[4,-51],[20,14],[-20,-108],[-36,-78],[-17,-4],[39,-42],[-12,-166],[17,-109],[13,-10],[-11,-35],[17,-63],[-13,-82],[9,-48],[-24,-37],[20,-24],[-1,-50],[17,-4],[-27,-71],[27,-18],[1,-52],[19,-20],[-18,-3],[4,-36],[23,-37],[-14,-20],[-13,13],[-13,-26],[9,-18],[-7,-34],[-17,13],[-23,-50],[23,-38],[6,46],[31,-17],[-9,-168],[-13,-35],[13,9],[7,-47],[-20,-94],[22,-35],[-18,-44],[37,-248],[-19,-34],[9,-26],[-27,-23],[5,-41],[13,10],[-1,-31],[35,51],[17,-56],[-5,-43],[-16,-17],[-16,17],[-2,-142],[23,84],[25,20],[23,-40],[-28,-39],[25,-7],[2,-163],[-43,-61],[-23,26],[10,-43],[25,0],[9,-47],[-34,13],[13,-60],[-36,-35],[-23,5],[-7,-38],[23,-14],[9,27],[22,-25],[-29,-174],[-30,-29],[-45,-119],[-99,-172],[23,2],[-47,-148],[-70,-50],[9,-54],[16,-26],[-21,-21],[-16,13],[7,-13],[-30,-52],[-182,-201],[-16,-30],[13,-1],[-10,-42],[-72,-39],[-52,-8],[-18,21],[1,-31],[-22,-1],[-16,-28],[-13,10],[-113,-114],[-17,69],[-14,-8],[16,-60],[-73,-43],[-240,-241],[-68,-171],[-32,82],[-18,2],[-5,-16],[18,3],[12,-72],[23,-21],[-30,-89],[-25,2],[-9,-29],[21,22],[-27,-64],[-72,-117],[-4,-34],[-22,-10],[-29,-89],[7,-54],[-37,3],[-19,54],[10,-123],[-40,-6],[-8,62],[-38,-75],[-14,17],[-13,-45],[-24,9],[4,-23],[-69,-91],[-7,-24],[9,0],[-109,-219],[-119,-176],[-44,-31],[-74,160],[-24,9],[-8,-26],[28,7],[54,-127],[-23,-43],[19,-12],[3,-156],[-6,-18],[-34,18],[30,-47],[-15,-92],[-20,-2],[26,-56],[-16,-47],[24,11],[37,-92],[14,8],[-7,-35],[27,11],[13,-21],[15,-131],[14,16],[13,-33],[-17,-25],[3,-50],[-20,-16],[23,-64],[-13,-25],[8,-43],[18,90],[-2,-125],[50,-167],[22,-278],[-10,-188],[29,-62],[12,51],[-13,84],[8,41],[12,-13],[-12,30],[9,37],[20,9],[5,-128],[12,82],[-21,-320],[16,-161],[23,20],[-43,-164],[-29,-357],[-3,44],[-14,0],[9,-32],[-11,-148],[18,32],[-2,43],[28,-22],[3,61],[18,-13],[-11,-187],[-129,-311],[-153,-134],[-306,-183],[-150,-121],[14,28],[-158,-200],[-52,-197],[-32,-52],[-25,12],[-13,-21],[5,-19],[3,27],[15,-5],[45,-131],[22,-2],[31,-61],[13,7],[5,102],[20,23],[-21,-481]],[[70826,40049],[4,35],[21,20],[-7,-47],[-16,9],[-2,-17]],[[71678,42873],[7,12],[0,-70],[-18,-89],[11,147]],[[73155,46176],[13,-17],[-23,-72],[-15,17],[-4,46],[29,26]],[[69531,54666],[6,62],[27,16],[64,-41],[11,-104],[127,13],[8,29],[32,5],[19,51],[11,221],[62,-71],[30,57],[30,-9],[27,32],[58,-61]],[[69718,55500],[66,14],[17,26],[18,-81],[19,-12],[70,80],[63,175],[45,-1]],[[92728,62852],[-68,-227],[-17,132],[13,104],[-23,220],[13,10],[10,-24],[-3,30],[14,-9],[23,78],[-17,19],[44,27],[-7,52],[10,23],[-21,55],[22,15],[11,71],[-20,74],[6,35],[20,6],[-19,49],[5,69],[29,42],[23,-9],[-36,38],[9,60],[-45,-104],[-21,29],[7,39],[-9,7],[34,47],[-53,0],[39,26],[19,48],[-3,41],[-16,-2],[-12,45],[25,66],[-36,-27],[-19,30],[10,31],[46,35],[-34,51],[4,36],[31,16],[-29,29],[23,105],[-25,25],[11,20],[-20,76],[8,22],[-12,146],[-33,61],[-2,81],[-7,-21],[-50,201],[-19,8],[-3,181],[-14,39],[-2,-327],[-14,-4],[8,90],[-22,13],[3,126],[-17,67],[16,99],[-38,102],[2,87],[-11,-13],[-27,148],[19,22],[28,-45],[-26,95],[-6,-30],[-11,29],[1,-38],[-17,-9],[-18,99],[6,64],[-13,21],[11,9],[5,112],[-18,8],[-14,73],[23,43],[-28,219],[5,54],[-53,137],[28,131],[-5,129],[34,51],[-105,-22],[-18,-25],[-13,123],[-6,-18],[-19,29],[-5,111],[-7,-31],[0,47],[-12,13],[5,58],[-14,46],[35,12],[-34,14],[-9,-31],[-7,69],[-72,122],[-4,46],[-9,-44],[-11,4],[29,-48],[-20,-65],[20,-118],[-10,-57],[-15,1],[7,-22],[-16,5],[13,-40],[-55,-169],[-22,-36],[-59,-25],[-57,75],[-13,103],[20,32],[-39,-26],[50,-223],[-12,-31],[-55,-28],[-37,41],[20,-48],[-29,-54],[-13,-3],[3,24],[-22,-30],[2,22],[-31,-62],[-14,0],[-10,48],[2,-59],[-22,-112],[-83,-142],[-42,11],[-2,62],[27,91],[-1,103],[-11,-26],[5,-77],[-30,-73],[7,85],[-20,-136],[-29,20],[4,118],[-3,20],[-7,-34],[-4,26],[14,47],[29,12],[-30,18],[-22,-46],[-12,-169],[-19,-26],[-43,17],[16,35],[-14,-4],[-6,68],[30,56],[-12,-13],[-9,69],[43,77],[-46,-57],[5,-75],[-49,-115],[-21,-1],[-19,41],[44,61],[20,90],[-29,-88],[-46,-54],[37,117],[-5,85],[23,65],[-9,70],[9,32],[-19,5],[3,-105],[-19,-65],[-15,-15],[16,67],[-16,-43],[-20,13],[-5,-66],[-26,-73],[-23,-15],[-7,-34],[-33,-12],[-8,114],[17,231],[25,13],[-5,37],[25,114],[-7,70],[28,31],[8,109],[-12,35],[28,5],[-10,26],[13,56],[16,-17],[-11,182],[18,-23],[-56,268],[16,47],[-24,121],[-32,11],[1,27],[29,7],[-53,122],[-3,82],[-33,57],[43,5],[-22,2],[-21,79],[-10,-32],[-27,27],[1,86],[17,57],[-21,5],[15,174],[-27,-135],[-28,20],[25,-139],[-18,-69],[-84,101],[-12,72],[-53,135],[3,36],[20,14],[20,-17],[3,-43],[59,-62],[44,41],[17,45],[3,53],[-22,3],[4,19],[-68,88],[23,15],[2,56],[-15,-44],[-17,24],[14,32],[-20,-25],[-19,22],[-11,-26],[1,48],[18,47],[26,8],[1,26],[-53,-27],[-21,36],[2,38],[-34,-22],[-13,78],[-7,-39],[-7,47],[-23,-34],[-48,29],[36,-155],[1,-16],[-30,109],[-13,-1],[20,-117],[-66,202],[41,13],[9,39],[-44,-36],[17,111],[17,31],[3,31],[-14,-43],[-9,30],[14,91],[-17,-64],[-2,-80],[-52,-126],[-27,67],[54,56],[-31,35],[-11,80],[-15,-31],[-16,86],[-29,66],[24,-74],[8,-201],[-75,220],[-41,57],[-39,226]],[[90572,69561],[-30,71],[1,78],[19,74],[40,21],[11,-47],[45,-9],[16,-72],[24,32],[-17,108],[-6,318]],[[92556,62959],[-12,-24],[-1,21],[13,3]],[[92426,64369],[5,22],[5,-20],[-10,-2]],[[92578,62663],[-54,-127],[-2,72],[36,59],[20,-4]],[[92542,62709],[-3,45],[21,-13],[-18,-82],[0,50]],[[92450,62943],[11,-32],[-11,-26],[0,58]],[[92644,63191],[20,-37],[-9,-28],[-9,4],[10,16],[-12,45]],[[92443,63187],[21,22],[-23,-47],[2,25]],[[92569,63157],[9,-64],[-15,-26],[-3,86],[-14,32],[-17,27],[-23,-23],[31,57],[32,-89]],[[92656,63243],[-7,-17],[-11,17],[16,70],[2,-70]],[[92571,63415],[9,-5],[-18,-16],[-9,34],[20,4],[-2,-17]],[[92572,63760],[15,-43],[-13,-139],[-7,-26],[-9,22],[-5,-31],[-14,-2],[33,219]],[[92658,63763],[0,-172],[-26,34],[-8,-11],[-18,78],[11,52],[-14,10],[55,9]],[[92498,63698],[12,-43],[-26,46],[0,100],[23,-82],[-9,-21]],[[92368,63827],[3,-43],[-10,19],[7,24]],[[92564,63797],[4,31],[8,-16],[-12,-15]],[[92681,63865],[18,-21],[-60,-27],[-13,139],[27,-66],[28,-25]],[[92512,64003],[12,7],[2,-38],[-33,43],[11,52],[17,-19],[-9,-45]],[[92502,64114],[-22,-60],[-18,26],[8,22],[-10,13],[26,23],[-4,-22],[12,-6],[11,43],[10,-28],[-13,-11]],[[92564,64241],[12,-26],[-10,-19],[-10,13],[8,32]],[[92421,64253],[9,5],[0,-36],[-9,31]],[[92635,64251],[-4,-79],[-35,-82],[-16,7],[12,71],[-7,148],[30,-30],[6,-69],[9,47],[5,-13]],[[92578,64565],[14,-7],[-12,-100],[-18,189],[16,-82]],[[92368,66119],[0,-39],[-4,55],[4,-16]],[[91425,66348],[-8,-85],[-27,10],[35,75]],[[91369,66530],[-10,-92],[-51,-68],[-25,-80],[-4,101],[32,37],[42,102],[16,0]],[[92343,66651],[-14,-135],[-29,64],[8,39],[-8,71],[20,21],[29,-17],[-6,-43]],[[91064,68145],[-4,-70],[-29,-6],[-53,123],[45,22],[40,-24],[1,-45]],[[91139,68531],[-17,-62],[-38,-26],[-25,89],[-29,46],[27,40],[32,-53],[20,5],[30,-39]],[[90985,68775],[2,-38],[-24,41],[-13,89],[32,-42],[3,-50]],[[90805,68919],[20,-131],[-38,161],[18,-30]],[[90572,69561],[20,-202],[-46,167],[-45,93],[-2,91],[-31,89],[22,32],[-10,43],[14,90],[-16,-34],[-11,41],[13,49],[-30,-3],[17,59],[-11,-13],[-16,172],[-9,-13],[-9,40],[9,41],[-11,38],[22,18],[11,56],[-39,-77],[12,-34],[-13,-6],[-37,186],[-71,142],[9,89],[-25,-94],[-23,13],[5,-20],[-23,-3],[9,-26],[-45,19],[-5,-26],[32,-28],[-20,-61],[-38,1],[-24,87],[7,-60],[-32,-1],[-49,97],[-55,202],[12,128],[-2,34],[-16,13],[-4,67],[38,30],[1,23],[-13,13],[6,-30],[-29,-10],[-6,44],[12,26],[-26,-25],[-24,12],[33,-27],[-8,-97],[-100,52],[59,-89],[47,-19],[15,-62],[-7,15],[-9,-90],[-3,21],[-12,-19],[-23,-5],[-1,-10],[6,-37],[22,-69],[-19,-1],[-19,-73],[-16,-4],[39,-26],[8,-68],[-18,-20],[-5,-54],[10,51],[29,-8],[18,-155],[-59,-150],[-17,17],[12,60],[-9,56],[6,-69],[-47,-201],[-29,-35],[-31,18],[11,64],[-19,-49],[-14,6],[6,65],[40,92],[17,6],[7,47],[-61,-131],[-19,7],[28,103],[-32,-75],[0,-37],[-16,7],[-19,174],[44,135],[-30,-62],[-16,17],[-11,-94],[11,-111],[-25,-10],[17,-26],[11,-94],[-57,-34],[-16,12],[-5,48],[-9,-35],[27,-53],[-11,-21],[-24,5],[-3,-37],[-20,71],[26,188],[-12,56],[19,83],[-25,-82],[10,-57],[-16,-81],[-19,195],[0,-121],[6,22],[9,-110],[-21,-125],[-17,-28],[-12,16],[6,99],[-12,44],[1,-50],[-24,-44],[5,-90],[-16,-20],[-13,5],[-8,99],[-11,-16],[-16,18],[-15,197]],[[90462,69998],[12,-148],[-31,-26],[-8,153],[6,18],[9,-7],[-4,-37],[8,27],[-3,29],[11,-9]],[[89524,70012],[6,-38],[-27,45],[-2,78],[23,-85]],[[90446,70065],[-18,-88],[12,129],[6,-41]],[[90016,70140],[4,-30],[-34,-47],[6,47],[24,30]],[[89929,70110],[21,39],[-24,-98],[3,59]],[[89963,70175],[17,-41],[-23,-47],[-7,23],[13,65]],[[90000,70187],[-21,-16],[7,38],[37,43],[-32,-107],[9,42]],[[90135,70291],[8,85],[6,-38],[-14,-47]],[[90201,70372],[12,-81],[-15,-51],[-39,-32],[17,184],[25,-20]],[[90025,70415],[-6,15],[19,-43],[-7,-45],[-6,73]],[[90204,70464],[14,7],[0,-26],[-29,-7],[15,26]],[[90307,70516],[29,-68],[0,-47],[-16,-4],[-20,36],[-8,45],[15,38]],[[90081,70459],[22,-38],[-6,-161],[-21,-64],[-42,-51],[11,68],[-18,-47],[-8,10],[28,209],[-13,107],[-30,34],[13,108],[18,8],[46,-183]],[[90033,70681],[11,-26],[-29,4],[-23,-64],[-22,34],[6,62],[40,10],[17,-20]],[[90040,70746],[-10,-20],[-42,34],[26,37],[26,-51]],[[89988,70818],[2,-10],[-15,-28],[-5,34],[18,4]],[[89993,70977],[-32,39],[53,-52],[-21,13]],[[80261,78678],[27,6],[14,-46],[71,-77],[133,5],[76,-91],[17,-96],[49,88],[63,-36],[152,134],[-1,117],[46,47],[-34,44],[-3,55],[109,9],[50,55],[103,44],[51,-19],[4,66],[34,35],[36,-5],[12,37],[58,38],[39,95],[-1,123],[58,178],[-2,118],[16,27],[85,61],[158,15],[29,55],[11,103],[27,12],[7,31],[178,-155],[55,-4],[19,25]],[[66012,83026],[38,50],[-35,111],[3,111],[61,16],[9,134],[52,68],[34,3],[23,-50],[26,26],[-53,124],[22,25],[26,-25],[47,16]],[[66321,82583],[-65,54],[-29,107],[-56,71],[-9,38],[-36,-8],[-33,72],[-36,5],[-3,28],[46,-28],[-4,56],[-11,-20],[-51,3],[9,-35],[-11,10]],[[65752,83233],[-25,32]],[[34898,68832],[-24,0],[21,28],[-11,18]],[[34884,68878],[14,0],[0,-46]],[[34876,68878],[1,-20],[-25,-24]],[[34852,68834],[24,44]],[[34884,68878],[15,56],[-26,-22],[3,-34]],[[34852,68834],[-96,-13],[-67,49],[-160,21],[-220,-34],[-31,-29],[-113,10],[-20,-27],[-116,-21],[-10,27],[55,117],[-5,18],[21,3],[95,130],[14,-9],[27,51],[11,61],[-23,45],[-30,16],[15,46],[-49,51],[-50,-26],[-128,35],[-21,-22],[-41,9],[-141,205],[-17,121],[14,24],[-16,17],[-28,140],[-39,29],[19,12],[-18,31],[-155,-55],[-87,34],[-15,29],[-8,-17],[-37,44],[-55,12],[-11,-20],[-15,12],[0,38],[-39,-3],[3,-21],[-21,60],[-68,44],[-59,102],[20,20],[-32,69],[-18,-17],[23,-77],[-145,3],[-61,25],[-16,90],[-19,32],[-4,-138],[-11,56],[-33,-38],[-19,51],[-43,21],[-100,-10],[-18,45],[-95,85],[15,22],[93,0],[63,35],[2,54],[-77,67],[-74,-16],[-220,32],[-14,-52],[-85,-84],[-36,-94],[-31,2],[-52,-98],[-34,2],[-19,36],[-32,-47],[-85,0],[-25,-71],[14,-14],[-23,-72],[-31,15],[-39,-21],[-90,-90],[4,104],[-54,-13],[-60,-56],[-28,8],[-8,26],[6,23],[18,-15],[10,32],[8,-19],[100,86],[77,-17],[5,34],[-11,-24],[-9,59],[-37,46],[24,110],[22,58],[26,19],[6,50],[22,-9],[22,61],[19,8],[-15,12],[6,13],[22,-20],[37,40],[74,29],[38,50],[18,-10],[15,27],[14,-17],[56,78],[16,-9],[3,-36],[3,32],[33,24],[19,0],[13,-29],[16,37],[113,14],[56,58],[63,30],[212,-23],[15,-18],[3,-51],[16,33],[110,70],[-46,-55],[46,-56],[23,43],[31,1],[9,-29],[99,19],[21,42],[-8,-42],[22,-51],[42,-36],[61,-25],[28,33],[31,-20],[8,18],[43,-69],[41,30],[-21,-16],[0,-32],[52,-46],[16,7],[8,-63],[95,-153],[34,-23],[152,8],[16,-46],[8,25],[-9,21],[10,-2],[74,-79],[35,-9],[26,-52],[79,-48],[59,-136],[9,61],[18,0],[-14,-35],[32,-67],[75,-31],[24,14],[11,-19],[-12,-8],[9,-48],[28,-12],[-34,103],[-55,51],[19,28],[52,-86],[89,-79],[-7,-69],[-37,37],[-33,-1],[36,-28],[-1,-57],[32,2],[25,79],[47,-92],[45,-39],[-29,-32],[4,-24],[19,4],[8,48],[44,-22],[12,-21],[-33,-23],[41,-24],[-14,30],[36,-4],[-4,-34],[-18,-5],[25,-26],[27,26],[-20,8],[-3,27],[46,2],[72,-61],[18,-60],[15,13],[11,-24],[38,26],[17,-17],[17,30],[39,-11],[42,-66],[-23,-72],[-25,16],[-7,-22],[7,-21],[32,13],[25,-34],[-7,-15],[-19,28],[-47,-4],[-4,-56],[19,-32],[31,53],[27,-60],[34,4],[-9,17],[12,14],[28,-13],[-1,-26],[15,-9],[19,4],[-25,21],[13,12],[62,-37],[36,23],[87,-57],[1,-28],[113,-174],[53,21],[32,-49],[-1,-37],[-42,-72],[-181,-20],[-45,-38],[-10,-33],[-39,-16]],[[33821,69244],[-2,-23],[-42,52],[44,-29]],[[34757,69394],[12,-36],[-32,20],[20,16]],[[33623,69402],[27,-22],[-39,26],[10,16],[2,-20]],[[33590,69451],[18,-8],[-6,-21],[-30,36],[18,-7]],[[33574,69471],[-14,-4],[-11,41],[-25,18],[29,-14],[21,-41]],[[32412,69921],[9,-26],[-18,-33],[-104,-66],[-57,20],[-38,101],[37,-49],[19,-2],[19,32],[3,-24],[4,27],[-46,123],[42,78],[-10,15],[95,-35],[3,-43],[34,-55],[-8,-45],[16,-18]],[[34053,70183],[0,-69],[-20,2],[-3,-23],[-40,45],[2,30],[-28,-10],[-16,55],[105,-30]],[[33982,70312],[-11,30],[41,-81],[-30,51]],[[33932,70241],[-16,32],[13,22],[1,33],[-4,18],[14,-10],[-4,-39],[26,-20],[13,14],[-11,-22],[25,-21],[-12,-37],[-17,28],[-9,-17],[-19,19]],[[33866,70355],[4,18],[-18,-14],[3,28],[-23,25],[51,5],[26,-74],[19,-18],[-62,30]],[[33790,70439],[-38,-3],[-39,45],[-12,-14],[-1,21],[76,-7],[24,18],[39,-69],[-51,-19],[2,28]],[[33604,70548],[-34,22],[37,-2],[-3,-20]],[[33480,70548],[-93,103],[22,1],[81,-117],[-10,13]],[[33301,70750],[-18,-20],[-3,16],[21,4]],[[33159,70767],[24,15],[6,-32],[-39,17],[9,0]],[[33201,70853],[20,-26],[-30,4],[10,22]],[[32991,70887],[-1,-27],[-47,-16],[48,43]],[[32607,69928],[-3,-24],[-41,-24],[44,48]],[[32386,70120],[18,-17],[-22,3],[4,14]],[[33373,70687],[-2,-16],[-15,20],[1,24],[16,-28]],[[33324,70753],[-7,-34],[-8,23],[15,11]],[[33008,70905],[21,-10],[-49,18],[28,-8]],[[30531,66219],[26,-26],[34,64],[36,20],[-6,31],[76,35],[32,-23],[12,30],[-9,-25],[46,-68],[45,40],[142,-56],[49,29],[100,-2],[31,-21],[68,73],[79,31],[5,42],[-29,17],[101,-34],[5,-26],[66,-41],[78,9],[60,64],[25,1],[107,-70],[6,-63],[17,21],[52,-8],[-63,42],[115,-33],[134,-204],[54,-52],[-58,32],[-33,53],[-17,-16],[-16,25],[5,-43],[-14,43],[-27,0],[9,-43],[19,31],[9,-97],[22,-22],[0,24],[11,-45],[23,2],[-9,-9],[7,-24],[39,7],[-60,56],[-5,34],[67,-58],[18,-75],[42,34],[4,25],[32,-7],[-2,-46],[-20,16],[-10,-38],[9,21],[7,-31],[31,35],[-16,53],[-27,2],[-38,45],[7,16],[98,-85],[42,-124],[51,-44]],[[30833,64500],[15,30],[-28,27],[16,16],[-38,9],[-31,109],[44,54],[-5,21],[-17,9],[-12,-38],[-22,-3],[2,11],[-13,7],[-12,-7],[-2,59],[-23,-63],[-41,25]],[[30733,64694],[-3,-24],[-14,2],[-3,18],[20,4]],[[30730,64743],[18,2],[-7,-43],[-23,18],[12,23]],[[30978,66471],[0,-22],[-40,-6],[40,28]],[[31068,66569],[56,70],[36,21],[50,-1],[-44,-10],[-98,-80]],[[31300,66680],[20,35],[11,-12],[-43,-60],[12,37]],[[33656,57268],[54,-105],[21,-2],[11,-42],[28,-2],[45,-86],[77,-84],[67,-30],[23,-41],[48,22],[19,-80],[59,-41],[24,-165],[63,-33],[42,9],[66,-68],[49,-4],[4,27],[53,-38],[52,24],[-3,92],[39,38],[54,-41],[6,-28],[22,7],[34,-100],[44,-65],[64,-13],[54,-74],[60,-42]],[[33153,54244],[11,46],[-2,-35],[9,35],[9,-17],[41,12],[25,78],[7,-48],[32,65],[36,232],[36,133],[-6,65],[-15,6],[-16,65],[-10,135],[34,98],[-42,-70],[10,-113],[-11,-154],[-34,-41],[-22,19],[21,61],[24,-2],[-35,6],[8,72],[20,32],[-21,-12],[-54,-163],[-19,-26],[-16,10],[8,-73],[-71,70],[-62,126],[-86,61],[-33,95],[36,-31],[41,46],[12,25],[-6,81],[11,28],[-42,214],[12,55],[17,14],[9,84],[-58,174],[30,72],[86,24],[40,192],[50,-35],[-31,23],[-35,153],[57,130],[31,21],[60,144],[1,143],[19,29],[-17,59],[2,104],[-24,44],[11,76],[71,37],[69,80],[-5,-51],[18,-48],[-11,39],[5,49],[21,-1],[45,59],[90,13],[36,74],[22,-61],[20,77],[19,29],[20,-7],[-23,26],[18,72]],[[33246,54702],[51,-44],[-29,-41],[-45,-140],[-45,2],[1,111],[17,73],[50,39]],[[30052,55530],[16,-32],[-48,19],[32,13]],[[29813,55584],[-17,-57],[-31,25],[18,55],[30,-23]],[[30170,55940],[17,3],[-6,-49],[-49,-100],[-41,-24],[-28,20],[72,133],[35,17]],[[29876,56032],[-3,-89],[-46,-60],[-30,9],[-39,51],[6,70],[22,35],[66,19],[24,-35]],[[29473,56086],[-35,-24],[-33,22],[-21,107],[71,17],[19,-31],[-1,-91]],[[29752,56191],[-14,-53],[-71,19],[-18,43],[15,67],[17,10],[48,-33],[23,-53]],[[29670,55912],[6,-15],[-12,-13],[-10,-88],[-23,-34],[-77,-38],[-92,21],[-22,63],[12,56],[52,78],[50,2],[24,61],[-41,61],[-10,68],[-45,59],[-16,159],[-18,11],[-28,-26],[-14,24],[35,75],[58,21],[14,-67],[24,-27],[12,-137],[72,-121],[3,-62],[-14,-36],[32,-29],[28,-66]],[[29769,56547],[-10,31],[13,18],[32,-32],[-16,-27],[-19,10]],[[29674,56779],[14,-14],[-2,-49],[-14,12],[2,51]],[[33631,57230],[1,-64],[-19,-22],[-13,32],[31,54]],[[33326,54813],[16,-36],[-35,-67],[19,103]],[[33656,57268],[-11,78],[-13,-9],[-40,59],[58,114],[91,-24],[9,83],[-15,-11],[-6,82],[-19,-28],[-12,129],[42,153],[5,-33],[12,72],[59,95],[31,-66],[2,76],[13,-79],[25,-28],[16,14],[-4,85],[49,15],[21,-25],[-6,-35],[48,8],[3,22],[-16,30],[7,9],[-11,47],[26,14],[-17,5],[7,13],[25,-15],[-12,30],[30,19],[-25,-6],[0,36],[22,-12],[8,21],[-5,39],[-29,-8],[81,154],[-21,12],[25,34],[3,35],[25,19],[21,-42],[-16,51],[11,6],[0,63],[23,-26],[-11,26],[8,13],[-16,10],[37,20],[7,52],[24,9],[-18,0],[15,25],[-20,-9],[-5,25],[25,-6],[-16,15],[16,13],[-8,22],[10,-9],[2,34],[28,39],[-32,9],[1,-27],[-43,-29],[-20,43],[4,38],[30,5],[-11,0],[18,56],[-25,26],[0,-26],[-18,-9],[-9,-77],[-30,62],[9,10],[-6,85],[26,28],[17,-14],[20,39],[-33,2],[-17,49],[25,78],[-2,133],[7,-17],[2,16],[-11,44],[22,-30],[-30,94],[-8,185],[9,60],[-21,88],[9,11],[-27,61],[-32,1],[23,58],[52,13],[29,74],[-35,183],[-5,-17],[-39,119],[0,66],[23,-35],[11,39],[-6,54],[13,2],[-7,34],[12,76],[-23,44],[1,36],[-17,17],[-25,-36],[-18,103],[-26,33],[-9,-20],[11,105],[-77,137]],[[33966,60901],[25,151],[22,6],[8,28],[-11,110],[28,-22],[33,-89],[80,112],[-13,42],[26,80],[46,23],[-51,195],[-19,24],[-16,105],[-22,11],[18,97],[20,23]],[[34140,61797],[33,-106],[43,-47],[31,-91],[30,-6],[-1,-39],[16,-9],[-9,-38],[37,5],[-2,-52],[-9,5],[11,-22],[-30,0],[5,-61],[50,-4],[9,80],[-15,229],[-21,53],[-36,28],[17,47],[78,42],[4,37],[34,24],[40,79],[37,23],[41,117],[8,70],[74,122],[45,1],[4,-16],[-18,-3],[13,-13],[24,21],[23,-10],[17,27],[15,106],[-14,42],[-29,7],[22,52],[21,162],[-5,54],[20,71],[-58,-67],[37,105],[26,11],[-3,45],[-18,4],[25,56],[-6,-34],[9,1],[2,42],[-12,41],[40,71],[43,40],[8,-23],[9,17],[-15,38],[73,66],[9,46],[53,47],[6,38],[107,-71],[75,-3],[-64,-8],[-9,-33],[12,-47],[-15,20],[-24,-10],[0,-53],[11,30],[7,-43],[15,2],[-3,50],[17,-61],[21,1],[60,212],[-7,96],[27,64],[50,8],[59,-49],[40,-6],[137,16],[184,260],[102,55],[57,56],[41,137],[-10,81],[67,13],[-16,-38],[26,-17],[23,26],[-1,30],[-29,17],[43,58],[-4,-24],[13,-9],[23,54],[13,-28],[21,39],[-16,-6],[-2,23],[-16,-25],[12,31],[62,-13],[94,-86],[40,-145],[-10,-37],[-53,-59],[-10,-44]],[[36151,63792],[-214,-118],[-98,-318],[-78,-21],[-138,-431],[-23,-389],[-135,-400],[59,0],[68,77],[18,-120],[42,23],[12,-17],[39,-290],[93,-185],[20,-158],[-5,-38],[-19,1],[-28,-67],[13,-66],[-9,-218],[21,-44],[70,-20],[36,-185],[34,-46],[49,-18],[76,43],[50,-25],[59,8],[5,-26],[31,-14],[160,86],[41,-8],[23,-48],[64,-45],[63,22],[228,-533],[37,21],[29,-47],[61,86],[142,-51],[62,37],[48,-12],[52,30],[56,-4],[51,60],[84,-30],[41,-42],[-14,-53],[23,-85],[-67,-121],[-8,-81],[10,-72],[-72,-126],[3,-137],[11,-36],[-27,-333],[27,-64],[2,-161],[22,-61],[30,-196],[43,-28],[32,-133],[33,-50],[-1,-26],[-29,-73],[-147,-239],[-6,-60],[35,33],[41,-18],[17,-77],[25,-10],[58,-125],[46,-51],[5,-36],[-15,-44],[14,-70],[21,-32],[-6,-71],[50,-203],[35,-278]],[[33888,58015],[11,-55],[-12,-22],[-24,45],[-3,66],[23,-5],[5,-29]],[[33964,58058],[39,-64],[-34,0],[7,29],[-16,12],[4,23]],[[33996,58037],[16,-37],[-30,28],[-11,48],[25,-39]],[[34147,59041],[27,-4],[-11,-26],[-10,17],[-72,-25],[17,35],[21,-1],[-9,17],[12,0],[0,34],[25,-47]],[[32806,64712],[6,34],[6,-16],[-12,-18]],[[33869,58243],[8,7],[-1,-27],[-18,-16],[11,36]],[[34734,62863],[17,-11],[-18,-19],[1,30]],[[57413,79664],[2,-17],[-35,4],[-102,-108],[-57,10],[4,-18],[-67,64],[-86,-3],[-47,25],[-122,-72],[-17,8],[60,248],[-3,115],[24,81],[-18,-5],[1,113],[-30,31],[40,147],[-7,108],[-49,77],[48,-35],[64,-5],[-43,21],[-13,71],[-13,-23],[8,-29],[-39,19],[-47,-45],[-61,-14],[16,84],[-23,71],[48,-4],[55,73],[-23,86],[23,64],[59,52],[-57,-36],[-54,-132],[-4,-73],[-70,-27],[-57,23],[-1,64],[24,76],[-4,62],[32,149],[-23,67],[64,20],[-4,21],[46,87],[74,342],[28,-4],[-41,51],[51,276],[21,4],[9,48],[30,20],[-32,-5],[5,61],[-32,-120],[34,313],[-30,60],[-31,265],[45,31],[-44,-17],[-17,27],[2,70],[41,75]],[[54294,76842],[-20,-27],[-43,2],[-67,50],[-22,64],[20,29],[39,-38],[49,17],[83,-52],[-39,-45]],[[54443,77074],[-19,-11],[36,44],[5,-31],[-22,-2]],[[51540,79557],[13,-54],[-47,7],[-11,28],[45,19]],[[51497,80085],[21,-26],[-8,-43],[-116,-30],[-66,24],[-51,69],[6,32],[25,4],[25,-41],[45,-11],[119,22]],[[50528,80450],[23,-24],[-67,-19],[-18,21],[-54,-4],[-30,77],[58,14],[88,-65]],[[50362,80544],[-5,-47],[-34,-4],[-39,53],[41,28],[37,-30]],[[50601,80549],[43,-35],[-91,26],[-93,103],[141,-94]],[[50890,80605],[-22,-40],[-47,7],[-33,15],[-21,58],[31,28],[51,-4],[41,-64]],[[50570,80806],[-26,13],[6,42],[34,-31],[-14,-24]],[[49497,81115],[25,-27],[-14,-69],[-26,2],[-10,25],[9,68],[16,1]],[[49527,81253],[13,-22],[-17,-22],[4,44]],[[77814,79758],[-30,252],[-5,180],[20,173],[-14,136],[52,245],[-41,74],[-31,-2],[-15,50],[4,-34],[-11,14],[8,102],[-21,-26],[8,-73],[-29,99],[-10,-31],[-2,101],[-57,-27],[4,17],[-36,-5],[-19,22],[-29,-13],[16,-13],[-12,-90],[-26,138],[64,166],[12,-4],[-32,-84],[70,7],[47,-43],[2,38],[14,-21],[39,21],[-35,27],[6,23],[-25,5],[-13,41],[3,-31],[-32,43],[2,-43],[-11,11],[4,71],[-16,4],[64,125],[-57,24],[-40,-42],[-37,36],[-65,-14],[-21,29],[6,-78],[41,-84],[-15,2],[-42,112],[-48,68],[10,63],[-23,75],[12,132],[43,109],[-12,33],[32,144],[-3,90],[41,-124],[28,-9],[-19,-18],[18,-46],[48,29],[-6,-26],[28,1],[13,37],[10,-46],[28,-16],[24,23],[10,74],[13,-3],[32,-163],[96,20],[26,15],[-11,21],[39,9],[20,-1],[7,-33],[50,-1],[-14,9],[23,21],[-37,0],[-23,106],[37,16],[35,-32],[-10,-31],[13,-4],[55,18],[40,79],[-28,66],[30,-21],[-56,98],[-175,185],[-21,173],[-37,88],[3,99],[-30,38],[-45,13],[-128,-41],[-44,15],[-68,-74],[-64,-194],[21,16],[28,-17],[-34,-184],[32,-161],[-9,-45],[-40,205],[-67,88],[10,79],[-51,65]],[[77520,80835],[17,23],[-9,-45],[16,-170],[-24,192]],[[77666,81163],[15,4],[9,-33],[-12,-19],[-12,48]],[[71505,74753],[16,105],[-14,25]],[[63645,57726],[-442,0],[-56,52],[-8,58]],[[63139,57836],[26,338],[26,106],[-18,126],[9,13],[-95,167],[59,56],[-65,-18],[6,22],[-32,116],[26,-44],[12,1],[-24,37],[11,40],[41,-34],[2,26],[-25,30],[29,30],[-48,2],[45,110],[-58,-77],[-34,62],[-9,-20],[27,-57],[-34,24],[16,-70],[-22,-8],[-33,18],[4,63],[-38,-42],[-5,34],[-24,-1],[-47,47],[3,78],[-24,63],[-8,89],[14,58],[-12,-19],[0,41],[-18,33],[7,-60],[-23,35],[-3,-37],[-22,24],[-23,99],[-3,-34],[26,-107],[-49,-13],[6,26],[-28,-4],[14,55],[-13,17],[20,39],[7,70]],[[64302,57723],[-4,51],[-40,26],[-41,-25],[-77,13],[-20,-18],[-142,49],[-40,-22],[-144,1],[-37,26],[-102,-14],[-10,-84]],[[63576,53904],[-31,49],[-19,104],[-105,151],[-4,86],[-244,384],[-66,161],[30,-36],[15,28],[4,-45],[28,-41],[12,8],[2,-30],[60,35],[-7,29],[-21,22],[2,-42],[-24,34],[-8,-35],[-9,28],[12,15],[-28,13],[-11,39],[-41,-39],[-9,57],[-9,1],[2,-36],[-35,52],[-11,100],[-98,198],[30,-24],[7,17],[-1,-27],[29,5],[-3,-34],[29,-58],[6,24],[-21,47],[6,19],[-17,47],[-10,3],[0,-26],[-20,43],[-12,-43],[-16,39],[-12,-6],[-12,160],[-68,165],[-11,54],[12,-47],[21,-24],[26,-78],[35,-42],[5,-88],[6,26],[35,12],[4,-34],[0,39],[48,0],[-19,17],[-15,69],[-26,-58],[-31,-2],[-12,52],[28,53],[1,72],[-5,-55],[-45,-25],[-13,49],[-13,-9],[-26,30],[1,66],[-12,24],[-1,-41],[-9,73],[-33,80],[13,-20],[10,28],[-20,-6],[-12,32],[-48,210],[4,13],[21,-42],[24,-105],[7,51],[17,-2],[-9,26],[13,-4],[28,-117],[13,102],[13,32],[8,-13],[-5,51],[69,167],[16,219],[-19,167],[16,45],[11,-30],[-6,-79],[21,17],[21,-69],[6,56],[20,-13],[7,-34],[14,26],[28,-12],[33,-70],[-18,64],[21,-4],[29,43],[39,0],[-30,18],[-48,-22],[-41,29],[-34,57],[-22,-17],[-33,124],[-31,34],[3,52],[74,34],[7,-37],[-32,-14],[18,3],[10,-25],[9,22],[11,-82],[12,82],[-26,240],[40,49],[25,-4],[10,-54],[5,19]],[[63141,56995],[46,-46],[12,45],[16,4],[435,-3],[-5,731]],[[62872,55976],[15,-26],[-12,-58],[-19,63],[18,43],[-2,-22]],[[60674,63821],[-112,279],[5,26],[59,25],[-15,108],[-30,68],[-46,12],[-43,-74],[-93,16],[-149,228],[-44,23],[0,211],[59,-36],[9,33],[27,-11],[-84,75],[-8,47],[-32,46],[-40,13],[-4,29],[-56,4],[2,50],[-77,170],[-10,54],[16,79],[-76,153],[20,147],[-12,55],[12,58]],[[60179,63255],[-75,-3],[-63,-35],[0,44],[-217,83]],[[59824,63344],[-45,17],[-6,-38],[-17,-23],[-18,23],[-11,-45],[-44,-30],[-15,-46],[-13,47],[-51,14],[-25,-25],[-10,23],[-210,15],[-12,-19],[-412,1],[5,-58],[-37,-170],[25,-106],[30,-27],[-24,-49],[29,-52],[-15,-57],[22,-217],[-21,-65],[18,-43],[-8,-46],[25,-55]],[[60418,60262],[-145,-72]],[[60273,60190],[-3,32],[-27,6],[-23,39],[-14,64],[-32,3],[-47,70],[-6,81],[-32,33],[-2,65],[-36,72],[10,45],[-17,37],[34,36],[16,184],[-8,46],[-35,8],[-7,59],[4,51],[18,16],[7,58],[10,-3],[-13,316],[46,59],[-32,119],[-57,74],[-26,105],[36,12],[10,46],[-25,101],[25,100],[9,134],[-16,17],[0,26],[-24,14],[-62,-38],[1,26],[24,21],[-25,16],[2,27],[49,9],[-34,11],[-5,31],[5,18],[23,-14],[-8,61],[16,112],[-7,56],[16,15],[-14,39],[1,66],[13,39],[-29,9],[-12,69],[-31,-8],[-50,118],[-39,32],[34,268],[-60,46]],[[60273,60190],[-45,-67],[-31,-126],[-77,-23],[-120,17],[-40,-16],[-104,-110],[-101,-55],[-33,-64],[-55,-31],[-54,-79],[-66,1],[-78,-73],[-128,-49],[-44,-91],[-54,-35],[-23,-43],[-38,-9],[-52,89],[-35,25],[-254,107]],[[58843,59569],[52,-16],[38,42]],[[54882,63239],[-25,-24],[16,41],[-23,-7],[17,82],[22,17],[-5,54],[-71,-146],[-14,28],[19,26],[2,96],[-9,-70],[-58,42],[-2,92],[12,26],[13,-8],[15,16],[9,26],[-25,-34],[-6,13],[10,40],[-7,0],[-32,-72],[-20,6],[18,65],[-6,21],[25,0],[-5,22],[19,-3],[2,24],[20,-13],[-16,26],[32,-4],[-13,30],[18,-4],[6,-28],[4,43],[17,-28],[10,12],[8,-16],[-18,-5],[7,-24],[39,41],[-25,-8],[6,30],[-20,-5],[4,30],[-20,-17],[14,31],[-33,-31],[5,43],[9,-4],[-13,21],[-11,-49],[-3,45],[-18,-25],[14,-24],[-14,-24],[-9,30],[2,-47],[-16,34],[7,-42],[-16,12],[-7,-34],[-10,31],[14,55],[-16,-25],[-4,34],[-17,-20],[-4,35],[37,96],[83,-9],[33,43],[7,-85],[44,-32],[-44,67],[21,74],[-29,3],[-40,-46],[-71,32],[-55,-73],[-79,-60],[13,72],[19,-3],[-21,17],[-18,-69],[-10,-1],[1,31],[-27,-56],[9,91],[22,58],[28,19],[5,-15],[15,-7],[3,30],[-16,-12],[-7,12],[-27,9],[-28,-29],[-7,-35],[-52,-26],[-66,69],[-11,57],[12,53],[20,5],[1,32],[64,75],[-80,-85],[-4,43],[-11,-54],[-36,-16],[-36,66],[-54,35]],[[54574,63385],[23,-80],[-33,-16],[17,27],[-14,4],[7,65]],[[54565,63359],[-14,-57],[-2,44],[-12,16],[26,27],[2,-30]],[[54540,63333],[-2,-43],[-25,-13],[0,22],[-5,-22],[-14,7],[-20,41],[49,65],[15,-15],[-4,-23],[6,-19]],[[54604,63449],[10,-7],[-15,-57],[-8,30],[13,34]],[[54670,63449],[0,-43],[-12,13],[-11,-56],[-15,5],[6,64],[32,17]],[[54499,63397],[-36,14],[25,42],[17,-13],[-6,-43]],[[54668,63569],[-5,-34],[-18,6],[23,28]],[[54472,63539],[-16,4],[45,39],[-16,-47],[-13,4]],[[54465,63570],[-48,-5],[-2,26],[59,34],[-9,-55]],[[54549,63580],[28,58],[11,-17],[2,-78],[-45,-21],[-16,30],[20,28]],[[54732,63655],[0,-41],[-32,-11],[1,-24],[-22,12],[53,64]],[[54501,63805],[60,10],[-18,-83],[-38,33],[-4,40]],[[58103,79006],[-1,-19],[-6,19]],[[19044,87055],[1349,0],[1316,0],[659,0],[731,0],[1316,0],[731,0],[731,0],[732,0],[731,0],[877,0],[6,236],[59,-8],[52,-40],[38,-304],[40,-51],[100,-9],[20,-37],[118,-10],[40,-75],[88,16],[35,45],[135,2],[110,-51],[7,-21],[-30,-27],[76,-16],[39,-132],[27,17],[4,51],[70,10],[31,-69],[77,-36],[10,-42],[42,-15],[5,-25],[99,10],[134,106],[41,-94],[209,20],[67,-81],[52,19],[133,-23],[240,173],[98,26],[1154,-877],[35,-166],[69,-107],[25,-3],[34,40],[93,3],[-16,-58],[20,-130],[44,-102],[42,35],[75,-2],[50,-67],[-58,-147],[51,-1],[311,-274],[134,-1101],[-88,-329],[-38,-270],[-102,-139],[-69,-42],[-30,-57],[-9,-150],[20,-78],[128,-123],[95,-2],[382,333],[343,98],[408,274],[37,80],[-41,52],[-9,166],[-38,117],[141,95],[635,5],[129,288],[42,61],[47,27],[12,50],[93,65],[57,108],[143,177],[127,91],[58,-6]],[[35025,84554],[1067,9],[33,120],[-14,13],[38,39],[58,-27],[55,64],[34,-71],[26,119],[39,-22],[18,12],[-30,52],[15,51],[89,90],[2,55],[50,74],[-17,38],[1,61],[23,38],[-13,44],[31,92],[38,38],[22,179],[262,473],[50,-17],[4,-102],[51,-50],[129,72],[44,-2],[28,41],[102,-90],[60,-89],[19,-728],[-17,-129],[67,-58],[58,-14],[2,-41],[-22,-25],[21,-66],[-14,-76],[51,-70],[21,32],[26,-17]],[[37532,84666],[-9,-13],[54,-115],[-7,-27],[-18,11],[-2,-34],[-27,7],[18,-56],[20,45],[15,-34],[-5,40],[27,-51],[-73,-107],[-28,-9],[-11,44],[-27,-1],[10,-45],[-14,-20],[-9,40],[-6,-34],[-34,24],[-13,-17],[8,-49],[-19,-7],[-11,25],[-18,-41],[-10,59],[-19,-34],[4,37],[-28,-37],[9,-28],[-18,-62],[0,56],[-12,-49],[-10,58],[-21,-21],[19,-40],[-29,-47],[-17,95],[-13,13],[-10,-26],[-7,41],[-7,-37],[-28,39],[11,-48],[-27,9],[-18,-39],[-8,52],[-15,4],[4,-65],[-6,27],[-30,-14],[11,-108],[-63,57],[-30,-9],[6,34],[34,26],[-6,22],[-32,-27],[24,85],[-20,14],[-1,-55],[-60,-32],[16,-56],[-50,-122],[8,-44],[-42,-46],[0,-26],[-24,-14],[14,49],[-30,-42],[3,25],[-23,-5],[2,55],[-49,-141],[-9,39],[-3,-39],[5,116],[-20,-133],[0,26],[-26,15],[16,27],[-2,69],[-43,-88],[4,-45],[14,17],[-18,-52],[-8,187],[-33,-51],[20,-9],[10,-143],[-12,-22],[-14,107],[-4,-43],[-34,-46],[18,77],[-26,-68],[19,68],[-52,-27],[-60,-98],[26,-10],[2,-46],[-47,-13],[-8,-46],[16,-9],[-83,-96],[-4,-69],[-26,-59],[-24,16],[-7,-38],[15,-9],[-33,-137],[-19,0],[20,-16],[10,-53],[-16,21],[1,-19],[21,-39],[25,-16],[17,39],[11,-37],[-93,-61],[-5,-22],[18,-2],[-28,-21],[10,-23],[-24,6],[4,-49],[-28,8],[-4,-32],[31,-49],[29,13],[-10,34],[52,-52],[50,-137],[-15,-4],[-4,34],[-22,-39],[56,-39],[14,-94],[76,-34],[-20,-10],[88,33],[24,27],[-7,57],[11,9],[-17,13],[-10,-30],[-10,90],[-22,16],[-8,-28],[-19,27],[18,15],[37,-17],[52,-138],[-16,1],[-3,-27],[16,-2],[-2,-75],[-82,-8],[-29,-32],[4,23],[-52,-4],[-21,-42],[-59,-32],[11,130],[-29,12],[0,-38],[-46,-37],[2,-23],[-20,30],[-15,-65],[-30,-18],[-8,36],[-41,-60],[-7,111],[32,94],[-38,-44],[-12,-47],[-16,12],[9,49],[-18,-9],[-18,53],[9,-67],[-7,-24],[-21,2],[7,-130],[-24,-65],[-124,-39],[-4,26],[-51,-17],[-15,22],[-9,-26],[-28,8],[-31,-26],[-35,52],[14,-47],[-53,-21],[-32,17],[-95,-25],[-6,38],[-66,-98],[-38,12],[-13,-30],[-124,-71],[-59,-85],[4,-36],[-43,-5],[-1,8],[7,32],[-4,11],[16,79],[1,64],[-25,123],[-10,-12],[19,-81],[0,-145],[-38,-136],[-36,-42],[10,44],[-33,-52],[-24,-86],[26,-34],[70,-25],[-8,49],[13,-20],[-38,-421],[11,179],[-21,-41],[-15,-187],[-53,-77],[10,-42],[-36,30],[7,-54],[-21,-15],[-7,-29],[19,-27],[-39,-29],[7,43],[-14,-43],[-31,-3],[31,-15],[-64,-103],[11,-12],[-31,-69],[-51,-39],[17,159],[-45,22],[-35,-17],[-128,182],[7,51],[-16,34],[50,118],[87,45],[16,20],[-6,29],[31,40],[-32,-26],[-10,-45],[-81,-40],[-67,-119],[13,-68],[-11,-49],[63,-133],[1,-122],[66,-150],[37,-12],[7,-103],[-7,38],[-18,-3],[7,-18],[-12,0],[19,-13],[-37,-43],[38,-2],[11,29],[6,-118],[-12,-55],[6,76],[-19,-13],[5,-26],[-25,8],[26,-29],[-1,-29],[-20,-52],[-8,18],[-15,-14],[-19,-81],[-22,-12],[-26,-81],[3,-54],[-131,-264],[6,-34],[-29,-27],[-20,-145],[-23,83],[30,138],[-8,24],[19,29],[-14,9],[20,53],[19,7],[11,86],[30,-5],[-2,26],[14,0],[-4,31],[-24,12],[37,30],[-81,-6],[8,51],[36,49],[-36,-12],[19,43],[-48,-15],[4,36],[36,25],[-29,24],[21,83],[-40,-98],[-11,41],[14,24],[-12,7],[-16,-81],[-57,100],[-2,-47],[-34,98],[10,16],[8,-21],[31,63],[-38,-2],[2,38],[39,4],[36,-39],[28,24],[2,33],[-20,-42],[-27,20],[4,22],[-21,-4],[16,21],[-20,-3],[0,29],[-10,-33],[-12,51],[-19,-22],[1,34],[-18,-64],[12,93],[18,21],[26,-62],[21,28],[-22,-10],[-4,38],[27,20],[-18,30],[-12,-30],[0,36],[-16,10],[-43,-69],[20,118],[39,-32],[44,105],[-36,-14],[-10,-69],[-10,7],[-13,90],[33,92],[23,35],[88,0],[-65,13],[33,52],[32,-9],[-18,30],[21,47],[-56,-82],[21,95],[-24,-35],[-25,6],[-12,-40],[17,-23],[-47,-58],[-8,69],[-17,-103],[-9,58],[-30,-7],[23,-26],[-33,-20],[10,-39],[-27,34],[29,-46],[-18,-27],[-40,50],[-18,-9],[64,-80],[0,-41],[-28,6],[41,-32],[-21,-23],[-38,49],[39,-77],[-2,-20],[-36,26],[25,-34],[-15,-4],[14,-42],[-18,-44],[12,-142],[44,-90],[-13,-39],[-72,95],[-15,129],[3,-122],[74,-120],[26,3],[16,-159],[-30,40],[-14,62],[-4,-43],[-12,17],[-4,-21],[-33,57],[-63,19],[-8,68],[-17,23],[14,-89],[-28,22],[-36,119],[-21,-46],[-2,33],[-11,-5],[0,-34],[-24,-22],[-17,19],[9,102],[14,0],[33,83],[25,5],[-1,98],[-18,30],[7,-117],[-40,-16],[11,-33],[-17,-10],[-14,22],[-28,-157],[-15,15],[22,-47],[-17,-4],[31,-11],[70,41],[8,-41],[-12,-8],[29,-32],[3,-35],[72,-46],[41,8],[28,-78],[94,-76],[0,-51],[-25,16],[13,-93],[-18,-19],[11,-20],[-33,5],[-21,40],[-12,-33],[-39,99],[-86,110],[-18,65],[-66,45],[69,-67],[1,-49],[103,-151],[20,-71],[89,-36],[-36,-22],[31,-25],[10,15],[4,-114],[-52,67],[-7,-75],[21,-22],[-41,-24],[-95,179],[-6,-19],[64,-131],[46,-51],[27,11],[5,-35],[27,-29],[-16,-18],[23,-2],[-4,-44],[-49,-32],[-8,34],[-53,56],[-7,63],[-37,-15],[-37,41],[-1,38],[-24,-49],[-24,49],[-17,-22],[-12,25],[-53,14],[-8,-21],[69,-31],[16,18],[15,-35],[57,-21],[28,-35],[16,22],[3,-89],[30,-10],[25,-46],[6,-29],[-16,-28],[48,23],[30,-31],[-6,68],[77,-30],[24,13],[73,-407],[87,-305],[-65,135],[13,16],[-46,163],[-43,264],[-7,-104],[18,15],[5,-50],[-24,2],[-24,57],[2,-56],[37,-86],[3,41],[44,-217],[-26,28],[-33,113],[-11,5],[11,-69],[18,-25],[-37,16],[-59,82],[-7,-21],[52,-79],[-35,-20],[-41,52],[24,-71],[-81,66],[50,-68],[-88,-53],[-17,31],[-20,-3],[-14,78],[17,66],[-17,22],[9,-23],[-18,-99],[23,-75],[-14,-39],[57,-4],[46,27],[13,-31],[39,-5],[-7,31],[79,6],[-8,-41],[16,9],[-21,-39],[10,-48],[-23,1],[22,-17],[7,-43],[-34,0],[34,-30],[16,148],[18,23],[25,-27],[-16,36],[28,-4],[-14,8],[5,22],[43,-95],[1,-77],[-18,-5],[11,-41],[-14,-35],[-19,-5],[-15,43],[-48,-136],[-9,14],[-3,-36],[-28,-23],[-43,2],[-25,39],[-7,-44],[-15,21],[13,0],[-12,55],[-15,-55],[-12,9],[-26,67],[38,27],[-62,-13],[16,-78],[-16,27],[-37,-13],[-97,73],[25,-60],[159,-80],[9,-25],[-7,-26],[-24,6],[11,-25],[-48,-18],[29,-13],[6,18],[3,-34],[-68,-85],[-36,13],[-68,92],[46,-111],[61,-43],[42,48],[30,-34],[-9,38],[26,-13],[12,63],[11,-54],[-14,-29],[46,22],[-10,32],[28,-34],[-23,-21],[-2,-35],[-21,0],[-35,-93],[-23,10],[-11,41],[-6,-67],[-17,57],[-29,-29],[14,8],[9,-26],[-64,9],[-66,-39],[-13,53],[-1,-50],[-13,6],[-54,-82],[-21,18],[22,38],[-34,65],[18,-76],[-23,-15],[24,-51],[-52,-37],[-65,-95],[-34,-69],[-36,-173],[7,112],[-14,51],[4,-118],[-22,-66],[-106,8],[-13,26],[-129,-108],[-124,-226],[-16,-125],[-10,52],[-20,10],[28,75],[-29,-49],[-5,-51],[36,-58],[-16,-26],[-13,14],[-1,-27],[-22,21],[15,-29],[-31,-58],[-35,-16],[-9,31],[-22,-17],[-13,-44],[6,-17],[11,13],[-5,-14],[-80,-95],[-26,23],[5,34],[-17,-2],[3,-42],[-11,1],[32,-48],[-51,-38],[6,-23],[-57,-28],[-29,34],[20,-38],[-42,-46],[-13,29],[-7,-34],[-49,51],[2,-26],[-46,1],[64,-26],[-36,-14],[43,-21],[-30,-48],[39,40],[-13,-55],[-56,-35],[-7,123],[-7,-100],[-26,36],[-9,85],[-23,27],[18,-138],[41,-65],[-48,-67],[11,80],[-35,-111],[19,-35],[-22,-33],[-12,16],[-7,-60],[-53,17],[9,-20],[-17,-13],[34,-17],[-22,-53],[-55,14],[25,-30],[-45,-103],[-11,-72],[13,-56],[-55,12],[74,-68],[-39,-73],[-12,48],[-11,-8],[1,-56],[-13,-2],[20,-25],[9,30],[0,-17],[-7,-44],[-29,43],[20,-45],[-22,-28],[22,-8],[-16,-36],[3,-37],[-14,0],[11,-89],[24,-15],[-3,-98],[-17,60],[-4,-43],[30,-60],[39,-352],[38,-193],[85,-324],[99,-262],[32,-111],[-22,-45],[1,-121],[47,-214],[-56,213],[6,247],[-18,13],[-6,-16],[-31,10],[5,81],[-32,31],[37,-261],[118,-443],[62,-305],[-39,39],[55,-65],[24,-103],[-13,-24],[15,-12],[10,-66],[2,-140],[-32,-306],[0,-203],[-1,79],[-58,-177],[-12,-90],[10,-65],[-37,-74],[7,-42],[-16,36],[-16,-14],[19,-30],[-28,30],[5,17],[-18,-1],[-48,-63],[-48,25],[-19,-25],[-63,-13],[-25,64],[15,74],[18,-45],[30,-24],[-6,-13],[29,20],[-21,45],[-54,42],[-24,89],[9,21],[-15,2],[-16,88],[-25,31],[11,18],[-8,21],[-92,82],[-36,-17],[-4,23],[16,-10],[10,25],[-22,13],[-18,87],[-5,-26],[-18,219],[-9,30],[-2,-32],[-40,25],[76,144],[-42,-45],[-15,-62],[-29,-10],[-15,95],[9,116],[-13,28],[39,54],[-59,-43],[-39,55],[24,-45],[17,-88],[-55,29],[-82,267],[-4,75],[-42,37],[-10,38],[24,-33],[-1,36],[24,-10],[-16,12],[19,15],[-14,-2],[77,167],[-11,67],[-16,2],[-4,-62],[-15,2],[-4,74],[-50,59],[0,-41],[15,-2],[-24,-25],[52,-27],[-31,-119],[-53,86],[32,-108],[-41,105],[-4,50],[10,25],[-4,-39],[23,138],[-7,55],[41,159],[11,155],[-18,69],[18,-13],[-1,65],[-31,45],[-25,135],[-79,3],[-59,144],[-63,76],[3,77],[-49,46],[-45,121],[-115,116],[-51,-21],[-10,21],[-58,-47],[12,-38],[-40,12],[41,-27],[-11,-37],[-44,22],[-122,-119],[1,45],[-44,-55],[-113,-24],[-15,24],[-8,84],[5,14],[3,-78],[20,-38],[9,69],[-18,57],[-107,154],[79,-72],[15,22],[-12,10],[-10,-23],[-11,66],[-25,-16],[-50,51],[55,56],[-10,26],[-41,-50],[-15,45],[-33,-34],[32,-21],[12,-60],[-115,107],[-148,64],[55,-8],[11,26],[24,-26],[-2,25],[43,-35],[-7,65],[-14,-9],[-9,23],[-67,-28],[-10,10],[9,26],[-25,4],[1,-28],[-39,-39],[-60,3],[-137,-39],[84,60],[16,-11],[-40,46],[18,30],[-23,30],[-16,-99],[-16,69],[-19,16],[8,-69],[-57,-97],[-67,-27],[62,94],[-28,35],[12,-21],[-27,-57],[-28,-25],[-18,26],[2,-34],[14,5],[-9,-24],[-146,-32],[88,35],[-19,78],[-30,5],[-9,44],[9,63],[-39,96],[-36,-261],[-66,52],[-45,-50],[-40,45],[-50,-26],[-62,55],[-18,-12],[41,-9],[-127,-55],[-30,36],[4,-41],[-34,-34],[-7,-43],[-51,-21],[0,20],[-47,-2],[-5,33],[-72,17],[-30,60],[-44,19],[-79,-126],[16,-68],[70,-35],[58,17],[38,64],[31,-35],[17,48],[-2,-47],[25,40],[9,-15],[-26,-67],[-27,12],[-13,-25],[9,-41],[35,6],[-7,-21],[21,-30],[21,10],[12,69],[26,47],[40,-17],[-29,-45],[28,-16],[-21,-14],[21,-7],[-8,-24],[21,0],[-16,-29],[11,-26],[-22,-17],[-23,43],[-17,-48],[-23,-14],[40,-63],[-73,48],[27,-52],[-46,4],[27,-66],[51,-37],[-5,-45],[67,-4],[-15,-18],[34,-3],[12,-26],[16,23],[28,-55],[-12,-18],[38,-12],[8,-26],[-29,-10],[24,-8],[-13,-38],[-12,21],[5,-26],[-7,14],[-15,-33],[6,-32],[-38,68],[-1,-25],[-20,-9],[-34,-77],[45,145],[-9,-20],[-6,34],[-1,-39],[-19,-20],[-33,97],[9,5],[-14,6],[0,-19],[-55,45],[-52,9],[25,34],[-11,32],[-15,-3],[2,36],[-15,-19],[-27,13],[-53,50],[-9,-13],[-18,35],[-9,-40],[62,-54],[-5,-56],[-7,12],[14,-38],[-26,-9],[4,-37],[11,3],[-10,-34],[-50,-56],[-10,115],[-9,-22],[-17,48],[-18,-43],[-14,72],[-16,-42],[-40,11],[6,-49],[-12,8],[-7,-64],[-11,13],[-10,-26],[-33,5],[9,25],[-23,9],[-13,-30],[-42,30],[-1,26],[-22,-17],[-68,41],[-18,49],[15,-10],[24,35],[2,-23],[18,-2],[3,-56],[13,13],[-3,42],[-47,82],[12,87],[-10,3],[-14,-81],[-41,24],[-2,27],[-43,-17],[-1,66],[-27,1],[2,61],[-74,-15],[4,71],[-46,0],[-50,-60],[-2,19],[-20,-1],[10,-43],[24,9],[-14,-14],[11,-42],[28,4],[-14,-25],[-82,-33],[-123,43],[-172,106],[-119,-6],[-91,-39],[-21,56],[37,42],[8,65],[-32,16],[-28,-113],[21,-82],[-75,-3],[-184,-137],[-36,-53],[-9,8],[30,52],[65,40],[6,25],[-97,-23],[28,104],[-13,54],[-25,0],[-37,-79],[-44,59],[-4,-23],[26,-24],[-13,-83],[39,-29],[-19,-17],[7,-30],[9,13],[32,-43],[-23,2],[-8,-38],[-67,-88],[-19,21],[4,-102],[-147,-177],[-116,-47],[3,-39],[74,56],[-166,-142],[78,78],[-1,20],[-80,-36],[30,24],[-26,2],[9,38],[-52,-34],[-13,59],[-20,21],[15,-32],[-6,-43],[16,-11],[-42,-30],[16,36],[-13,-15],[-23,22],[-8,41],[-24,11],[14,-95],[38,-42],[-18,-26],[25,15],[23,-37],[-83,-72],[-46,100],[6,-49],[-23,9],[21,-52],[-1,-57],[-32,-57],[-22,-15],[12,86],[-21,-81],[-16,4],[2,43],[-53,-32],[-14,-52],[22,-44],[15,41],[28,19],[-2,-40],[-52,-126],[-16,-7],[-12,34],[-84,-4],[11,-23],[32,6],[6,-56],[38,-38],[-51,-226],[-43,-28],[26,34],[-8,35],[-48,-63],[-48,106],[23,-95],[13,-4],[-31,-20],[80,-29],[31,20],[-6,-82],[-18,-20],[6,-50],[-27,-17],[5,-48],[22,-25],[-23,14],[-4,-39],[23,-29],[25,-181],[-18,-4],[31,-99],[13,2],[-7,-35],[15,-13],[2,-89],[32,-20],[-14,-58],[21,8],[13,40],[5,-68]],[[27565,72633],[-43,-4],[-28,-26],[2,-41],[-27,1],[-78,110],[-187,28],[-68,89],[-51,28],[-24,-11],[-49,80],[-102,32],[5,38],[-24,36],[-28,179],[-71,144],[10,94],[-30,65],[16,73],[-14,101],[-61,44],[-45,74],[-16,81],[-36,64],[-22,81],[-73,87],[-26,126],[11,20],[-21,17],[-80,243],[-15,120],[-31,36],[-11,52],[-70,77],[-10,50],[-59,45],[-7,57],[-26,-15],[4,32],[-19,11],[-16,70],[-45,-5],[-2,31],[-28,-28],[-58,23],[-101,-7],[-70,58],[-29,-73],[-92,-21],[-52,-183],[1,-53],[-15,-15],[-6,-50],[14,-21],[-37,-23],[-59,-130],[-80,27],[-54,79],[-73,47],[-5,28],[-91,40],[-70,118],[-23,-2],[-64,90],[-50,172],[0,157],[-58,138],[-27,124],[-90,120],[-57,36],[-194,320],[-83,67],[-49,150],[-24,26],[-594,12],[0,-282],[-928,0],[-575,330],[-695,404],[33,134],[-799,-114]],[[20916,76745],[-8,72],[-26,32],[20,1],[17,-62],[-6,56],[-13,23],[-21,-12],[0,-24],[-6,14],[-10,92],[10,29],[-23,140],[-62,142],[-202,256],[-46,14],[-12,-39],[-40,24],[7,59],[-41,117],[-51,10],[-46,-25],[-107,64],[-30,28],[-21,77],[-94,92],[-105,-6],[-85,42],[-106,-19],[-19,49],[-42,26],[11,89],[-12,34],[8,62],[-19,31],[9,145],[-77,53],[5,87],[10,-16],[-19,60],[-39,18],[-54,110],[-40,17],[-73,212],[-130,189],[-11,157],[-16,18],[14,35],[23,-20],[21,81],[14,-9],[-14,71],[-33,83],[-77,-2],[-68,96],[-21,48],[-15,176],[-24,35],[2,156],[35,18],[18,-50],[-12,-12],[6,-67],[41,-22],[50,-71],[23,5],[-26,34],[-27,114],[-20,14],[11,23],[-38,15],[6,65],[-39,49],[21,30],[47,29],[26,-22],[48,20],[104,-29],[-10,14],[38,42],[10,-15],[-14,-8],[2,-25],[15,27],[41,-39],[-53,64],[-58,-43],[32,69],[-40,-53],[-32,-6],[-39,29],[5,24],[-18,-2],[-25,-58],[-89,70],[-35,-25],[-1,-60],[20,-20],[-19,-38],[21,-27],[-20,7],[10,-38],[-19,-10],[-39,52],[-28,2],[-69,105],[-9,-49],[-21,2],[25,93],[-15,62],[57,-107],[-3,15],[-56,125],[-20,0],[-22,96],[-69,74],[-130,220],[12,69],[-45,200],[19,135],[-28,169],[-87,172],[-83,96],[-7,156],[48,156],[5,-46],[14,72],[34,27],[-25,11],[-25,-59],[40,156],[-18,73],[25,98],[7,157],[-30,123],[-34,25],[19,122],[-52,89],[-24,136],[11,179],[-56,137],[41,122],[15,176],[19,26],[9,-33],[28,78],[6,-31],[24,1],[-22,48],[-42,-54],[41,182],[24,48],[23,-14],[-26,23],[-18,-42],[27,204],[2,189],[10,65],[22,-1],[-10,24],[-12,-13],[0,44],[7,70],[19,4],[-21,1],[-3,36],[36,300],[-11,119],[28,46],[-17,21],[7,66],[19,-51],[-1,53],[-21,10],[13,71],[16,5],[-16,5],[-6,-28],[-15,63],[-3,111],[23,47],[-34,136],[66,-46],[9,-34],[7,25],[-29,27],[33,12],[20,-21],[56,39],[50,-55],[43,-8],[26,29],[-39,-17],[-53,72],[-49,-4],[-30,28],[-60,-41],[-45,46],[-24,-26],[6,240],[16,-169],[19,-4],[10,38],[29,-15],[-32,36],[14,45],[-20,49],[20,-13],[-9,35],[15,21],[38,-8],[-46,43],[-25,-4],[1,-25],[-40,26],[-11,97],[35,-41],[-9,37],[78,42],[-66,16],[-5,28],[-30,9],[4,-69],[-24,-5],[-7,164],[-40,107],[-35,241],[-62,83],[-21,73],[-20,112],[24,93],[-22,43],[51,-11],[201,-128],[241,-31],[46,42],[-18,-20],[33,-21],[11,-45],[10,29],[24,2],[18,-64],[16,26],[-18,45],[36,22],[-7,-37],[57,-128],[-60,-124],[-2,102],[-11,-38],[-6,27],[6,-49],[-107,-244],[29,-8],[78,55],[-71,-41],[-20,15],[55,129],[61,45],[47,112],[17,-18],[-14,79],[20,-15],[29,-103],[-30,-10],[-13,-31],[-22,25],[23,-93],[-29,43],[-5,-18],[19,-29],[-14,-31],[42,35],[15,-39],[-20,-161],[-39,24],[18,64],[-31,-41],[-16,-104],[-11,141],[-53,-136],[-38,-31],[21,0],[-21,-22],[50,49],[-27,-57],[25,30],[14,-52],[-2,52],[28,22],[31,-48],[50,75],[12,67],[34,-32],[4,32],[31,26],[-27,136],[11,13],[10,-21],[2,23],[-29,39],[16,37],[-8,49],[28,90],[43,53],[-50,40],[-12,77],[-22,12],[-9,-35],[41,-77],[-54,59],[-8,64],[44,-9],[5,43],[-49,44],[-9,37],[-29,-19],[-12,17],[-6,42],[23,12],[17,-37],[4,20],[27,-22],[-26,82],[33,-19],[9,16],[-28,70],[5,40],[-22,15],[-31,-30],[3,28],[-36,61],[7,27],[-20,11],[25,15],[-7,21]],[[12972,99994],[0,-1461],[1,-1461],[0,-1461],[2,-1471],[154,-54],[36,47],[136,-66],[112,87],[200,9],[-34,-168],[59,-60],[99,-49],[35,-91],[329,-322],[41,-213],[215,156],[91,15],[34,72],[0,109],[49,-2],[25,44],[-35,40],[294,124],[149,-145],[-26,-88],[34,-23],[12,-63],[88,-29],[27,-57],[53,-29],[18,-77],[58,-83],[131,-78],[146,-196],[-8,-46],[394,-710],[-37,-73],[103,-33],[-25,-106],[78,-41],[16,-125],[88,0],[153,-117],[113,-39],[38,-52],[58,-23],[23,-65],[103,-12],[25,-122]],[[16627,91386],[-52,-99],[9,-127],[53,-164],[-37,-34],[-88,-202],[-80,-66],[6,31],[-35,-56],[-20,129],[5,-86],[-43,-36],[-23,32],[-17,137],[44,37],[44,-14],[87,157],[-100,-147],[-17,32],[-53,-39],[-22,15],[-9,48],[46,68],[104,2],[-14,34],[-69,-25],[-8,248],[-25,47],[14,17],[-31,5],[-61,96],[62,89],[-110,-96],[-24,31],[-167,-94],[50,-39],[-15,-42],[-19,-1],[13,-38],[-18,-43],[-41,43],[25,-49],[-10,-56],[-70,55],[-32,105],[33,-21],[0,50],[40,10],[-3,79],[35,18],[-4,116],[50,24],[78,-11],[30,27],[-140,7],[-24,83],[-60,9],[-14,57],[-47,36],[13,70],[-57,-22],[-21,16],[6,28],[22,0],[-25,21],[57,69],[-52,-40],[-82,57],[-53,86],[51,-9],[-9,77],[-27,-44],[-96,40],[15,37],[-16,16],[-14,-18],[-8,20],[-27,-45],[-79,50],[27,63],[72,-1],[72,54],[-61,-30],[-65,16],[-13,23],[40,36],[-39,-4],[-14,62],[61,39],[-93,-12],[-22,29],[3,52],[28,8],[187,-124],[-53,68],[-122,78],[-8,102],[143,-36],[-143,45],[-44,-86],[-58,104],[28,20],[28,-30],[7,48],[-31,28],[27,58],[-25,-13],[-35,-93],[-65,54],[-9,78],[6,55],[28,19],[-7,59],[28,55],[49,17],[-68,-12],[-60,-188],[-113,93],[-86,18],[-9,69],[-69,119],[25,-17],[-12,103],[-25,-51],[-41,66],[-27,177],[-44,91],[5,125],[-22,-107],[-46,12],[64,-66],[18,-80],[-39,74],[-43,16],[59,-90],[-4,-83],[75,-200],[-21,-14],[56,-163],[-12,-72],[-27,-11],[-59,36],[-45,130],[3,-69],[-50,33],[-94,-29],[11,52],[-24,0],[34,4],[-14,69],[23,13],[-84,133],[100,57],[-64,11],[11,-12],[-38,-26],[4,38],[-41,72],[5,-51],[-28,-21],[36,7],[6,-50],[-37,-64],[-57,35],[41,12],[-72,7],[-6,84],[-27,-35],[-46,69],[26,-84],[-137,111],[47,-85],[-36,-7],[-39,-60],[45,42],[51,-7],[14,-26],[20,21],[51,-16],[34,-31],[-19,-17],[-36,30],[44,-73],[27,-21],[-19,50],[50,-36],[-61,-49],[66,-8],[12,43],[54,-62],[-23,-39],[39,5],[6,-26],[2,-72],[-72,-29],[-18,60],[-5,-21],[-54,42],[2,-36],[-21,-7],[27,-17],[3,24],[21,-4],[13,-50],[-83,34],[19,-60],[-34,-23],[-4,53],[-57,13],[-4,35],[-10,-20],[-19,32],[-55,-4],[-173,132],[65,31],[-14,17],[-64,-31],[-85,102],[-19,78],[-101,101],[-107,29],[34,-2],[19,42],[-64,-16],[4,-15],[-191,111],[29,-4],[-41,43],[-21,-19],[-47,23],[-21,17],[62,-12],[-178,94],[59,30],[12,-13],[54,82],[-47,117],[50,64],[56,-80],[-13,-91],[25,-62],[-25,-13],[18,-15],[21,28],[-18,133],[81,8],[46,-21],[-43,31],[-70,10],[-94,109],[-21,-61],[-88,-85],[-158,-74],[-146,17],[-230,96],[-1,22],[63,24],[-37,117],[-33,-19],[28,-56],[-93,-38],[-99,42],[-276,53],[-372,-73],[-110,23],[82,4],[-83,72],[18,32],[-124,-9],[-66,70],[-57,2],[50,99],[-3,22],[-29,-9],[42,118],[33,-8],[13,35],[-45,-20],[-171,-205],[-44,6],[-56,53],[-122,3],[103,140],[-72,-37],[2,48],[-55,-39],[22,46],[-100,-46],[-7,17],[78,52],[-6,35],[-73,-48],[-7,35],[-66,-58],[-54,6],[-17,30],[63,0],[-3,22],[106,25],[-10,19],[45,-6],[-44,32],[-45,-44],[-9,16],[-42,-18],[-18,22],[-21,-17],[6,32],[-41,29],[-6,25],[56,-12],[-38,20],[12,40],[31,-6],[-26,27],[121,5],[16,8],[-21,24],[-103,-1],[-122,-116],[-19,7],[16,30],[-25,-17],[-14,23],[-21,-40],[-13,40],[-28,-5],[10,-43],[-35,-29],[-29,7],[9,68],[-40,-62],[20,101],[-26,51],[-34,-88],[19,-7],[3,-84],[-44,12],[9,39],[-37,-47],[20,-22],[-39,-2],[-60,70],[116,165],[-21,3],[12,39],[-106,-159],[-32,57],[-88,-36],[0,-46],[60,53],[27,-7],[-35,-66],[-27,11],[9,-75],[-30,6],[21,-26],[-63,13],[-60,-30],[85,4],[-54,-23],[-19,-55],[46,51],[52,15],[-19,-95],[66,90],[-8,-34],[20,-56],[-47,-55],[-50,26],[-67,-78],[73,55],[40,-41],[24,9],[4,-27],[60,96],[49,-90],[-33,-35],[-48,7],[13,-38],[-38,15],[5,-51],[-30,-25],[-20,12],[-17,-59],[72,48],[5,-65],[37,41],[-30,-54],[-30,-5],[-18,27],[-34,-132],[-36,46],[-1,-40],[-33,-29],[-6,21],[-70,-12],[-25,25],[-52,-5],[23,52],[-22,4],[-61,-115],[-2,86],[-38,70],[6,-79],[-79,-106],[33,-70],[-36,18],[-5,104],[-25,33],[-13,-78],[-34,5],[33,-38],[4,-78],[-55,73],[-37,13],[39,-52],[-32,-56],[-36,46],[11,-67],[-37,-4],[7,-35],[-57,-39],[41,154],[-85,-155],[-24,42],[20,41],[-55,-30],[25,-34],[-9,-37],[-102,-71],[8,-43],[-22,-33],[-28,58],[-67,13],[44,-62],[-99,26],[-37,-23],[10,-15],[-41,-1],[15,-14],[-58,-5],[-7,35],[-43,-2],[-31,45],[20,39],[37,0],[-26,37],[80,45],[90,-25],[-20,54],[89,43],[-9,26],[70,86],[-39,5],[-107,-76],[-14,-19],[21,-17],[-124,53],[-30,35],[49,173],[98,120],[13,89],[28,18],[8,94],[-45,113],[115,42],[228,164],[54,-69],[60,-12],[97,35],[242,-74],[-48,57],[-55,-10],[-94,40],[-150,101],[128,153],[146,62],[-61,9],[-109,-37],[-76,-130],[-110,22],[-6,-19],[-55,7],[-14,67],[-15,-47],[-24,12],[-24,-37],[-103,-48],[-46,-78],[-129,-37],[-81,-92],[33,-76],[-53,21],[-61,-54],[-92,-113],[-2,-35],[30,-26],[-117,-105],[-98,15],[-16,39],[-48,-9],[-7,-14],[49,10],[12,-35],[74,-42],[40,-56],[-47,-104],[-174,-33],[-15,-26],[96,-5],[-19,-64],[-60,-39],[-17,22],[-14,-30],[-32,9],[35,42],[-44,47],[-12,-89],[-23,-9],[-21,37],[-28,-39],[47,-14],[-7,-27],[-97,-13],[45,-30],[-3,-36],[-131,-37],[64,-13],[-58,-42],[-1,-54],[-44,-37],[28,-12],[4,-65],[48,37],[103,-9],[50,-50],[45,-6],[44,-58],[-23,-9],[33,-10],[-33,-7],[-20,-64],[-62,-63],[-96,-17],[-15,-71],[-56,-16],[37,-58],[-121,-63],[4,-18],[60,41],[17,-26],[-42,-14],[27,-26],[-45,-12],[25,-35],[-37,13],[0,-48],[-52,74],[8,-71],[-47,19],[22,-31],[-13,-29],[-29,30],[-36,-42],[-81,13],[-34,-43],[19,-38],[-62,-10],[9,-24],[-37,-6],[9,-58],[-28,-9],[-70,41],[5,-73],[-60,-19],[10,-58],[-30,17],[-31,-30],[-32,29],[2,-29],[-30,0],[21,-15],[-6,-48],[-52,29],[-109,-97],[-4,-25],[54,20],[18,-18],[-36,-35],[32,-26],[-8,-28],[-38,-18],[12,-18],[-14,9],[-9,-34],[-41,8],[32,-47],[-75,43],[-11,-91],[-51,44],[7,-39],[-50,-56],[-33,15],[0,-46],[-84,50],[12,-58],[-66,-26],[40,-29],[1,-34],[-61,-6],[-36,46],[-118,-85],[86,12],[-3,-57],[-82,25],[-4,-32],[-93,-12],[-76,-111],[36,-13],[-8,31],[29,28],[20,-28],[23,17],[45,-26],[-68,-51],[15,9],[17,-27],[66,39],[-80,-69],[-17,34],[1,-64],[-32,15],[25,-60],[-23,19],[-5,-26],[-20,22],[21,17],[-32,-3],[42,87],[-53,7],[25,-22],[-35,-34],[-11,21],[6,-118],[-58,34],[-23,-58],[-143,-26],[-21,-55],[-16,69],[-25,-7],[13,-77],[-41,-118],[-31,-7],[9,24],[-21,-4],[47,22],[-31,21],[25,21],[-16,26],[19,44],[-68,25],[-9,-39],[-60,4],[-10,-60],[-29,22],[-3,-50],[-93,-6],[25,-26],[-30,-17],[-13,-58],[-17,2],[-22,73],[-14,-34],[-37,-4],[31,-14],[-3,-36],[-39,-11],[-13,44],[-28,1],[-34,-58],[-84,-45],[-30,19],[-46,-13],[9,75],[37,59],[25,-26],[49,-1],[-87,63],[-71,-14],[-32,-63],[0,-75],[-62,-110],[-47,11],[29,-69],[-15,-20],[-42,6],[9,41],[-43,-35],[10,-45],[-25,-13],[-14,32],[-44,-19],[-22,46],[52,-5],[-80,103],[11,14],[-26,5],[-24,-52],[35,-32],[-10,-60],[28,-69],[-29,24],[-1,34],[-35,-68],[-41,-4],[-30,34],[16,17],[-40,50],[-41,0],[18,16],[-25,9],[-2,-30],[-16,9],[11,-54],[52,-49],[-103,-78],[-10,26],[36,34],[-22,4],[6,30],[27,2],[-29,94],[103,78],[-17,-40],[38,-7],[43,37],[-21,24],[84,71],[18,-22],[31,18],[-3,41],[-39,-20],[6,14],[125,168],[142,120],[215,80],[-71,-39],[105,-9],[59,33],[5,-37],[-40,2],[-14,-29],[31,-7],[-6,-34],[49,-69],[11,27],[26,-38],[9,22],[-32,33],[-9,64],[91,-11],[17,-47],[72,-12],[-25,31],[23,17],[-107,51],[68,214],[207,190],[178,73],[-18,8],[21,27],[104,86],[-41,-63],[22,34],[32,-34],[70,-16],[-14,162],[123,184],[84,32],[-13,9],[45,65],[68,50],[26,5],[8,-56],[46,-13],[35,17],[7,48],[-21,-9],[14,-34],[-61,-3],[-2,82],[-36,18],[35,284],[20,44],[53,19],[82,-24],[-69,44],[-45,-5],[-27,83],[42,99],[107,112],[58,24],[-40,-8],[-6,20],[98,249],[-100,-168],[-372,-171],[-38,21],[-21,69],[-59,31],[19,89],[26,18],[-25,10],[38,28],[70,-16],[52,-87],[7,22],[-48,80],[-100,31],[-34,56],[27,-77],[-89,-112],[-20,56],[14,20],[-26,-11],[12,-130],[-32,-21],[19,52],[-29,-28],[69,-177],[-40,-55],[-74,13],[-111,207],[-56,57],[-36,-5],[14,58],[-40,-2],[-5,-55],[-51,-47],[-30,68],[-52,-8],[1,34],[-32,-18],[-3,37],[-24,-3],[24,31],[-32,50],[-138,-109],[-22,-52],[-18,44],[-97,-63],[-40,20],[12,-24],[-37,-65],[24,6],[-154,-77],[18,34],[-18,20],[1,-34],[-12,20],[-126,14],[44,23],[51,-18],[9,39],[69,57],[-39,-23],[-27,165],[43,1],[52,50],[-23,17],[-67,-14],[-2,-33],[-17,5],[-51,122],[17,27],[-3,-47],[21,94],[77,71],[-165,328],[2,80],[-16,30],[34,28],[-33,-19],[-14,17],[-3,-39],[24,-22],[-30,-20],[-8,66],[-39,48],[77,134],[1,49],[114,73],[-63,-24],[-37,41],[20,-45],[-51,-29],[-46,-144],[-64,-31],[16,-45],[-48,3],[84,-47],[-25,-121],[-75,4],[-19,-39],[-93,-52],[-175,-36],[-171,26],[-28,70],[39,14],[-7,17],[-99,55],[-24,57],[-53,41],[-1,53],[-35,-29],[-116,75],[-14,28],[40,11],[13,49],[-79,-30],[-70,34],[144,99],[-11,47],[53,39],[-21,55],[34,-43],[65,28],[-10,-55],[132,-23],[18,-61],[-67,-86],[53,62],[42,7],[49,71],[57,-14],[12,-109],[105,60],[-3,48],[21,0],[-45,36],[-128,28],[40,23],[82,-1],[-64,34],[17,34],[-101,-86],[-185,-4],[-21,48],[-57,-18],[-27,34],[-83,-21],[-23,34],[82,26],[4,40],[58,16],[-78,3],[-20,-32],[-44,46],[21,13],[23,38],[-28,26],[21,-26],[-25,-39],[-18,-4],[-51,40],[50,33],[-16,43],[34,20],[0,33],[106,50],[50,64],[-25,17],[-37,-64],[-109,-72],[-30,-48],[23,-38],[-55,-31],[9,-92],[-50,6],[-36,35],[4,91],[-82,21],[-22,49],[47,36],[1,37],[-48,29],[-61,-40],[-30,54],[17,88],[10,-56],[116,34],[-79,28],[-33,54],[171,26],[-54,76],[15,83],[191,250],[88,14],[6,-38],[80,-25],[-41,-37],[50,30],[-2,18],[-27,4],[13,32],[-25,-21],[-45,9],[15,25],[-21,19],[126,114],[-111,-79],[-25,105],[41,9],[-39,25],[64,116],[125,-8],[-93,73],[76,62],[73,20],[139,-28],[22,-63],[40,8],[-88,-89],[92,81],[60,-53],[92,19],[89,99],[69,36],[106,133],[-5,38],[92,-40],[-50,-35],[242,19],[85,28],[119,130],[20,69],[-69,267],[-94,97],[23,8],[-90,9],[-27,-21],[42,87],[126,-18],[-17,28],[84,40],[15,63],[-122,130],[55,9],[-64,0],[-80,-103],[-41,-15],[-87,45],[30,-18],[-60,-25],[-11,-22],[44,26],[-32,-31],[-76,1],[19,-8],[-172,-112],[-20,-79],[-46,-32],[-31,73],[16,25],[-76,35],[-31,64],[-80,-39],[82,-51],[34,4],[-42,-69],[-44,51],[-126,59],[-237,-11],[41,4],[-25,9],[-135,-61],[30,18],[-76,-19],[-17,28],[4,-47],[53,12],[-24,-15],[-66,-5],[-384,86],[-98,91],[31,105],[-97,53],[-91,122],[25,66],[-17,-71],[73,-35],[60,15],[15,61],[39,24],[113,-19],[-157,59],[-298,40],[-218,112],[-27,56],[84,54],[-58,-49],[6,-26],[72,53],[97,4],[-10,52],[36,0],[-23,13],[59,43],[54,-26],[41,13],[61,43],[-32,17],[45,26],[-13,-17],[27,0],[23,46],[146,74],[64,-34],[113,-13],[85,30],[-125,46],[36,61],[153,71],[67,5],[24,-29],[105,99],[147,28],[179,1],[36,-21],[-100,10],[56,-37],[-45,-80],[14,-68],[-112,-61],[91,11],[37,-65],[42,-18],[186,-5],[121,26],[27,-66],[69,41],[27,-22],[69,25],[88,-21],[-20,-17],[52,-22],[11,65],[93,122],[49,-2],[20,-30],[64,14],[0,-70],[-25,-9],[30,0],[32,73],[-88,81],[-161,22],[-53,-25],[-3,-54],[-15,45],[23,109],[-107,114],[-98,27],[-45,94],[52,38],[22,-24],[37,19],[96,-108],[-16,-80],[144,-122],[66,7],[77,44],[146,-106],[171,20],[11,19],[-36,108],[17,31],[-92,-39],[-110,50],[-85,-12],[-45,-69],[-74,-4],[-135,125],[56,136],[71,5],[-2,19],[-103,40],[-138,-25],[-13,35],[-2,-39],[-54,-9],[32,108],[-73,-95],[-120,21],[22,-27],[-283,66],[-33,153],[-109,166],[-428,276],[-163,48],[-122,102],[-178,32],[108,45],[-80,-38],[143,27],[31,301],[186,-15],[438,42],[241,119],[148,193],[-31,-81],[48,57],[21,104],[-28,32],[70,66],[-27,21],[370,360],[68,-35],[-66,-5],[47,-17],[-121,-47],[140,26],[23,38],[97,2],[105,37],[25,-18],[-11,22],[270,175],[75,-4],[1,-48],[-86,-28],[93,8],[-70,-103],[61,29],[59,-110],[-38,120],[20,69],[39,-17],[139,43],[-141,-26],[-77,87],[-58,-19],[8,23],[143,102],[168,51],[-70,-26],[66,5],[11,-17],[-102,-26],[75,-60],[-19,48],[96,7],[-23,25],[115,-16],[125,17],[-62,22],[160,-10],[59,18],[211,129],[138,147],[115,66],[33,-20],[-39,9],[-38,-26],[53,-53],[101,-7],[33,-26],[-23,-26],[55,29],[107,-23],[23,-35],[-63,-77],[-120,-23],[32,-16],[-59,-13],[68,-17],[1,-85],[29,49],[105,5],[19,67],[70,48],[39,-21],[-33,57],[35,26],[29,-26],[3,43],[-3,-86],[42,64],[121,-62],[-20,-63],[-47,-25],[36,4],[37,-38],[93,3],[27,-33],[112,75],[126,-7],[86,29],[100,-16],[30,-32],[16,19],[34,-41],[0,43],[129,-21],[36,-28],[-97,-93],[144,-53],[-147,9],[-37,-22],[289,6],[-36,-31],[26,-10],[-63,-33],[175,-6],[77,-40],[15,46],[137,14],[-9,20],[138,-4],[-13,-52],[176,62],[133,6],[174,-59],[94,-5],[57,-64],[96,26],[126,-33],[13,-44],[42,-16],[185,-27],[413,4],[89,-65],[31,13],[51,-36],[50,6],[-19,-32],[111,-9],[116,3],[154,53],[19,-49],[2,60],[163,5],[8,21],[14,-19],[52,6],[18,-39],[21,47],[211,-66],[-3,-24],[43,-3],[70,-72],[205,-58],[80,-70],[49,-4],[15,18],[-31,13],[103,-27]],[[18932,87055],[18,0]],[[18950,87055],[-18,0]],[[35284,81922],[-28,-61],[30,111],[4,-9],[-8,-22],[2,-19]],[[37056,83984],[0,-41],[-16,-8],[16,49]],[[36988,84021],[-42,-27],[27,47],[15,-20]],[[37128,84030],[-14,-21],[-24,19],[38,2]],[[36952,84076],[-8,34],[14,13],[-6,-47]],[[37095,84146],[2,-21],[-15,10],[6,30],[7,-19]],[[37576,84509],[2,17],[16,-36],[-18,19]],[[15752,90704],[4,-38],[-45,65],[-2,46],[49,-19],[1,-36],[-21,-2],[14,-16]],[[16219,90777],[17,-17],[-46,-29],[-50,40],[73,45],[6,-39]],[[15693,90852],[-14,62],[15,23],[51,-88],[-27,-34],[-41,25],[16,12]],[[15734,90631],[10,-15],[-57,10],[1,30],[-38,39],[16,21],[-31,0],[-13,47],[-20,5],[12,17],[-28,4],[-23,91],[32,0],[-32,34],[16,0],[-16,17],[21,9],[-4,30],[19,3],[37,-77],[14,-38],[-44,17],[30,-17],[-16,-13],[29,-13],[85,-201]],[[16141,90822],[-23,51],[6,-36],[-18,-22],[-13,14],[13,67],[22,6],[-23,53],[12,36],[59,-47],[6,-106],[-41,-16]],[[15538,90982],[27,5],[-13,-34],[-62,-3],[1,65],[38,15],[9,-48]],[[16028,91077],[61,-72],[-17,-43],[-26,11],[14,-68],[-32,37],[-16,109],[16,26]],[[15486,91073],[-3,-24],[-41,-15],[-9,-69],[-27,48],[11,38],[25,34],[44,-12]],[[15456,91120],[20,21],[17,-44],[-58,1],[21,22]],[[15520,91098],[-29,50],[14,19],[40,-17],[-25,-52]],[[15434,91124],[-16,-26],[-49,0],[32,69],[39,-9],[-6,-34]],[[15533,91317],[-37,-37],[-24,33],[1,-53],[-18,-7],[-47,60],[23,26],[49,-26],[53,4]],[[15540,91386],[23,-26],[-11,-56],[-30,38],[18,44]],[[8100,91373],[32,17],[-14,-96],[-41,9],[-10,27],[33,43]],[[15243,91390],[26,4],[-53,-64],[-20,10],[18,25],[-22,30],[51,-5]],[[15329,91394],[21,14],[-5,-60],[-16,46]],[[16313,91184],[-3,-125],[-15,20],[-16,-98],[-42,-47],[-40,31],[32,52],[2,55],[-25,-22],[-5,-59],[-55,10],[64,97],[-26,124],[8,-125],[-45,-72],[13,125],[-28,-20],[13,-79],[-20,-46],[-53,35],[-44,68],[66,82],[-26,14],[4,42],[56,28],[-58,-15],[-6,22],[76,27],[-16,27],[-32,-27],[-20,31],[72,0],[-36,47],[99,36],[104,-165],[2,-73]],[[15433,91493],[41,9],[-44,24],[110,10],[-8,-93],[-53,12],[-78,-72],[-30,26],[38,78],[24,6]],[[15785,91635],[9,24],[41,4],[3,-72],[-31,-25],[41,14],[89,-69],[-20,-22],[-16,13],[22,-102],[-17,25],[-50,-32],[-31,32],[16,33],[-23,27],[-48,13],[-17,-18],[-19,103],[33,9],[18,43]],[[15975,90712],[-9,-86],[-81,31],[-10,-18],[-5,30],[26,26],[-48,0],[32,25],[-43,57],[4,55],[-18,-67],[-22,-1],[19,30],[-15,25],[-10,-36],[-25,15],[21,30],[-14,17],[36,4],[-22,5],[-9,41],[-18,-37],[18,65],[-27,55],[6,-64],[-25,-4],[-34,36],[0,41],[-50,-39],[-29,11],[42,37],[-101,-3],[-17,41],[19,24],[120,-20],[-54,23],[-19,24],[30,13],[-50,23],[18,59],[55,34],[-115,-30],[-42,28],[-1,58],[19,-8],[6,34],[23,-12],[33,83],[-26,4],[-14,39],[-2,126],[-103,24],[-13,105],[90,-12],[10,-35],[43,34],[53,-100],[-16,-37],[-23,4],[21,-39],[41,-9],[6,18],[14,-29],[53,-18],[76,-106],[24,-126],[21,26],[28,-82],[49,-45],[-98,53],[-29,47],[-14,-33],[17,-16],[-56,-57],[9,-22],[45,54],[39,6],[42,-40],[-69,-28],[38,-17],[40,21],[31,-30],[20,-62],[-49,-7],[1,-37],[12,20],[40,-12],[30,37],[-3,-103],[-19,-16],[-11,17],[6,-41],[-49,-32],[43,-9],[43,35],[-4,-77],[-24,-6],[23,-42]],[[15764,91695],[-12,-74],[-57,-29],[-78,68],[43,67],[74,6],[30,-38]],[[15966,91656],[26,-90],[-48,-47],[-89,86],[-12,145],[38,-19],[36,-67],[49,-8]],[[8631,91776],[59,22],[-29,-38],[-58,4],[28,12]],[[7631,91809],[24,-33],[-114,-4],[24,37],[66,0]],[[8508,91815],[5,-28],[-36,27],[10,-46],[-93,-73],[22,81],[55,42],[37,-3]],[[8622,91790],[-43,-31],[-46,26],[23,33],[59,10],[7,-38]],[[15649,91938],[12,23],[35,-18],[92,-138],[-48,-31],[-21,20],[8,-30],[-17,-7],[-48,5],[-11,59],[24,24],[-26,93]],[[15341,91751],[19,-30],[-27,-5],[-3,-38],[24,-15],[-1,-32],[-41,39],[-2,-51],[23,-2],[5,-29],[-19,-86],[-30,13],[-4,129],[-13,-79],[-33,-9],[29,-24],[-4,-90],[-36,51],[9,52],[-22,53],[31,54],[-41,-17],[38,85],[8,-47],[17,27],[21,-22],[2,70],[-16,41],[-13,-34],[-61,43],[73,51],[-54,-17],[-13,17],[21,30],[-37,-16],[-21,38],[3,85],[36,-45],[-8,65],[66,-32],[-53,60],[84,-36],[26,-45],[10,-37],[-30,-72],[41,48],[3,59],[49,-24],[-22,-53],[24,-58],[-21,-22],[-9,25],[-41,11],[25,-32],[-24,-32],[12,-15]],[[15331,92122],[193,-53],[23,-45],[-11,53],[63,-7],[43,-40],[2,-204],[-46,32],[-46,95],[-34,12],[16,-60],[27,-3],[-7,-61],[50,-17],[-25,4],[30,-52],[-19,0],[-4,-43],[-79,26],[-47,-40],[-44,16],[-7,244],[-24,-29],[-42,43],[-3,16],[50,-5],[-94,77],[5,29],[30,12]],[[9012,92173],[-6,-24],[-94,-29],[-21,-51],[-23,4],[9,43],[-32,4],[56,82],[21,-22],[-11,-26],[41,30],[60,-11]],[[14770,92178],[18,-19],[-27,-82],[-71,-13],[43,112],[-33,3],[4,40],[-19,-9],[4,64],[76,-26],[21,-34],[-25,5],[9,-41]],[[15096,91910],[-16,-359],[-128,230],[69,94],[-38,-39],[8,56],[-16,0],[-42,-71],[-1,48],[38,52],[-63,-53],[22,97],[-49,-27],[-33,25],[3,37],[22,3],[-19,49],[62,44],[-48,4],[-22,28],[8,36],[28,7],[-49,-2],[27,58],[-65,-8],[-48,70],[66,3],[-45,21],[58,102],[52,-25],[-39,-42],[72,23],[-8,-32],[48,-4],[50,-52],[-30,4],[5,-30],[48,-25],[73,-322]],[[8881,92592],[-73,55],[5,31],[76,-42],[22,-57],[-30,13]],[[9261,92463],[-67,-124],[-41,0],[8,25],[-23,-17],[-74,43],[-73,5],[21,-18],[-39,-8],[-5,-30],[80,26],[68,-60],[-22,-47],[-58,-18],[-15,51],[-79,-23],[-18,22],[0,-29],[47,0],[24,-30],[-45,-24],[-52,12],[-28,-31],[-18,13],[-22,-58],[-28,37],[14,-63],[-87,-14],[56,-3],[-27,-23],[38,-15],[-23,-32],[-17,26],[-33,-63],[26,-8],[-46,-12],[-50,-63],[-54,4],[29,61],[96,94],[-25,-18],[-1,34],[-15,-36],[-25,-2],[25,69],[53,38],[-22,13],[-98,-119],[-4,46],[51,52],[-94,21],[-84,-26],[27,-39],[47,42],[56,-2],[-18,-91],[-30,-17],[3,-27],[-19,10],[-1,-30],[19,8],[-21,-15],[-8,46],[-67,39],[-24,167],[-67,21],[16,7],[-18,27],[34,-4],[-7,56],[31,53],[28,19],[10,-16],[2,38],[39,-8],[-16,12],[29,39],[46,17],[67,-17],[15,-47],[-46,-18],[59,-6],[15,-79],[86,-86],[-60,89],[-13,103],[57,-21],[-68,65],[99,-19],[-38,41],[-68,18],[-7,62],[30,40],[56,13],[31,-35],[22,-133],[-7,60],[30,-15],[-20,39],[17,10],[28,-42],[14,13],[-46,45],[3,28],[80,-39],[10,-47],[-20,120],[64,-43],[-79,111],[159,-64],[-28,-21],[2,-91],[22,82],[26,-21],[19,38],[20,-17],[0,46],[46,-14],[21,-56],[31,2],[-74,-76],[29,12],[-10,-42],[32,21],[-9,-47],[88,8]],[[14507,92674],[-20,-73],[-9,55],[-25,-6],[19,106],[53,-50],[-18,-32]],[[8843,92738],[46,51],[129,-94],[-36,-8],[-68,28],[-20,35],[4,-21],[-55,9]],[[9359,92858],[24,-8],[-25,-45],[1,53]],[[14688,92317],[-55,78],[77,-52],[-7,19],[-90,89],[41,8],[-45,17],[-10,-16],[9,42],[-46,60],[-63,25],[34,107],[93,-93],[-132,163],[25,21],[27,-21],[-27,70],[27,1],[27,-86],[30,-16],[-21,27],[10,76],[57,-37],[14,43],[46,28],[99,-72],[-47,-75],[-52,0],[51,-28],[-54,-8],[51,-20],[83,118],[155,-71],[-14,-89],[17,-24],[-96,60],[91,-82],[-28,-16],[-82,6],[-209,122],[172,-116],[17,-30],[-14,-20],[51,-12],[98,31],[34,-162],[-19,-23],[-62,4],[-252,186],[37,-56],[-35,-21],[68,-21],[11,-22],[-29,-13],[27,2],[10,-56],[-48,-62],[-52,17]],[[15104,92845],[-28,45],[39,22],[101,-92],[-112,25]],[[15185,92128],[-87,-51],[11,90],[-17,44],[36,-6],[-20,34],[42,27],[-34,25],[1,28],[81,-41],[-18,27],[21,12],[-53,0],[-35,61],[72,33],[-71,-21],[-29,55],[-51,286],[25,78],[-22,-42],[-39,61],[-11,125],[46,-49],[39,-102],[172,-3],[-9,-23],[105,-206],[33,-131],[-58,65],[-89,212],[25,-25],[-6,14],[-45,53],[14,-46],[-18,4],[32,-38],[-31,17],[9,-101],[27,2],[43,-111],[47,-27],[33,-98],[-78,30],[9,-21],[-18,0],[41,-17],[-7,-21],[35,12],[9,-50],[-31,-32],[-36,33],[-9,-20],[-27,39],[30,-82],[-61,-72],[-31,-5],[3,-26]],[[9326,92905],[-2,-60],[-48,-56],[-53,73],[-6,-42],[-26,4],[32,-43],[-23,-17],[-37,19],[-31,-32],[-9,75],[-23,-84],[-41,4],[-12,-55],[-70,34],[-11,39],[-40,2],[-21,36],[14,32],[94,-32],[-68,65],[30,22],[84,-31],[3,64],[-41,31],[49,28],[14,-14],[14,33],[50,-13],[-9,-31],[17,-33],[24,1],[-5,-25],[23,61],[30,-4],[16,-38],[32,30],[-9,-105],[14,49],[11,-21],[22,46],[12,-12]],[[9100,93021],[-6,18],[70,51],[34,0],[-4,-48],[-40,-44],[-54,23]],[[6338,93159],[86,50],[-69,-155],[-59,-15],[-2,52],[-31,38],[32,-32],[5,38],[38,24]],[[9231,93274],[-37,-4],[11,35],[57,-9],[-31,-22]],[[9746,93571],[31,-9],[-41,-44],[-16,14],[26,39]],[[8807,93530],[0,34],[42,15],[7,-38],[-49,-11]],[[9868,93609],[7,-22],[-43,-12],[36,34]],[[11862,93940],[44,17],[-132,-125],[88,108]],[[10643,93978],[-25,-46],[-54,-18],[21,13],[-14,17],[26,-12],[46,46]],[[10703,93982],[-23,-39],[-50,-21],[56,75],[17,-15]],[[10657,93996],[-59,-39],[58,90],[29,-30],[-28,-21]],[[10592,93976],[-51,-6],[41,8],[-37,4],[37,22],[-32,4],[57,22],[22,42],[-37,-96]],[[10942,94129],[62,17],[-135,-153],[-13,-61],[-39,-16],[-3,-53],[-141,-44],[10,41],[50,28],[-23,11],[45,32],[-11,17],[93,71],[42,76],[32,6],[-1,62],[29,25],[-1,-21],[36,0],[-32,-38]],[[10653,94185],[-22,-56],[-31,8],[20,44],[33,4]],[[11585,94189],[27,21],[-14,-69],[-49,17],[36,31]],[[11248,94201],[36,0],[-166,-95],[-31,13],[60,57],[-70,-4],[30,77],[86,-5],[-5,-38],[79,17],[-19,-22]],[[10721,94206],[-23,-9],[51,68],[24,-42],[-40,-26],[37,-4],[-58,-137],[2,43],[-38,0],[0,34],[42,13],[8,17],[-39,-5],[34,48]],[[9358,94253],[-32,-68],[-36,-17],[40,100],[28,-15]],[[11391,94343],[-5,-29],[-97,-59],[-89,-15],[15,33],[56,2],[120,68]],[[10812,94361],[23,34],[18,-29],[21,12],[-9,-24],[-53,7]],[[10669,94399],[6,17],[21,-32],[-30,-20],[-25,39],[21,-8],[-4,26],[11,-22]],[[10589,94364],[-20,42],[23,22],[20,-53],[-23,-11]],[[10616,94450],[-7,77],[25,5],[39,-73],[-57,-9]],[[5875,96206],[-7,-36],[-119,19],[17,26],[79,15],[30,-24]],[[5594,99968],[16,46],[-13,-126],[-3,80]],[[12833,100038],[13,-17],[-171,82],[158,-65]],[[5637,100090],[71,82],[-96,-146],[25,64]],[[5754,100227],[48,43],[-82,-90],[34,47]],[[5827,100321],[107,61],[-132,-103],[25,42]],[[6137,100417],[-95,11],[-46,-20],[29,26],[112,-17]],[[32699,71776],[18,-14],[-25,-12],[7,26]],[[32765,71802],[-8,-15],[-35,-20],[27,30],[-9,13],[18,-17],[1,14],[-14,16],[2,13],[18,-34]],[[32904,71831],[-16,13],[32,17],[-16,-30]],[[32790,71874],[25,-43],[-2,-34],[-23,77]],[[33000,71930],[-1,-21],[-17,-4],[18,25]],[[33159,72183],[-13,-55],[-79,-131],[54,105],[-7,24],[15,-6],[18,50],[-4,37],[39,37],[-23,-61]],[[32558,72943],[34,-9],[-21,-17],[-25,22],[-13,60],[25,-56]],[[32555,73020],[-13,73],[21,-29],[11,-102],[-19,58]],[[27545,72827],[11,-108],[-77,456],[6,236],[12,-283],[48,-301]],[[32382,73529],[-8,23],[31,-68],[-23,45]],[[27586,73791],[7,18],[-68,-218],[-31,-163],[-12,-7],[44,273],[16,-17],[44,114]],[[33137,73731],[-19,87],[94,-429],[-75,342]],[[27651,73988],[11,-5],[-1,-32],[-62,-137],[52,174]],[[27801,74153],[4,-40],[-95,-90],[-45,-72],[10,73],[121,97],[5,32]],[[33041,74269],[16,13],[5,-19],[-15,-82],[3,-133],[-29,162],[2,38],[18,21]],[[28338,74754],[30,-12],[-131,-153],[101,165]],[[29340,74840],[-78,67],[40,32],[65,-42],[-27,-57]],[[31556,74934],[-24,30],[42,-1],[-7,-33],[-11,4]],[[31690,74994],[15,18],[-32,-43],[-60,-53],[-43,10],[37,-4],[83,72]],[[30121,75029],[9,-30],[-10,17],[-11,-22],[0,36],[12,-1]],[[30171,75038],[9,4],[-5,-26],[-15,22],[11,0]],[[31730,75038],[14,9],[-30,-26],[16,17]],[[30315,75196],[18,-47],[2,-43],[-14,-91],[12,104],[-18,77]],[[30210,75209],[-12,-28],[-12,24],[-29,-4],[55,64],[-23,-42],[11,-27],[10,13]],[[30253,75321],[-9,-39],[-23,21],[32,18]],[[30391,75310],[35,-10],[-73,16],[38,-6]],[[30581,75316],[-80,-8],[68,24],[12,-16]],[[31083,75411],[-244,-43],[198,51],[60,-8],[-14,0]],[[32774,75664],[-1,62],[22,41],[-15,-153],[-6,50]],[[20506,76931],[-24,-16],[-23,30],[-36,113],[83,-127]],[[20130,77206],[16,-30],[-35,7],[-11,28],[30,-5]],[[20453,77303],[-29,34],[78,-43],[22,-62],[-53,9],[-18,62]],[[33941,77596],[10,17],[-10,-43],[-14,11],[14,15]],[[19945,77688],[25,-60],[-47,-30],[-46,67],[68,23]],[[19845,77694],[12,-18],[-47,11],[27,25],[8,-18]],[[20116,77681],[-96,-42],[-38,63],[100,-29],[22,26],[12,-18]],[[34120,77978],[27,17],[-94,-103],[67,86]],[[34409,78085],[9,-18],[-39,31],[30,-13]],[[34298,78102],[72,4],[-139,-34],[67,30]],[[34512,78237],[17,19],[-64,-98],[-45,-124],[41,128],[51,75]],[[34571,78336],[13,-7],[-36,-43],[23,50]],[[34600,78368],[73,47],[-82,-77],[9,30]],[[34771,78727],[8,-71],[-21,-202],[-73,-45],[73,64],[16,172],[-17,135],[14,-53]],[[34691,78870],[19,0],[11,-59],[-30,59]],[[34595,80187],[-7,-71],[-8,50],[15,21]],[[34586,80263],[-17,8],[12,25],[5,-33]],[[34878,80300],[21,60],[-33,-134],[-63,-146],[75,220]],[[35143,81076],[19,11],[-19,-39],[-22,-5],[-8,16],[16,-12],[14,29]],[[35218,81244],[11,26],[-52,-147],[41,121]],[[35220,81819],[17,10],[7,-29],[-65,-63],[19,79],[22,3]],[[35634,81883],[42,21],[-130,-78],[-53,-9],[141,66]],[[35954,82090],[21,4],[-183,-131],[-30,13],[-2,-28],[-73,-43],[24,17],[-353,-117],[43,-16],[-62,3],[-57,-30],[56,51],[-32,11],[-3,-37],[-37,-8],[-17,32],[43,106],[51,-11],[0,38],[20,-7],[-8,28],[22,-26],[7,47],[38,11],[-10,-16],[23,-9],[-2,43],[43,-28],[-15,33],[55,-29],[41,41],[7,-15],[154,22],[127,108],[-55,-57],[9,-13],[-17,-38],[-28,1],[-34,-49],[47,-6],[53,86],[18,-20],[12,26],[15,-22],[11,28],[15,-33],[63,40]],[[36074,82175],[3,-31],[-16,-4],[9,52],[4,-17]],[[35928,82207],[-14,-2],[6,17],[34,10],[-26,-25]],[[36575,82295],[8,-4],[24,-69],[-3,-17],[-57,-1],[-47,38],[65,-10],[23,33],[-21,-21],[8,51]],[[36426,82296],[15,22],[1,-44],[-16,22]],[[36401,82317],[20,-9],[3,-32],[-63,-7],[-26,-29],[-24,26],[80,80],[20,-13],[-10,-16]],[[36141,82399],[-14,-61],[7,73],[7,-12]],[[36165,82413],[22,50],[-5,-108],[-37,-21],[20,79]],[[19150,86074],[22,-27],[-34,-29],[2,38],[-15,-41],[0,77],[18,29],[7,-47]],[[19129,86187],[-1,-22],[-26,19],[10,72],[17,-69]],[[19175,86419],[-9,-45],[-30,51],[-21,-9],[-24,55],[1,59],[-45,32],[29,113],[20,10],[26,-68],[-25,9],[-43,-46],[47,-29],[15,-114],[7,53],[52,-71]],[[19008,86740],[17,-20],[-6,-25],[-37,25],[21,68],[5,-48]],[[19064,86800],[-7,-27],[-7,30],[14,-3]],[[18955,86746],[18,-30],[-58,28],[-6,74],[60,-52],[-14,-20]],[[19046,86849],[-25,-34],[-25,57],[7,-67],[-50,21],[36,53],[57,-30]],[[4626,90179],[-20,-16],[-14,16],[34,0]],[[6815,90684],[-25,-17],[-3,38],[28,-21]],[[6210,90938],[-9,-18],[-27,21],[29,15],[7,-18]],[[6135,90977],[-2,-29],[-43,2],[45,27]],[[6882,91326],[3,-33],[-20,17],[17,16]],[[7758,91468],[-5,-18],[-17,16],[15,19],[7,-17]],[[7724,91563],[-4,-23],[5,46],[-1,-23]],[[7383,91654],[-9,-14],[-21,22],[30,-8]],[[8704,92385],[-3,-41],[-8,67],[11,-26]],[[9200,92649],[-8,-24],[-39,18],[-2,30],[49,-24]],[[9067,92687],[-7,-34],[-29,9],[36,25]],[[9045,92878],[-38,31],[27,-2],[11,-29]],[[6567,93122],[-6,-27],[-8,58],[14,-31]],[[285,88485],[18,13],[9,-26],[-19,-25],[-8,38]],[[337,88553],[28,-19],[-28,-29],[0,48]],[[404,88832],[15,-29],[-23,-23],[-16,31],[24,21]],[[1243,88820],[-10,-43],[-34,0],[-9,68],[40,12],[-17,-25],[30,-12]],[[1327,88832],[4,-17],[-36,15],[4,-19],[-13,21],[-5,-34],[-25,43],[11,27],[60,-36]],[[1334,88866],[11,-21],[-50,21],[29,18],[10,-18]],[[732,88811],[-4,-63],[-35,-19],[-6,-42],[-13,29],[-42,13],[46,35],[2,27],[-86,70],[22,24],[65,7],[37,-56],[73,13],[-8,-23],[-51,-15]],[[957,88897],[25,-26],[-30,-43],[-6,-77],[-40,-13],[-53,29],[-79,-42],[-10,30],[15,15],[45,-7],[102,62],[7,70],[24,2]],[[1422,88922],[21,-9],[-21,-16],[0,25]],[[1185,88806],[-11,-43],[-7,22],[-32,-43],[-41,0],[0,-43],[-34,-1],[-4,65],[-30,-74],[-21,-1],[4,43],[49,63],[-30,4],[2,20],[66,-12],[-25,26],[25,19],[-25,30],[7,28],[71,17],[-1,-41],[-31,-36],[46,-21],[13,17],[9,-39]],[[1375,88931],[20,0],[-48,-9],[28,9]],[[1284,88935],[-12,60],[36,11],[35,-45],[-27,-45],[-32,19]],[[2288,89006],[55,-11],[-177,-43],[-67,30],[-48,-16],[-75,51],[57,8],[-4,-16],[32,-14],[71,39],[79,-39],[77,11]],[[2526,89180],[32,-43],[-73,-42],[-34,7],[25,56],[50,22]],[[1979,89089],[-51,-17],[35,-63],[-104,1],[0,-45],[-38,35],[12,-39],[-17,16],[-29,-20],[-27,12],[-2,-20],[-57,16],[-49,-24],[-102,7],[107,10],[0,27],[15,-10],[22,36],[41,-24],[20,30],[41,-13],[34,30],[-20,17],[49,-5],[-12,26],[36,-17],[37,51],[-69,35],[82,59],[59,-37],[-13,-74]],[[2909,89270],[16,-19],[-23,-28],[-13,22],[20,25]],[[3125,89369],[13,-19],[-18,-39],[-72,-28],[31,81],[46,5]],[[3292,89429],[14,-30],[-44,-5],[2,35],[28,0]],[[3431,89485],[-12,-61],[-47,29],[-33,-20],[-16,22],[53,36],[55,-6]],[[3303,89514],[25,-8],[-20,-31],[-23,20],[18,19]],[[3429,89587],[9,-21],[-28,-35],[-1,50],[20,6]],[[4039,89811],[-143,-94],[-59,-117],[-103,-62],[3,-27],[-14,12],[-101,-68],[80,81],[33,71],[-1,65],[51,65],[31,-17],[56,15],[-24,37],[9,49],[56,76],[76,25],[67,-31],[-17,-80]],[[4612,90090],[16,4],[-41,-86],[-29,47],[54,35]],[[4559,90021],[2,-30],[-91,-39],[14,-21],[-18,6],[-7,-36],[-23,39],[9,-41],[-25,10],[18,-37],[-45,50],[14,-75],[-18,13],[-8,-19],[-15,26],[-14,-26],[-30,7],[-94,-50],[-10,-26],[-46,-4],[-16,-40],[-33,13],[-20,-24],[-61,42],[49,47],[72,-4],[4,35],[51,-11],[10,37],[44,1],[-9,28],[75,9],[-61,13],[3,47],[29,-21],[-2,18],[20,-6],[-23,30],[11,24],[37,7],[18,-52],[7,17],[14,-17],[-10,47],[42,9],[-111,21],[-39,47],[44,82],[129,27],[8,-109],[51,35],[29,77],[-1,-33],[32,12],[17,-44],[-105,-72],[16,-13],[-27,-35],[33,-10],[18,38],[15,-23],[10,38],[17,-34]],[[4901,90248],[-9,-29],[-64,21],[73,8]],[[4744,90270],[27,0],[-81,-58],[-24,24],[-22,-22],[-28,51],[14,39],[45,26],[69,-43],[-27,-13],[27,-4]],[[4828,90300],[-41,-35],[-7,45],[19,29],[-37,0],[19,38],[14,-19],[30,19],[-17,-47],[47,-19],[-27,-11]],[[6891,90781],[25,-14],[-25,-30],[-18,40],[18,4]],[[6856,90832],[17,-30],[-41,-17],[18,21],[-5,31],[-20,-9],[7,30],[39,-9],[-15,-17]],[[6812,90862],[6,-18],[-25,31],[0,-26],[-26,9],[6,44],[21,-14],[11,24],[-21,11],[24,52],[4,-113]],[[6686,90905],[25,26],[-18,-47],[-18,17],[-16,-21],[12,-19],[-28,1],[-64,-122],[-6,32],[49,77],[-27,5],[18,8],[-25,32],[41,-14],[-13,38],[31,-34],[-16,60],[38,-16],[22,76],[-5,-99]],[[5609,91070],[-19,6],[18,18],[1,-24]],[[8350,68625],[28,-38],[-20,-59],[-72,-79],[-66,-17],[-71,-76],[-57,-145],[-68,77],[-13,69],[10,138],[-57,233],[75,153],[-21,108],[6,65],[47,-5],[50,-76],[56,-20],[84,-90],[27,-54],[0,-84],[32,0],[30,-100]],[[7797,69271],[6,-53],[-52,7],[46,46]],[[7702,69445],[15,-40],[-10,-30],[-43,-20],[-10,71],[-24,28],[24,23],[48,-32]],[[7983,69397],[6,-51],[-21,-42],[-120,-40],[-14,30],[-5,92],[-51,16],[-22,46],[0,52],[29,43],[39,-80],[66,28],[93,-94]],[[7735,69630],[14,-9],[-6,-21],[-48,-44],[-145,35],[15,70],[170,-31]],[[7416,69743],[20,-29],[-19,-29],[-36,-3],[-27,48],[-18,-18],[-4,54],[-10,-19],[-10,16],[13,-41],[-38,-16],[-61,177],[52,6],[51,78],[44,-110],[-2,-46],[22,-30],[1,26],[16,3],[6,-67]],[[6615,70149],[21,-11],[-7,-45],[-46,-82],[-11,44],[43,94]],[[6888,70241],[-13,-118],[-35,-56],[-55,14],[-61,80],[24,86],[52,48],[67,-7],[21,-47]],[[119558,88568],[24,-24],[-76,-10],[1,23],[-95,95],[-108,60],[16,13],[79,-29],[119,-134],[40,6]],[[119270,88931],[24,-31],[-29,-26],[-19,30],[24,27]],[[119685,88918],[-46,-58],[-48,26],[-4,36],[50,39],[48,-43]],[[118974,89017],[16,-22],[-46,-76],[20,-25],[-66,1],[-33,-64],[-30,40],[49,52],[45,12],[15,69],[30,13]],[[118388,89175],[36,-12],[-20,-12],[-16,24]],[[117693,89253],[-26,-32],[10,-56],[-118,27],[78,60],[56,1]],[[117794,89386],[6,17],[23,-22],[-29,5]],[[117555,89459],[-52,8],[-25,-35],[-23,25],[-44,-49],[-17,29],[-43,0],[16,58],[-57,-12],[4,35],[-59,1],[61,51],[103,-21],[53,13],[19,-17],[-6,-34],[27,19],[25,-18],[-20,-27],[59,-9],[-21,-17]],[[4999,90270],[-1,-31],[-83,9],[31,26],[53,-4]],[[5852,90446],[13,-13],[-22,-9],[-17,27],[26,-5]],[[5793,90468],[12,-35],[-59,6],[-38,41],[5,26],[80,-38]],[[5863,90789],[46,9],[-24,-82],[-42,48],[20,25]],[[5631,90622],[3,-18],[-30,5],[5,21],[-30,-13],[-47,53],[-26,-63],[-58,-32],[-170,7],[-65,-56],[-25,-62],[-83,-27],[-64,20],[-37,101],[85,58],[75,151],[84,-15],[22,39],[134,64],[76,-10],[57,-167],[70,-4],[24,-52]],[[6077,90918],[30,-25],[-43,-38],[-4,53],[-14,-28],[-27,35],[58,3]],[[6545,91042],[-4,-69],[-65,48],[69,21]],[[6488,90940],[-21,-4],[7,-35],[-45,22],[-3,27],[-45,-57],[-12,132],[23,37],[40,-4],[-5,-48],[45,50],[-12,-95],[28,-25]],[[6604,91060],[-37,22],[-23,-15],[-2,29],[54,6],[8,-42]],[[7083,91338],[-50,20],[-8,-36],[-6,43],[36,10],[28,-37]],[[3466,91826],[35,-11],[-37,-32],[-67,50],[69,-7]],[[3246,92206],[46,21],[-62,-90],[5,26],[-37,3],[-8,28],[56,12]],[[4796,93919],[-5,-26],[-52,9],[-37,-26],[-36,13],[-50,-39],[-41,8],[55,-47],[-33,-14],[-39,46],[-105,16],[-132,98],[-37,-7],[-44,54],[-18,-11],[-48,92],[210,1],[20,54],[61,7],[39,45],[19,-25],[73,34],[11,-13],[-2,35],[27,-65],[88,8],[42,-29],[-14,-146],[38,-57],[24,6],[-14,-21]],[[2562,94169],[30,-23],[-139,14],[-144,101],[7,42],[38,26],[37,-80],[171,-80]],[[3390,95869],[11,-19],[-52,65],[41,-46]],[[3228,95978],[-137,98],[74,-32],[63,-66]],[[3002,96098],[-32,4],[96,-18],[-64,14]],[[3746,96004],[-37,-74],[-160,2],[62,25],[-69,-18],[-104,-145],[-30,13],[17,46],[-38,55],[-92,49],[-56,-4],[9,53],[-202,109],[-80,-8],[-108,-77],[-109,34],[-39,91],[38,169],[34,-9],[1,-48],[75,-35],[-27,8],[-18,-25],[78,3],[-23,9],[147,-41],[97,71],[111,9],[76,-52],[-1,-81],[143,-29],[45,-55],[76,4],[35,-36],[39,13],[-50,17],[71,0],[97,-23],[-8,-20]],[[36976,83988],[25,-9],[-14,-31],[-32,40],[21,0]],[[37044,84091],[7,-56],[-20,-11],[-14,41],[27,26]],[[37177,84194],[22,-60],[-45,-13],[5,-36],[-14,-17],[-25,22],[-5,42],[25,61],[37,1]],[[19060,85921],[1,-36],[-15,18],[14,18]],[[19006,85975],[-2,-63],[-16,44],[25,38],[-7,-19]],[[32773,71829],[0,-21],[-13,16],[13,5]],[[32904,72240],[-1,-16],[-10,15],[11,1]],[[32807,72542],[-20,-11],[0,24],[20,-13]],[[32783,72545],[-22,21],[15,8],[7,-29]],[[32709,72592],[-5,-24],[-6,23],[11,1]],[[32850,76102],[25,10],[-35,-85],[10,75]],[[32880,76205],[8,18],[-8,-82],[0,64]],[[34629,79625],[-1,66],[11,35],[-1,-54],[22,-3],[-25,-48],[-14,-7],[8,11]],[[35814,82106],[20,-8],[2,-29],[-32,14],[10,23]],[[35884,82124],[17,-12],[-7,-29],[-10,41]],[[36352,82369],[15,0],[-51,-43],[36,43]],[[16237,90882],[-9,-34],[-9,28],[18,6]],[[15533,91088],[24,5],[-1,-16],[-26,-6],[3,17]],[[14591,92863],[31,33],[-5,-32],[-26,-1]],[[14731,92913],[21,22],[37,-29],[-58,7]],[[9361,93426],[20,-16],[-31,3],[11,13]],[[9127,94043],[-5,-27],[-18,43],[23,-16]],[[11038,94476],[19,24],[19,-25],[-20,-23],[-18,24]],[[10946,94512],[-15,-27],[-59,14],[74,13]],[[4674,95220],[-20,-4],[13,31],[7,-27]],[[4101,97578],[38,15],[-53,-50],[15,35]],[[4563,97833],[32,6],[-204,-99],[172,93]],[[19042,87060],[-31,10],[-18,45],[-42,-24],[-1,-36]],[[18932,87055],[-18,43],[34,56],[-27,-22],[-30,9],[5,47],[20,-6],[-36,50],[34,3],[2,18],[59,-17],[35,100],[-28,-72],[-110,6],[33,231],[-29,-70],[-82,-55],[10,-44],[-20,-29],[-117,56],[-58,96],[13,64],[27,6],[54,-149],[6,66],[75,59],[-87,-38],[-44,75],[15,86],[-24,56],[67,65],[-25,40],[-55,39],[62,-73],[-62,-58],[2,-48],[26,-41],[-9,-25],[-21,-11],[-12,71],[-15,-73],[-67,-39],[-77,32],[-102,152],[0,20],[45,-53],[-7,73],[34,86],[-36,57],[18,38],[41,3],[62,62],[-52,-36],[-56,-5],[-52,-71],[-41,7],[-18,65],[4,-45],[-29,-23],[8,96],[63,66],[15,95],[-29,37],[41,57],[-9,27],[-57,-75],[29,-45],[-3,-68],[-73,-119],[-23,-11],[-20,54],[-23,-20],[-10,43],[-25,-48],[-49,3],[41,156],[-33,-34],[-21,-122],[-29,-21],[-28,59],[-73,-38],[-91,30],[18,16],[16,-15],[0,34],[74,27],[-1,17],[-67,-30],[-39,18],[191,35],[32,62],[-12,46],[28,7],[18,46],[-44,103],[32,-103],[-46,-43],[11,-55],[-40,-48],[-57,-14],[-23,19],[-59,-26],[-8,23],[58,54],[-48,-9],[-1,55],[-102,-32],[-19,12],[16,54],[91,-11],[17,21],[-95,8],[-19,78],[-6,-84],[-47,-40],[-57,41],[-17,-23],[-89,20],[80,-39],[-39,-34],[-163,114],[17,66],[-60,-8],[-38,44],[-5,42],[18,15],[55,27],[117,-8],[31,32],[3,37],[-55,-60],[-77,9],[10,25],[-98,-17],[75,88],[20,94],[150,30],[121,-14],[18,20],[-14,78],[7,-52],[-18,-34],[-216,30],[-25,-26],[25,124],[-48,-107],[-51,1],[60,-24],[-31,-27],[-21,-88],[-30,-13],[-16,23],[34,13],[-46,8],[-26,91],[8,155],[61,24],[10,78],[30,37],[23,5],[1,-28],[-30,-4],[-20,-44],[25,33],[40,4],[-7,59],[93,84],[58,-12],[108,-194],[0,37],[-71,92],[-18,70],[22,33],[47,8],[-17,17],[-86,-38],[-49,32],[-13,84],[82,76],[19,57],[-15,59],[-35,35],[29,-109],[-90,-99],[-3,-53],[-61,-35],[-55,-71],[-46,-11],[6,46],[-45,-85],[-20,61],[28,34],[-24,50],[11,40],[-13,-42],[8,-39],[-22,-39],[-16,15],[-12,87],[39,13],[19,48],[-71,-44],[-68,-149],[-32,13],[55,103],[-5,69],[39,114],[-3,76],[35,27],[-37,6],[-36,-77],[-65,15],[-31,158],[14,11],[-21,20],[25,10],[-31,3],[-29,58],[-6,-31],[-56,53],[-12,93],[18,39],[-29,-19],[-19,62],[37,-13],[25,21],[13,-47],[26,-26],[-7,22],[18,-9],[48,-82],[-5,43],[52,44],[75,-20],[19,-32],[-11,-39],[17,23],[25,-20],[8,-48],[27,-23],[-80,163],[-87,9],[-52,-43],[-92,113],[11,115],[32,38],[68,-11],[-73,36],[31,82],[-111,-159],[9,43],[-14,-21],[3,34],[-23,21],[12,-76],[-31,21],[11,-39],[-65,-73],[-21,-155],[-235,292],[12,24],[-19,-9],[-29,45],[18,131],[30,7],[82,-134],[-71,147],[30,21],[67,-25],[54,34],[-40,-22],[-78,26],[-98,-51],[-18,22],[-35,12],[29,30],[-18,90],[-33,-46],[-44,25],[5,45],[29,10],[-19,26],[19,47],[-17,35],[125,-185],[32,-10],[-42,44],[7,54],[27,23],[-27,-8],[-13,-48],[-90,149],[46,30],[74,-57],[44,0],[-107,68],[50,103],[-41,-31],[51,81],[21,-10],[-10,-23],[54,47],[61,-4],[-119,21],[120,262],[54,14],[-52,-1],[-26,-26],[-38,124],[16,-87],[-20,-67],[16,17],[1,-27],[-90,-218],[-22,-2],[-15,50],[73,130],[-60,278],[53,122],[-16,-15]],[[12972,99994],[200,-31],[162,12],[257,-67],[180,-170],[53,-4],[29,43],[87,-103],[290,-118],[77,-2],[82,-44],[82,24],[144,-20],[182,-81],[36,-47],[87,-12],[-118,115],[54,-4],[-76,13],[-12,33],[-87,-3],[-46,26],[28,9],[-11,54],[62,-36],[83,24],[-58,-9],[-75,49],[-5,100],[172,-97],[-139,102],[10,38],[41,5],[38,-63],[-1,72],[134,-51],[-39,95],[43,41],[116,14],[110,-37],[20,34],[-28,13],[-14,-27],[-17,23],[63,78],[-31,54],[56,1],[-8,-27],[68,-26],[-31,-39],[79,-12],[-16,-17],[37,-11],[44,39],[19,-16],[-157,-174],[-18,-72],[38,61],[86,22],[21,35],[53,-2],[17,35],[195,22],[53,142],[167,-9],[17,24],[-43,-15],[4,30],[-59,-22],[26,44],[90,19],[-68,-24],[64,0],[51,-30],[228,131],[15,40],[55,-17],[18,-68],[98,176],[-3,-24],[60,40],[0,-33],[69,62],[-2,-46],[45,38],[16,-50],[59,13],[-9,-34],[29,38],[0,-21],[71,4],[18,73],[53,43],[13,-64],[59,-13],[-4,-36],[20,19],[-64,-81],[-308,-130],[-138,-136],[-36,48],[-99,-23],[5,-18],[-112,0],[2,-26],[-32,21],[-75,-21],[-43,-109],[-78,-34],[8,-37],[-37,35],[-21,-90],[-15,81],[-94,-42],[-22,-151],[-12,62],[-91,-27],[-12,-78],[-39,-30],[-3,29],[-35,-12],[-5,-47],[91,-64],[96,-13],[-75,18],[-38,35],[35,-2],[-58,12],[-19,31],[50,13],[43,-37],[60,-2],[-4,38],[71,-46],[7,29],[74,-20],[30,38],[-52,34],[22,-21],[-100,-22],[25,22],[-34,32],[45,-6],[-58,36],[-4,55],[126,46],[23,57],[-18,-78],[47,76],[9,-33],[32,23],[-4,-40],[18,57],[65,9],[28,37],[1,-21],[54,72],[-46,-15],[-41,20],[22,12],[88,0],[11,30],[46,-11],[0,-71],[53,94],[24,-54],[-2,60],[13,-66],[-67,-63],[22,12],[62,48],[-27,120],[42,-43],[-8,-92],[26,75],[-32,79],[41,-73],[-28,-109],[57,134],[-35,-125],[10,-19],[37,54],[-38,-119],[32,-41],[-5,86],[99,115],[-35,-4],[101,82],[23,68],[257,82],[161,19],[66,77],[-3,-83],[-80,-8],[7,-81],[77,-10],[-16,28],[219,144],[-9,105],[75,37],[199,21],[-172,45],[-27,45],[51,-11],[18,28],[-91,-8],[5,72],[57,61],[285,-213],[120,-174],[43,-154],[235,-197],[84,-13],[79,-47],[26,21],[-30,39],[100,-18],[24,43],[-72,12],[-106,-33],[46,58],[122,-15],[-59,38],[25,22],[-72,17],[22,51],[101,36],[32,-12],[11,-52],[39,41],[-35,24],[-104,11],[-14,25],[33,29],[4,-34],[35,-2],[50,85],[94,32],[-18,24],[-27,-33],[-16,28],[-59,-4],[-72,-47],[1,43],[64,51],[2,-41],[112,37],[42,-38],[32,38],[-37,-2],[17,19],[-29,6],[-48,-15],[-4,25],[114,15],[13,-71],[-57,-45],[35,-9],[-24,-25],[35,-35],[-35,-78],[61,-24],[83,20],[14,-30],[-132,-130],[4,-37],[-34,-4],[32,-26],[88,-12],[35,29],[16,-31],[8,38],[106,-29],[93,35],[-20,39],[93,15],[2,169],[59,40],[69,-25],[9,24],[88,-19],[148,10],[203,-32],[206,-90],[240,-163],[472,-87],[63,-60],[145,-65],[292,-82],[61,8],[2,25],[43,-37],[153,-2],[138,-47],[-117,91],[36,21],[102,-37],[46,7],[-49,44],[116,-24],[151,-73],[42,7],[268,-190],[32,-102],[40,25],[20,-26],[-50,-60],[7,-39],[-302,31],[62,-60],[-35,-24],[-126,19],[-3,-90],[46,-17],[-144,-58],[96,-24],[46,-51],[194,-4],[68,-43],[157,-20],[478,-9],[31,40],[100,2],[47,-40],[2,49],[111,-27],[4,30],[36,-18],[86,67],[-15,-53],[41,18],[23,-14],[225,125],[62,-31],[-7,50],[39,4],[30,-24],[1,-83],[5,32],[27,-2],[58,-45],[-16,-21],[41,-22],[-40,2],[9,-16],[65,-17],[38,49],[31,-30],[82,-1],[45,-118],[-27,-44],[62,-66],[32,162],[30,9],[56,-174],[33,60],[126,-104],[36,-146],[-52,22],[-58,-35],[-29,8],[-106,75],[27,-65],[25,11],[42,-52],[58,-17],[16,-54],[-38,-17],[78,-11],[36,-102],[0,57],[215,-258],[13,18],[-199,245],[37,0],[-26,142],[53,-14],[-12,65],[53,-99],[-71,21],[55,-47],[-10,-24],[51,-14],[-25,43],[30,4],[-2,51],[104,-89],[-105,131],[67,53],[-108,55],[-63,120],[27,1],[16,59],[-139,131],[21,91],[94,58],[-83,30],[10,61],[60,-9],[-39,-13],[26,-9],[-32,-21],[20,-13],[30,37],[103,0],[75,52],[4,-25],[70,22],[56,-13],[-19,64],[44,13],[12,-35],[5,48],[62,-60],[33,21],[-46,26],[13,77],[64,26],[43,-17],[101,56],[31,-18],[-17,78],[43,55],[-48,-17],[-50,18],[-203,-78],[43,0],[-38,-5],[2,-38],[-34,13],[49,-38],[-22,-69],[-78,74],[-8,-28],[-71,-3],[-43,-60],[-131,51],[-93,-4],[-20,-47],[91,-64],[-178,3],[-80,-39],[-15,29],[27,-10],[9,40],[-12,20],[-32,-31],[14,73],[-105,-43],[-28,25],[178,217],[329,50],[328,122],[28,31],[142,-39],[108,-101],[-23,-45],[72,-105],[-38,5],[-35,-48],[70,0],[3,-37],[95,-60],[-16,32],[44,-2],[20,28],[17,-37],[-31,-35],[38,18],[73,-19],[-25,-60],[64,-66],[56,15],[174,-20],[28,28],[50,-4],[48,66],[17,-99],[138,-53],[62,-70],[104,-20],[77,-57],[0,31],[29,21],[35,-15],[15,25],[61,-52],[127,-11],[-11,28],[62,-8],[3,30],[53,10],[-1,-23],[47,0],[16,50],[25,-21],[42,35],[38,-3],[0,-32],[60,35],[198,-32],[16,16],[115,-20],[65,-50],[97,-11],[84,73],[31,-19],[75,7],[-121,103],[-2,70],[50,16],[218,-250],[123,-63],[95,44],[20,-26],[51,35],[-55,21],[35,49],[-43,83],[-38,-30],[-110,91],[-12,-31],[-76,-28],[-14,20],[-31,-77],[-165,198],[44,19],[15,-63],[32,53],[-75,43],[-57,89],[66,-29],[-4,58],[104,-76],[44,13],[-5,27],[116,1],[-87,82],[10,30],[91,-12],[23,-46],[36,-22],[-31,26],[20,26],[100,-22],[33,-57],[56,-25],[-29,-45],[51,-14],[79,27],[23,-63],[10,43],[62,40],[-78,-128],[-52,-26],[10,-34],[49,32],[58,-12],[-35,22],[19,31],[198,102],[-62,-95],[19,-19],[-64,-191],[12,-105],[-24,-8],[-22,44],[-48,-139],[24,11],[61,-44],[38,26],[-53,-137],[37,9],[11,-25],[116,93],[28,-23],[39,26],[2,-32],[-94,-100],[57,37],[48,-3],[13,-49],[15,37],[30,-142],[-86,-17],[1,26],[-104,-25],[-14,79],[-23,-63],[-34,-10],[4,19],[-48,2],[-7,50],[-37,14],[-21,-21],[119,-143],[82,-46],[24,-60],[-14,-44],[10,6],[53,49],[-8,32],[-33,-30],[-12,34],[-100,119],[38,17],[81,-32],[108,19],[31,-21],[33,46],[-44,69],[31,112],[28,10],[-80,112],[25,59],[-122,107],[53,54],[-12,57],[53,75],[-19,28],[82,13],[-14,-30],[60,34],[98,-33],[196,145],[29,95],[249,136],[-126,-17],[61,146],[-22,74],[-74,0],[8,29],[-25,-8],[27,46],[-84,-136],[85,17],[-89,-73],[-106,-25],[-75,20],[12,133],[52,-15],[146,136],[-82,-21],[-24,18],[14,104],[85,28],[60,-11],[107,58],[-119,-120],[23,12],[-9,-63],[159,128],[-75,-4],[46,77],[-36,26],[-105,-28],[-19,-32],[-130,11],[-103,147],[-81,-73],[-178,72],[-86,64],[-40,-28],[-6,37],[-56,-10],[-77,50],[41,8],[-9,48],[-49,9],[-89,98],[-7,134],[66,46],[38,98],[15,-24],[38,38],[93,-34],[-86,43],[79,68],[-125,-57],[-137,104],[34,159],[41,31],[-61,20],[61,21],[-43,74],[67,16],[57,69],[70,-6],[88,-71],[41,3],[-17,41],[50,12],[-37,30],[57,52],[-143,0],[-46,26],[11,34],[140,73],[71,1],[20,65],[158,0],[45,24],[-190,-13],[-16,65],[244,25],[33,-32],[-37,-23],[15,-28],[-63,-24],[18,-47],[34,51],[46,-17],[-20,-83],[68,79],[86,-26],[77,9],[-33,-69],[279,-193],[42,-305],[-62,2],[116,-55],[5,-59],[87,-8],[37,-59],[18,32],[24,-18],[-36,-67],[58,-10],[38,-50],[-30,-56],[43,-29],[27,67],[51,-6],[9,-96],[15,21],[47,-46],[-161,-24],[-101,83],[-23,-12],[32,-26],[-71,-9],[32,-21],[-66,-43],[36,-21],[56,31],[66,-4],[56,-40],[-107,-94],[-94,-36],[-7,-33],[-27,19],[-73,-58],[110,4],[-128,-22],[85,-12],[100,34],[-3,-25],[95,-27],[-69,13],[57,-55],[109,-43],[100,107],[110,-3],[20,-19],[-149,-71],[122,33],[26,-32],[71,14],[3,-29],[46,0],[32,29],[114,-51],[-83,-17],[-47,17],[39,-21],[-71,-34],[-2,-69],[-44,-4],[7,34],[-57,-22],[43,56],[-77,-43],[-87,43],[259,-170],[17,-107],[62,-24],[4,-21],[-59,-26],[52,17],[-40,-128],[29,-57],[-43,-57],[96,-45],[-53,-22],[46,9],[34,-75],[39,19],[-15,33],[114,144],[-42,37],[46,68],[13,-54],[18,13],[4,234],[168,161],[85,-27],[71,-94],[235,-173],[77,-299],[-50,-81],[-79,28],[-7,86],[-66,-58],[39,-103],[-30,-94],[77,-191],[219,-193],[12,-62],[28,2],[-51,-93],[48,38],[27,-51],[21,81],[30,1],[8,-31],[14,53],[37,-6],[-44,62],[38,-19],[32,52],[34,8],[42,-35],[13,32],[10,-41],[20,10],[23,151],[-25,51],[133,170],[0,36],[16,-22],[60,46],[5,87],[32,18],[-18,64],[59,82],[-25,15],[25,155],[69,18],[-34,18],[112,-39],[-5,28],[150,-19],[-7,49],[-123,21],[2,18],[58,6],[-23,13],[23,11],[-48,15],[113,-9],[-61,47],[60,16],[75,-24],[18,17],[-67,8],[-13,32],[-51,-4],[-36,24],[21,13],[-57,-8],[42,33],[-86,-26],[21,31],[-61,17],[-28,39],[-5,31],[51,-5],[-57,56],[54,21],[-63,13],[18,64],[32,0],[-53,56],[34,36],[-24,37],[38,9],[3,-18],[19,22],[-13,21],[-73,5],[9,16],[81,-7],[88,-44],[64,53],[174,-1],[103,-60],[178,-48],[300,7],[113,-37],[-50,-14],[-70,18],[-14,-17],[34,-12],[-66,-14],[45,-5],[34,-48],[-259,29],[337,-75],[19,-16],[-55,4],[82,-64],[-37,-5],[-5,-33],[172,19],[136,-46],[24,-64],[-39,2],[-113,-94],[-111,-42],[120,18],[47,-47],[60,22],[49,-58],[-11,-85],[-128,-82],[-55,14],[-46,-62],[-45,49],[-61,17],[17,-49],[-130,45],[-8,-21],[46,-21],[-51,-18],[94,-49],[-2,-23],[-44,-1],[22,-21],[56,5],[-14,-91],[47,-14],[60,57],[-61,-129],[25,-62],[214,-177],[73,-105],[-88,-288],[-150,-15],[-74,-123],[7,-42],[-72,9],[-73,-98],[-135,-10],[-10,-38],[-114,-90],[-73,4],[-13,53],[33,-28],[-49,80],[-101,42],[-8,66],[24,6],[12,-37],[13,24],[-34,39],[14,86],[-73,-109],[-92,60],[-9,15],[67,4],[-114,90],[70,-5],[-179,55],[8,-42],[82,-8],[-122,-8],[-69,-31],[28,-51],[63,22],[-12,35],[124,7],[4,-22],[-52,-3],[79,-48],[-61,13],[123,-43],[-37,-39],[96,-17],[-22,-57],[106,-102],[60,-151],[-48,-20],[24,32],[-62,-4],[-77,75],[-49,-29],[-62,80],[-33,-38],[77,-112],[-155,64],[-38,-8],[-44,47],[-42,-38],[-26,132],[-48,59],[-106,-47],[-118,1],[-68,35],[-17,-26],[-68,26],[-7,-31],[-54,9],[50,-51],[-59,4],[63,-83],[98,-18],[156,-77],[-39,-79],[-151,-86],[-41,-142],[-146,-86],[-41,-47],[11,-36],[-100,-46],[-227,19],[-133,122],[-123,57],[139,-9],[-231,61],[-193,137],[-105,0],[79,-34],[-1,-44],[-91,43],[-62,-20],[-68,16],[66,26],[-55,-13],[-302,44],[-63,-18],[155,-87],[-32,61],[19,14],[370,-84],[163,-118],[25,-65],[70,-39],[48,-70],[320,-37],[109,-1],[30,21],[204,-39],[36,-60],[-12,-53],[-46,-35],[-62,-149],[-48,-35],[-22,16],[-23,-103],[-77,-33],[-30,-115],[-47,-47],[20,-41],[-192,-90],[-50,-47],[-98,13],[-84,104],[77,-130],[-41,0],[-46,40],[12,-32],[-98,72],[12,-80],[-49,69],[-22,8],[5,-28],[-40,49],[30,24],[-16,64],[-7,-30],[-27,2],[18,-40],[-46,17],[-52,-24],[65,-8],[33,-121],[-45,-2],[-9,43],[-32,-23],[-26,34],[-36,0],[104,-121],[-3,-22],[-48,2],[20,-17],[-29,-78],[-38,-14],[13,18],[-25,9],[-50,-19],[-33,27],[21,5],[-55,21],[-18,-26],[43,4],[5,-45],[-117,-18],[-160,61],[15,15],[-54,25],[-55,-5],[-9,36],[-16,-20],[-66,5],[-15,16],[34,17],[-36,6],[-22,-44],[-103,19],[-44,33],[-82,20],[-11,24],[-221,76],[-58,52],[-4,37],[-48,17],[75,-99],[3,-21],[-73,-4],[39,-71],[93,-40],[-4,18],[54,-2],[-77,56],[16,28],[105,-63],[158,-60],[37,25],[29,-46],[104,-30],[-30,-9],[7,-25],[-36,-14],[-15,18],[-69,-54],[21,-23],[44,30],[35,-22],[16,51],[134,58],[129,-142],[124,-11],[77,-46],[-63,17],[95,-42],[-13,-108],[34,-77],[-52,-73],[-83,4],[-130,-81],[10,-22],[-247,56],[12,-46],[-78,26],[-39,-12],[76,-84],[-18,-8],[129,-36],[-31,-56],[-64,10],[-3,41],[-82,-45],[-16,36],[-13,-14],[-34,29],[20,-81],[20,12],[-11,-42],[-57,15],[7,-58],[-48,-13],[69,-21],[-5,-39],[55,-69],[-42,7],[-49,83],[-169,48],[162,-95],[-14,-26],[-63,17],[1,-19],[-41,-9],[11,-27],[51,0],[-49,-47],[-28,4],[-3,-39],[-38,40],[-3,-19],[-41,9],[66,-47],[-57,-4],[37,-35],[-113,35],[42,-39],[-41,-18],[89,-25],[-30,-4],[17,-17],[45,0],[-7,-32],[-66,19],[52,-22],[-157,-111],[-16,13],[-50,-74],[4,-34],[50,-33],[-43,-31],[-54,17],[38,-65],[-34,-38],[38,-39],[-46,-21],[-39,-103],[-36,-28],[-56,-195],[-56,4],[-17,-9],[24,-28],[-44,2],[40,-14],[21,-52],[-68,-278],[9,-265],[18,-111],[26,7],[-37,-38],[-7,-128],[-58,-5],[-11,-21],[65,6],[41,-70],[-21,-74],[46,31],[40,-39],[17,-60],[24,-3],[53,55],[-52,-366],[43,112],[18,237],[227,-4],[28,-43],[28,35],[57,-10],[10,-145],[105,-274],[8,-148],[120,-304],[-57,-191],[-36,-59],[-52,-30],[61,22],[62,60],[91,16],[-84,-80],[82,54],[396,152],[149,-22],[252,-159],[263,-83],[52,11],[189,-202],[111,-60],[129,-227],[-9,-48],[31,29],[56,-29],[-3,-34],[128,-10],[230,-130],[128,-40],[69,-36],[86,-110],[103,-49],[1,-30],[-88,-119],[-9,-71],[73,152],[48,33],[146,-31],[129,33],[49,-13],[50,31],[54,-28],[10,-36],[42,5],[16,-62],[-7,62],[-35,33],[168,-52],[69,23],[26,-40],[-18,-39],[25,30],[77,9],[39,-4],[69,-61],[-12,61],[35,-32],[-7,-112],[24,-65],[-81,-294],[20,-150],[47,-38],[39,-158],[-31,-130],[35,-198],[-46,-48],[-16,-153],[86,-78],[41,-102],[118,-141],[3,-64],[25,-31],[-42,6],[-71,-34],[-21,-41],[45,30],[78,-1],[52,-85],[118,-56],[27,-66],[33,-16],[72,-101],[55,-154],[3,-75],[-66,-39],[-128,-163],[24,13],[-3,-30],[34,73],[53,24],[93,111],[91,-24],[130,-111],[137,-249],[-2,41],[-121,187],[-15,66],[17,127],[59,43],[-14,55],[79,70],[26,-23],[-10,-62],[49,7],[39,-47],[19,-155],[36,-35],[-25,43],[31,74],[-18,33],[29,45],[35,8],[-41,17],[7,60],[-46,31],[-36,68],[66,46],[-17,65],[48,19],[12,50],[40,31],[15,88],[46,1],[-48,13],[12,130],[-20,39],[-63,20],[25,17],[-32,38],[8,24],[-19,3],[11,25],[-21,10],[38,20],[1,26],[-16,-7],[30,41],[-55,-1],[-16,27],[39,35],[-66,29],[23,22],[-21,4],[28,124],[-19,15],[-13,101],[-24,-7],[-17,42],[28,16],[8,-23],[16,11],[-21,35],[32,-3],[-19,30],[-28,-10],[15,60],[-45,8],[36,11],[-2,71],[50,-13],[-54,25],[-14,31],[39,4],[-48,30],[31,-9],[-20,22],[41,23],[-53,40],[-52,5],[62,14],[-12,21],[32,21],[-63,-11],[-48,20],[32,38],[-60,35],[-13,38],[18,30],[-50,86],[25,22],[-37,-9],[14,35],[-32,0],[7,25],[-32,-9],[41,26],[0,24],[9,-15],[216,86],[191,110],[203,154],[223,252],[8,24],[-34,-20],[169,226],[49,172],[1,500],[-92,350],[-113,215],[-114,94],[7,27],[-187,111],[6,22],[-84,60],[-48,69],[22,-57],[-76,63],[35,42],[-25,37],[18,26],[-26,94],[41,-26],[3,24],[26,4],[-2,-29],[15,7],[24,46],[-25,-4],[12,38],[25,0],[-5,35],[31,0],[8,63],[96,52],[-26,13],[37,8],[-7,27],[43,21],[-79,10],[22,20],[-11,22],[50,40],[-16,101],[37,-21],[32,10],[43,-72],[43,-7],[-38,18],[-39,94],[84,34],[-44,75],[62,49],[-25,17],[41,22],[-47,-15],[-13,19],[-88,0],[26,40],[49,3],[-42,30],[-8,17],[30,4],[-23,44],[-25,-13],[7,34],[-50,52],[65,90],[44,0],[-90,7],[-48,53],[74,73],[-45,4],[77,47],[-128,-56],[12,26],[-37,0],[17,26],[-92,-26],[10,47],[119,118],[7,62],[32,32],[-31,155],[29,-14],[51,34],[-41,26],[9,21],[55,-13],[-53,26],[21,12],[-46,10],[-28,53],[-65,8],[-49,187],[-6,178],[43,59],[113,54],[71,73],[111,-42],[127,-10],[202,-78],[17,-26],[50,7],[118,-52],[-100,-68],[188,96],[59,-21],[-1,-33],[49,23],[149,-100],[-60,48],[5,38],[102,4],[46,45],[94,27],[42,61],[67,11],[33,-55],[120,-51],[49,-79],[54,-27],[-16,-13],[55,-9],[-14,17],[30,9],[35,-21],[7,-90],[-62,-86],[43,30],[21,-44],[-1,82],[134,-49],[24,-41],[-31,-32],[49,-3],[27,-42],[-30,-45],[-53,7],[-19,-31],[107,23],[8,67],[125,-61],[8,-33],[-100,-17],[36,-34],[-48,-31],[103,-12],[-80,-35],[53,-13],[-21,-29],[44,-18],[7,-65],[26,47],[41,-64],[53,24],[10,-28],[48,6],[83,-48],[9,19],[76,-46],[3,34],[33,-25],[0,39],[90,0],[22,-80],[-21,-49],[79,-45],[22,28],[-30,-9],[54,49],[38,-21],[4,112],[38,10],[55,-102],[-3,-74],[-113,-72],[18,-73],[-54,-26],[36,-94],[-15,-37],[54,-58],[-9,-93],[-31,-19],[-34,16],[17,-42],[-16,-9],[-171,27],[2,-17],[-81,-7],[-154,45],[153,-56],[280,-4],[-11,-35],[69,-31],[-17,-51],[21,-12],[-36,-39],[47,-33],[-78,-84],[39,-82],[-41,-42],[43,-7],[60,34],[29,-29],[35,6],[3,-60],[-40,10],[-8,-31],[-20,21],[-31,-37],[9,-38],[16,18],[41,-27],[-29,-43],[-24,30],[17,-112],[-24,-3],[-14,-52],[-39,-1],[4,77],[-64,82],[-11,-60],[31,-28],[1,-58],[-37,30],[7,-26],[-121,-38],[71,-21],[40,26],[1,-58],[40,9],[-26,-36],[21,-30],[145,171],[84,21],[76,-16],[41,28],[121,-61],[20,-140],[25,-9],[0,-39],[27,14],[-54,-265],[-55,-58],[-150,-44],[-133,-119],[140,107],[177,61],[36,51],[45,232],[17,26],[32,-7],[7,37],[39,-51],[-12,-59],[21,-60],[-89,-141],[109,135],[15,110],[27,-32],[-19,-87],[28,-21],[-19,-202],[46,189],[135,94],[25,-11],[2,37],[44,48],[32,-46],[15,46],[64,0],[-18,26],[24,86],[42,28],[-1,57],[30,25],[146,-146],[-25,-76],[7,-56],[-32,-31],[14,-17],[43,69],[-19,30],[30,56],[21,0],[-94,125],[30,51],[16,-22],[57,17],[-61,40],[40,16],[-8,41],[70,-50],[-39,48],[37,30],[58,-40],[-29,36],[18,11],[74,-11],[-74,39],[-34,-22],[-25,53],[-7,70],[48,-50],[-3,42],[37,1],[-22,74],[67,-59],[-30,53],[22,22],[-59,56],[124,-18],[67,-51],[-65,59],[-77,26],[-45,134],[16,38],[44,5],[14,30],[113,-52],[-80,48],[-1,32],[29,-13],[-23,32],[25,21],[18,-17],[-16,73],[28,6],[-6,31],[63,62],[-28,34],[37,35],[-5,30],[62,-18],[-7,14],[23,-6],[82,-63],[-85,30],[-41,-34],[67,19],[32,-19],[-35,-39],[50,29],[12,-33],[-39,-35],[12,-17],[-57,-10],[-63,-54],[123,51],[25,40],[-5,-73],[-49,-2],[41,-16],[5,-27],[-39,-25],[98,60],[-34,39],[48,-17],[12,-30],[-51,-26],[39,-18],[-25,-25],[44,20],[-22,-80],[-24,-9],[39,-51],[61,7],[14,-24],[-37,-7],[-29,-79],[37,66],[48,-8],[-39,-66],[36,42],[48,-33],[-22,-62],[-88,-21],[116,-12],[-38,-78],[31,13],[27,65],[42,-29],[-35,-66],[83,39],[-23,-22],[-5,-32],[34,3],[-27,-49],[-101,-42],[-76,16],[-22,-38],[49,26],[4,-61],[23,53],[23,-18],[69,12],[61,42],[74,-26],[-11,-20],[-59,1],[39,-17],[-27,-39],[40,26],[-15,-26],[23,-13],[-55,-38],[53,13],[4,-35],[21,43],[26,2],[-13,-23],[42,-24],[4,-45],[-44,-26],[58,4],[9,-19],[-30,-56],[-77,-57],[-92,12],[-27,-29],[50,8],[11,-17],[-84,-99],[110,103],[59,-9],[-25,-55],[32,52],[18,-14],[71,44],[4,-25],[14,23],[61,-11],[-32,-40],[11,-66],[-78,-25],[-17,-34],[80,36],[28,-23],[-17,-30],[-148,-20],[23,-9],[-63,-45],[22,-2],[-12,-24],[-57,-27],[74,13],[64,80],[91,-6],[24,26],[9,-22],[30,33],[-18,-78],[47,34],[-18,-16],[42,-35],[-77,-16],[-47,-44],[85,18],[0,-58],[27,71],[5,-47],[16,30],[23,-31],[22,44],[25,-50],[-25,-41],[8,-22],[37,-10],[40,-90],[-64,-35],[-4,-26],[-60,-1],[-26,-51],[-62,24],[53,-42],[72,25],[86,-33],[32,-31],[-41,0],[16,-56],[-44,-22],[49,-45],[26,16],[1,-26],[54,47],[-25,-45],[75,-1],[35,-31],[7,-95],[-16,22],[-36,-7],[-47,-60],[-7,-46],[-80,-10],[6,-57],[22,34],[41,-17],[-41,-13],[49,-33],[-5,-22],[-271,103],[152,25],[-14,10],[-135,8],[-31,-35],[224,-108],[-110,-3],[177,-29],[15,-45],[-123,3],[-17,-15],[46,-11],[-66,-7],[111,-32],[-6,-17],[75,-58],[-54,18],[-16,-5],[52,-21],[-45,-9],[6,21],[-80,11],[-16,-14],[44,-43],[196,3],[-22,-56],[21,9],[3,-22],[-39,-34],[74,-9],[-90,-21],[40,-8],[-26,4],[20,-27],[87,8],[21,-50],[-39,-8],[32,-20],[117,1],[-5,-43],[-61,-32],[65,4],[32,56],[17,-4],[4,-70],[-30,-90],[57,150],[58,-14],[-13,-60],[-50,-43],[-2,-16],[20,24],[23,-10],[-18,-69],[38,50],[12,-33],[-50,-52],[-9,-60],[51,90],[-12,-38],[27,4],[10,40],[20,-49],[-56,-23],[-14,-61],[-33,-14],[-36,-64],[85,57],[-106,-131],[-4,-34],[139,155],[43,26],[-18,-56],[57,51],[-92,-159],[92,133],[36,4],[46,56],[13,-81],[-79,-29],[3,-24],[15,19],[40,-22],[21,24],[31,-11],[37,51],[12,-47],[22,2],[-102,-109],[-62,-141],[44,27],[-1,56],[115,116],[12,-19],[48,111],[17,6],[-2,-31],[21,44],[6,-52],[-80,-111],[52,66],[24,-6],[8,33],[8,-30],[26,52],[24,-19],[-30,-83],[19,13],[32,-41],[-41,-38],[36,18],[-2,-46],[38,6],[16,-35],[12,30],[97,-67],[12,32],[61,2],[15,-35],[55,-16],[43,18],[59,-67],[66,13],[46,-44],[-27,-20],[18,-19],[-12,-22],[-98,-10],[96,-9],[-37,-5],[-40,-46],[-178,-13],[-25,-30],[54,13],[-50,-26],[4,-21],[-77,-14],[-86,-55],[-284,-60],[23,-31],[69,11],[201,66],[109,65],[-85,-115],[-138,-9],[41,-9],[-185,-117],[-123,10],[-11,-13],[18,-19],[-103,-7],[39,-47],[-26,-4],[8,-84],[-22,-23],[-84,86],[-137,66],[-26,36],[-14,-73],[95,-6],[195,-129],[4,-36],[-32,13],[-77,-69],[-14,9],[8,-18],[67,0],[-80,-43],[84,23],[22,-14],[-13,32],[38,15],[52,81],[29,-3],[-32,35],[91,-3],[97,96],[79,0],[23,39],[-21,30],[77,94],[237,95],[111,-17],[-118,43],[-52,-31],[-37,31],[20,44],[104,19],[142,-46],[50,21],[37,-38],[31,-101],[35,-17],[-21,-35],[48,-45],[-21,0],[5,-51],[-141,-95],[34,22],[-3,-17],[46,-8],[2,-57],[-22,-38],[32,4],[99,180],[89,15],[40,-24],[-7,35],[45,13],[23,-39],[-105,-26],[155,-51],[-23,-9],[98,-6],[19,-20],[-12,-28],[-18,26],[-65,5],[99,-89],[-25,-25],[39,18],[23,-18],[-12,-13],[28,-11],[-35,-15],[35,-19],[-19,-20],[40,5],[-33,-26],[32,-43],[-27,-30],[-39,13],[23,-26],[-10,-25],[-86,-1],[28,-8],[-14,-31],[24,20],[49,-13],[34,-90],[-59,-17],[18,-11],[-17,-11],[-61,17],[71,-78],[56,0],[8,-35],[-16,-17],[-98,40],[39,-27],[-23,-26],[20,-13],[-77,-10],[-93,36],[77,-37],[146,-10],[-5,-18],[34,-1],[-6,-27],[37,-4],[-2,-49],[-51,13],[8,-29],[-138,68],[125,-74],[-11,-16],[49,-5],[-29,-35],[60,-12],[-52,-4],[26,-18],[3,-46],[-39,-18],[13,-17],[-16,-21],[-52,-1],[17,-54],[-105,-93],[-40,-5],[-76,-76],[-34,-6],[-8,-43],[-51,-65],[-22,16],[-14,-47],[-74,-4],[-20,56],[-117,-48],[9,22],[-34,-21],[-3,29],[-28,-45],[-8,20],[-82,-79],[-64,-23],[-19,37],[0,-38],[-54,26],[-46,-41],[-10,16],[1,-27],[-20,6],[29,-36],[-11,-22],[-69,-38],[-20,-60],[-1,38],[-38,-25],[18,-8],[5,-74],[-23,-77],[-27,14],[5,69],[-42,-102],[-18,19],[-30,-54],[-25,-7],[-16,-45],[15,-33],[-29,4],[-28,-42],[-69,-21],[-28,-43],[20,-31],[-39,-41],[-64,-31],[-6,48],[-31,-34],[-9,38],[-30,-43],[-25,21],[-53,-27],[-6,23],[-59,-31],[-15,10],[12,29],[-44,-42],[-30,17],[-42,-26],[-53,9],[-135,-62],[-22,6],[69,48],[-67,-33],[-28,60],[-117,7],[-59,33],[-20,-18],[-100,14],[14,18],[-41,-18],[-62,18],[-52,-16],[-9,-28],[-73,-17],[-21,28],[-39,-6],[-69,39],[-111,-30],[-100,34],[-145,-31],[-104,9],[-22,22],[-159,-41],[-76,23],[-27,-42],[-19,11],[5,-32],[-89,5],[-37,42],[-27,-44],[38,-25],[-67,17],[-37,-82],[-68,-42],[-31,-100],[-29,2],[-38,-233],[-43,-75],[-146,-37],[-80,9],[-37,-56],[-45,-4],[37,-19],[3,-27],[-70,-38],[-18,-2],[25,34],[-25,52],[13,-47],[-70,-53],[-7,-46],[-20,-13],[18,-17],[-51,-6],[-86,-84],[-21,-90],[-37,-24],[-72,-185],[-77,-92],[-47,8],[-55,73],[-53,-3],[-75,63],[-108,11],[-98,46],[-27,-13],[88,-23],[4,-18],[-33,-10],[9,-25],[129,21],[105,-70],[70,-9],[35,-55],[37,-13],[-66,-219],[-70,-73],[-31,-101],[-83,-31],[-76,-205],[-81,-61],[-115,-164],[-139,-56],[-53,13],[-44,-52],[-71,-34],[-10,-51],[-68,-43],[-47,-64],[-130,-56],[-10,-64],[-45,-21],[-35,-109],[-52,-85],[-112,-56],[-74,-111],[-42,-9],[-91,48],[16,-32],[105,-38],[18,-60],[-64,-21],[-186,-201]],[[19044,87055],[-2,5]],[[35025,84554],[80,42],[47,70],[109,42],[89,109],[72,4],[23,175],[77,121],[21,95],[74,59],[67,20],[78,115],[74,38],[28,66],[61,29],[47,59],[50,-21],[137,70],[49,60],[61,14],[146,93],[323,512],[39,102],[41,25],[166,209],[33,7],[100,107],[292,197],[307,163],[134,54],[218,37],[247,-49],[174,-144],[44,-124],[-130,76],[27,-25],[-21,-13],[48,0],[7,-19],[-18,-7],[84,-85],[-34,-35],[30,-39],[-11,-19],[-36,-48],[-131,-53],[-19,-82],[-60,-10],[-9,-39],[-99,-71],[-49,-6],[-117,71],[-35,34],[-2,35],[-57,-78],[-73,8],[-1,-31],[-61,35],[-23,-39],[-102,-37],[39,-8],[115,55],[49,-56],[140,-49],[61,-178],[141,123],[61,19],[16,-5],[-31,-39],[82,23],[12,-28],[-24,-12],[33,-27],[9,35],[18,-15],[-44,-40],[-26,-72],[-12,-70],[20,22],[-31,-120],[-135,-129],[54,4],[-1,-30],[58,30],[16,-21],[62,13],[-3,-60],[-32,-79],[37,-84],[-20,-31],[34,-4],[0,19],[15,-17],[-2,-120],[33,-39],[-5,-40],[-26,-17],[49,26],[12,-30],[-12,-61],[101,7],[34,-43],[60,11],[60,-33],[-34,-45],[-57,1],[-9,-18],[74,-44],[21,-46],[30,-13],[-14,-13],[30,-15],[3,32],[73,1],[10,-13],[-24,3],[18,-21],[-29,-10],[95,-3],[-50,-21],[31,-30],[33,34],[-5,-26],[46,14],[-12,33],[141,-25],[-27,-8],[41,-26],[-45,-27],[-7,-20],[14,13],[0,-32],[14,27],[17,-17],[-3,32],[17,7],[46,-18],[-6,-34],[44,41],[-27,-11],[9,15],[48,15],[119,116],[12,-123],[85,-49],[21,44],[22,4],[85,-116],[-4,-33],[-78,-49],[7,-12],[154,-14],[10,-39],[-23,18],[5,-23],[-32,-31],[0,36],[-15,-5],[-3,-38],[-13,32],[-22,0],[-37,-56],[-99,7],[16,-55],[-62,7],[-4,-33],[-71,-22],[21,-16],[-82,-16],[-35,-40],[-18,9],[-18,-48],[-9,42],[-25,-21],[6,-38],[-25,19],[-16,-28],[-50,-4],[-8,-42],[-33,14],[-20,-19],[-5,38],[-18,4],[15,-42],[-15,-22],[-20,72],[-7,-64],[-5,26],[-20,-30],[-7,35],[-17,-69],[-43,35],[-13,-9],[5,-45],[-74,75],[33,-51],[13,-73],[-36,-49],[2,18],[-30,-8],[-16,30],[-10,-23],[3,40],[-48,-13],[-4,69],[18,47],[-59,-39],[18,-77],[-22,-21],[-28,64],[-22,-27],[-26,19],[-11,-95],[43,-30],[-46,0],[37,-43],[-11,-20],[-53,46],[20,-48],[-43,-77],[-36,11],[20,-26],[-10,-30],[-47,-6],[17,-38],[-60,-43],[20,-35],[-17,-28],[-26,32],[3,-47],[-20,43],[11,-42],[-17,-31],[-18,47],[5,-73],[-18,-3],[-3,29],[-14,-52],[-4,48],[-12,-26],[-20,60],[-4,-83],[-26,15],[2,43],[-15,-14],[9,-124],[-39,34],[18,-60],[-16,36],[-8,-56],[-30,64],[-35,-48],[-20,10],[-44,183],[-5,-22],[-20,35],[-11,-29],[-9,47],[6,-93],[-4,16],[-11,-21],[-6,30],[-6,-19],[-6,35],[-14,-18],[3,66],[-12,-14],[-7,22],[6,94],[-20,59],[39,168],[82,134],[-32,-3],[-84,-120],[5,27],[132,164],[9,-53],[22,6],[87,98],[-104,-69],[6,38],[109,105],[178,153],[140,73],[15,28],[-27,25],[49,-20],[-13,-126],[21,26],[27,-26],[24,-36],[-1,-42],[18,48],[-33,55],[28,43],[133,69],[64,4],[18,-26],[37,44],[-152,21],[-25,-27],[-15,29],[-56,10],[-94,-30],[-63,31],[-32,-17],[-29,-56],[-21,30],[-35,-13],[9,65],[148,158],[25,69],[25,21],[-9,-51],[23,13],[-14,8],[10,40],[-24,29],[-44,-101],[-22,3],[19,53],[-14,53],[-14,-10],[-58,128],[58,-144],[-34,-68],[11,-17],[-16,0],[-27,-69],[-44,9],[-30,-43],[-107,-63],[-145,-135],[-14,13],[-45,-32],[-69,62],[45,54],[-3,41],[-28,-69],[-34,-13],[45,-47],[-47,-62],[-36,29],[17,-27],[-60,-52],[-17,48],[-67,-51],[-32,-9],[-4,30],[-29,-30],[-8,34],[21,9],[-31,38],[-26,-13],[-7,-58],[-50,98],[5,-34]],[[37624,84485],[-6,-33],[-19,15],[23,60],[2,-42]],[[37603,84530],[-8,-22],[-10,33],[21,31],[-3,-42]],[[41291,85974],[-24,6],[28,11],[-4,-17]],[[41875,86210],[-41,-148],[-35,-3],[74,168],[2,-17]],[[41275,86231],[7,-44],[-69,19],[62,25]],[[41884,86195],[4,45],[0,-133],[-4,88]],[[42059,86553],[18,-3],[-7,-49],[-28,-16],[-85,15],[-19,64],[85,-37],[36,26]],[[41697,87351],[-14,-36],[-17,10],[23,43],[8,-17]],[[41341,87412],[23,0],[-17,-34],[-6,34]],[[41390,87442],[-49,-18],[18,35],[31,-17]],[[41621,87407],[16,31],[35,-31],[64,67],[-2,-48],[-66,-57],[-44,0],[23,14],[-26,24]],[[41823,87420],[3,95],[26,-31],[27,48],[43,-56],[-99,-56]],[[40135,88064],[-3,33],[22,-53],[-19,-21],[0,41]],[[41413,88190],[19,-5],[-24,-47],[-39,1],[7,43],[37,8]],[[41407,88295],[-14,-51],[-23,44],[37,7]],[[40452,88472],[-55,-13],[28,27],[27,-14]],[[42371,86137],[-36,-129],[-21,-9],[14,-4],[-18,-17],[-18,-107],[-23,-9],[29,-11],[-2,-27],[-29,-148],[-41,-78],[-42,-24],[-25,70],[-41,-35],[12,35],[-67,-76],[-27,58],[12,64],[38,56],[-53,-64],[16,66],[26,24],[-41,26],[48,94],[-7,21],[-17,-8],[4,30],[-129,-217],[-51,-36],[-29,18],[1,62],[58,191],[26,1],[-21,52],[24,-3],[10,50],[28,19],[-38,19],[10,91],[-63,173],[-14,-29],[-47,47],[22,-44],[-86,-209],[18,-31],[-16,-17],[-5,17],[-2,-30],[-44,-31],[62,161],[-82,-147],[-4,17],[-11,-29],[-37,8],[11,34],[-13,-30],[-3,28],[-63,-113],[0,-42],[-16,-10],[-5,31],[-16,-23],[18,-6],[-4,-62],[-20,-30],[-11,39],[-14,-87],[-62,-44],[-37,49],[-47,-51],[-61,5],[-38,29],[-4,33],[36,66],[128,41],[61,80],[16,90],[23,30],[77,29],[33,34],[4,35],[48,34],[-130,-43],[50,116],[-56,-126],[-14,10],[6,39],[-21,-17],[-56,11],[2,49],[-11,-22],[-13,14],[-14,-58],[25,-7],[-4,-72],[-63,-64],[3,37],[-25,-13],[25,47],[-17,21],[-8,-34],[-16,9],[-21,-30],[7,51],[-17,-48],[-17,10],[-21,-26],[57,94],[-119,-76],[-21,24],[179,108],[-71,-34],[-24,23],[59,166],[-14,21],[-26,-104],[-67,-58],[-17,3],[19,48],[-16,-13],[-16,51],[-10,-132],[-11,16],[-29,-17],[-3,77],[-9,-85],[-112,7],[12,-25],[-13,-6],[-26,37],[16,-43],[-28,-24],[-64,36],[-54,-10],[-9,41],[-12,-27],[-35,-6],[-6,37],[-66,4],[-33,-30],[-35,34],[-11,-25],[-50,21],[11,30],[-136,-15],[-16,-19],[27,68],[-30,-8],[-25,-64],[-35,18],[-32,-34],[-161,-32],[-63,34],[6,91],[-40,94],[144,145],[133,187],[25,11],[-36,-34],[110,74],[-53,-14],[-90,35],[-186,-52],[12,42],[152,151],[-63,-103],[22,-39],[14,52],[12,-41],[33,-2],[71,275],[44,89],[4,-55],[48,8],[48,-59],[61,-5],[-54,15],[-29,82],[74,2],[20,34],[-76,-23],[-7,22],[29,-3],[29,43],[-36,-18],[-60,22],[1,98],[70,96],[27,-19],[8,-58],[8,42],[57,-27],[-40,62],[-19,-19],[-20,108],[194,565],[52,-6],[15,18],[-40,-1],[7,17],[-48,36],[81,31],[76,100],[-54,65],[36,-21],[26,19],[-26,23],[61,52],[-4,34],[21,4],[-17,26],[44,69],[257,174],[23,-3],[-17,-80],[88,-10],[-43,47],[35,34],[8,-27],[32,24],[35,-16],[-3,-18],[-19,8],[9,-36],[-29,2],[25,-29],[-14,-53],[-22,8],[3,-25],[-17,0],[4,-26],[-164,38],[-2,-29],[27,-30],[-20,-26],[36,-47],[3,25],[64,12],[11,-85],[-24,-8],[10,-22],[-34,-107],[-9,21],[-59,-111],[-19,34],[11,82],[-19,-17],[0,-99],[21,-32],[-50,-89],[-24,0],[18,-13],[-48,-81],[-29,9],[23,-18],[-5,-36],[-26,-68],[-50,-41],[9,-20],[-43,-93],[-2,-20],[21,19],[-17,-74],[-45,-48],[41,-15],[-25,-114],[99,188],[31,31],[14,-33],[36,122],[66,74],[18,-47],[-43,-99],[61,67],[2,-38],[15,44],[70,-69],[85,52],[9,-32],[-83,-88],[-96,-44],[-54,-111],[65,80],[45,-7],[-35,-51],[21,-9],[-8,-21],[-77,-84],[103,59],[34,-29],[-22,-15],[36,13],[7,-56],[45,69],[-16,-82],[28,73],[39,17],[-21,-51],[39,17],[-43,-60],[17,8],[3,-21],[32,41],[-18,-28],[9,-26],[26,47],[-26,91],[18,8],[20,-26],[-4,18],[25,3],[-29,-173],[-47,-57],[17,-45],[-23,-34],[66,48],[-31,-11],[-3,56],[78,62],[-10,43],[23,-9],[-7,-74],[29,44],[22,-7],[16,75],[6,-84],[90,159],[25,11],[-21,-63],[34,17],[-18,-129],[37,97],[51,-3],[-4,-34],[62,74],[20,-14],[-18,-13],[39,9],[143,-103],[13,-29],[-56,-78],[11,-41],[-83,-11],[38,-13],[-57,-21],[28,-30],[-56,-22],[32,-4],[-104,-73],[58,26],[10,-29],[16,35],[33,9],[15,-15],[-39,-9],[9,-26],[16,9],[-12,-16],[-47,-1],[25,-11],[-2,-37],[18,-12],[-12,-13],[46,30],[-41,-3],[27,48],[-6,-28],[34,4],[8,-32],[32,24],[9,-14],[-118,-81],[82,9],[-27,-13],[15,-13],[-138,-81],[9,-22],[93,75],[14,-6],[-21,-35],[7,-26],[66,112],[14,-30],[-36,-42],[30,12],[17,47],[-2,-30],[14,9],[-23,-52],[47,63],[13,66],[31,-2],[33,-54],[55,111],[31,-93],[-24,-75],[-43,-50],[-56,20],[-5,-59],[-90,-78],[-68,14],[-27,29],[-5,-38],[12,-57],[80,-15],[-81,-25],[44,-14],[56,34],[-30,-98],[-30,4],[21,-9],[-22,-72],[-46,49],[55,-142],[32,36],[-15,-46],[20,-21],[-6,-31],[16,21],[23,-13],[18,130],[26,71],[22,5],[26,93],[35,28],[37,-6],[45,74],[29,-41],[-26,-10],[-97,-221],[17,-33],[-32,-64],[27,18],[-29,-32],[25,1],[-7,-56],[18,5],[-15,-26],[22,-13],[84,107],[35,134],[22,-28],[-4,-54],[20,-6],[-11,-67],[20,-17]],[[17325,88639],[16,-41],[-20,-23],[-45,31],[-26,76],[2,42],[43,42],[30,-127]],[[41465,88866],[-19,-1],[-3,23],[50,54],[-28,-76]],[[17252,88853],[-36,0],[23,96],[69,29],[-20,-187],[-35,-11],[-1,73]],[[16302,89009],[9,-28],[-34,-4],[26,-30],[-17,10],[6,-52],[-29,35],[1,95],[38,-26]],[[17316,89042],[23,4],[-21,-51],[-48,-1],[-13,40],[59,8]],[[17216,88952],[-14,65],[43,46],[-1,-79],[-28,-32]],[[17223,89072],[-34,-41],[-4,-43],[-6,41],[-28,-13],[4,19],[-30,2],[25,51],[73,-16]],[[17266,89089],[-25,9],[39,31],[31,-5],[15,-71],[-51,0],[16,43],[-25,-7]],[[17551,89206],[1,-71],[-113,-80],[-47,-124],[-56,-22],[12,123],[33,63],[170,111]],[[17093,89223],[-21,-116],[-28,113],[31,24],[18,-21]],[[17111,89322],[4,33],[26,-111],[-14,-34],[-61,53],[-7,-18],[-33,21],[6,15],[33,-15],[-10,46],[56,10]],[[16113,89394],[-37,-13],[68,18],[6,-56],[-47,13],[13,-32],[-16,-13],[-33,79],[46,4]],[[17195,89208],[-23,-33],[-29,3],[23,53],[-18,103],[20,104],[24,-69],[3,-161]],[[16989,89324],[-17,-101],[-11,48],[-35,22],[-52,101],[0,61],[115,-131]],[[17195,89394],[-4,32],[50,29],[-34,-139],[-12,78]],[[17121,89394],[10,91],[16,-52],[-18,-85],[-8,46]],[[16780,89566],[9,-23],[-30,-4],[-11,40],[32,-13]],[[16778,89600],[7,-30],[-48,35],[41,-5]],[[16748,89648],[22,-38],[-24,-1],[-27,39],[29,0]],[[16865,89587],[-12,-39],[-59,80],[-6,53],[24,1],[53,-95]],[[16263,89046],[-12,26],[-9,-55],[-34,72],[13,-65],[-14,-2],[-22,64],[-11,-20],[-59,79],[-10,37],[25,13],[-123,105],[-68,99],[14,19],[25,-24],[-12,35],[28,-35],[-6,29],[-49,53],[9,-34],[-25,-31],[-64,100],[3,25],[46,-17],[-7,26],[20,-22],[9,43],[-125,19],[-25,71],[64,-8],[26,18],[16,-6],[60,6],[89,59],[4,-56],[48,-34],[15,-44],[-136,14],[28,-48],[28,39],[70,-32],[4,-45],[-27,-31],[-35,-1],[-40,41],[9,-17],[-30,-22],[37,4],[15,-51],[56,1],[-64,-23],[16,-9],[-12,-25],[37,-8],[36,-80],[-13,-20],[63,-21],[21,-94],[18,4],[2,39],[33,13],[-19,-45],[17,-13],[-35,-7],[39,-51],[-5,26],[38,8],[19,-26],[-32,-25],[57,-5],[-9,-35],[-25,0]],[[17031,89378],[-18,-27],[-23,9],[-61,92],[-2,37],[33,-12],[-18,21],[78,89],[-59,69],[50,-69],[-79,-83],[-27,29],[8,78],[26,24],[5,123],[53,-9],[90,-82],[32,-90],[-18,-253],[-54,-7],[4,100],[32,95],[-6,35],[-1,-40],[-27,4],[-4,-153],[-14,20]],[[16868,89633],[-13,58],[30,83],[23,-19],[13,-115],[-53,-7]],[[16994,89820],[-4,-49],[-64,-5],[-10,27],[51,113],[27,-86]],[[16719,89712],[-9,-47],[-16,17],[-41,-11],[-51,96],[-77,48],[-30,62],[26,11],[-63,23],[4,49],[84,-31],[96,-77],[77,-140]],[[16910,89806],[2,152],[41,40],[65,15],[-14,-87],[-32,5],[-38,-47],[-24,-78]],[[16498,89995],[48,70],[15,-50],[31,-14],[11,-79],[-80,34],[-25,39]],[[16549,90124],[24,13],[116,-111],[105,-155],[-41,-4],[54,-9],[47,-67],[-9,-72],[-22,56],[-10,-25],[-18,10],[10,-55],[-28,-5],[-31,81],[-49,25],[-4,54],[-26,4],[-5,84],[-39,-19],[-9,17],[62,19],[-73,5],[-3,38],[-34,14],[-4,55],[-26,13],[13,34]],[[16484,90180],[-14,-52],[-62,39],[-8,-26],[26,-40],[-31,1],[-3,40],[17,43],[84,69],[63,-79],[-40,-85],[-24,21],[-18,-17],[22,68],[27,9],[-6,20],[-33,-11]],[[15775,89695],[9,17],[-52,17],[57,41],[-73,-6],[18,38],[61,-10],[35,-41],[5,21],[-43,54],[-44,15],[-3,31],[-12,-25],[-17,7],[7,34],[-42,-31],[12,35],[-34,0],[7,28],[-23,-6],[-5,20],[30,0],[3,19],[-40,42],[27,2],[-17,50],[-43,11],[15,19],[-26,50],[35,92],[-11,77],[165,-31],[4,-46],[-32,-65],[84,100],[41,5],[41,-62],[15,-86],[-41,-59],[-139,-54],[17,-37],[18,21],[66,4],[-43,-60],[64,29],[-9,31],[38,-10],[15,27],[-12,47],[39,74],[-35,95],[89,-3],[85,80],[-11,-110],[-57,-120],[-23,-114],[8,-163],[-18,-47],[-105,-43],[51,-8],[-23,-26],[-20,1],[-20,23],[-3,-20],[-40,-13],[-5,25],[-40,14]],[[16557,90265],[-14,22],[14,28],[24,-35],[-24,-15]],[[16415,90265],[-45,28],[5,32],[40,-60]],[[16516,90359],[-14,-9],[-19,46],[33,-37]],[[16516,90359],[25,40],[4,-33],[-29,-7]],[[16380,90418],[20,32],[3,-29],[-23,-3]],[[16386,90571],[-73,-95],[10,105],[58,7],[5,-17]],[[16436,90656],[-8,15],[52,24],[-1,-58],[-43,19]],[[16564,90699],[-11,-50],[-46,-20],[57,70]],[[40627,90704],[-50,-39],[-45,5],[-23,67],[94,35],[-14,-77],[38,9]],[[16490,90686],[-10,26],[93,125],[8,-52],[-38,-73],[-43,-39],[-10,13]],[[39670,91403],[13,-19],[-59,-24],[23,13],[-15,44],[38,-14]],[[39583,91471],[23,-15],[-92,24],[-5,26],[29,-4],[-14,10],[30,41],[52,-51],[-23,-31]],[[39449,91678],[-16,-18],[16,-12],[-61,5],[-67,55],[112,-8],[16,-22]],[[39511,91729],[27,-8],[-162,17],[-2,17],[70,-8],[-68,17],[21,8],[-12,22],[92,-27],[-2,-29],[56,4],[-20,-13]],[[39515,91811],[17,66],[23,-4],[-4,-37],[17,0],[-53,-25]],[[39377,91974],[37,64],[60,-8],[-23,-35],[12,-20],[-37,-3],[-34,-45],[67,1],[-2,-94],[-86,71],[6,69]],[[39383,92331],[-79,-1],[-17,21],[74,56],[10,-34],[-59,-30],[71,-12]],[[39303,92437],[20,-49],[-45,-32],[-30,57],[17,26],[9,-23],[29,21]],[[39287,92549],[33,50],[35,-7],[-9,-30],[23,3],[-30,-48],[-29,44],[-23,-12]],[[39277,92568],[-58,24],[41,51],[37,-41],[-20,-34]],[[36891,93405],[14,-34],[-59,-77],[-19,19],[-16,-22],[19,76],[-22,44],[83,-6]],[[38562,93824],[39,-30],[-59,-32],[-21,28],[25,8],[16,68],[0,-42]],[[23993,98298],[21,45],[-37,-100],[16,55]],[[23936,98322],[37,-18],[-34,-32],[-26,85],[23,-35]],[[24146,98408],[23,-19],[-66,0],[-21,76],[64,-57]],[[23950,98567],[-48,25],[36,-13],[-4,34],[50,25],[-9,-110],[-25,39]],[[23856,98669],[-44,-40],[-24,58],[68,-18]],[[23909,98738],[5,19],[36,-10],[27,-69],[-49,-7],[-12,-44],[-7,111]],[[27467,98777],[22,19],[10,-37],[-60,-34],[-15,43],[43,9]],[[21910,98890],[70,-6],[-123,13],[53,-7]],[[22140,98914],[66,-4],[-119,-9],[53,13]],[[22924,98876],[93,59],[-23,-42],[-70,-17]],[[23934,98932],[-13,-44],[-52,-1],[13,41],[35,18],[17,-14]],[[23649,98910],[0,-30],[-76,38],[-20,39],[50,-25],[38,10],[8,-32]],[[26957,99004],[-5,-55],[-34,47],[39,8]],[[23501,98996],[4,-48],[-68,48],[25,-5],[-4,31],[43,-26]],[[23266,99021],[62,22],[-13,-28],[-115,-28],[66,34]],[[23334,99060],[96,56],[-71,-67],[-25,11]],[[22735,99150],[52,0],[-75,-51],[-18,21],[41,30]],[[26583,99193],[-10,-59],[-38,29],[48,30]],[[23008,99305],[46,-39],[-132,-5],[86,44]],[[23072,99305],[41,0],[-31,-18],[-49,28],[44,7],[-5,-17]],[[25119,99283],[8,-62],[-63,-12],[-143,96],[135,17],[63,-39]],[[26049,99442],[0,-73],[-43,0],[-7,-51],[-169,72],[96,49],[13,37],[110,-34]],[[26544,99463],[-62,-55],[-26,53],[-44,-28],[14,177],[67,-12],[78,-70],[-27,-65]],[[26599,99640],[7,-91],[-59,26],[-19,43],[39,60],[32,-38]],[[26104,99704],[-7,-47],[-44,-16],[26,40],[-28,38],[42,5],[11,-20]],[[14781,99828],[71,7],[21,-51],[-92,44]],[[26286,99888],[-86,-67],[-21,46],[39,21],[-65,35],[13,25],[35,-18],[22,14],[63,-56]],[[27759,99886],[-62,67],[139,-34],[51,25],[9,-137],[-137,79]],[[15326,99948],[-29,5],[43,26],[25,-13],[-39,-18]],[[27962,99850],[-22,39],[33,73],[45,22],[49,-10],[86,-66],[-14,-80],[-40,-34],[-71,5],[30,44],[-35,97],[-41,-138],[-36,9],[16,39]],[[13601,99996],[81,-39],[-89,-36],[-40,32],[-26,-9],[74,52]],[[14779,99948],[21,44],[36,4],[-57,-48]],[[25906,100034],[-28,-34],[-6,41],[34,-7]],[[28205,99500],[-105,-115],[-22,48],[-61,-9],[-21,-76],[-52,4],[-99,-91],[-75,-21],[-193,89],[-19,-45],[-102,11],[-107,79],[-85,25],[-25,-16],[-82,114],[-16,-55],[-37,-12],[-113,53],[15,58],[-50,17],[-17,-29],[-36,8],[28,-35],[-49,-22],[-83,43],[-52,80],[45,68],[56,16],[95,-14],[98,40],[20,62],[33,-15],[48,19],[-67,89],[11,19],[53,-3],[-57,28],[13,41],[60,-11],[115,-84],[-115,108],[29,94],[119,87],[194,-117],[-50,-22],[34,-46],[35,61],[130,-125],[224,-115],[-6,-152],[29,-26],[-1,84],[35,41],[74,-221],[40,5],[26,-34],[92,46],[46,-26]],[[27456,100150],[-7,31],[33,8],[54,-52],[-80,13]],[[22233,100408],[73,-14],[-72,-4],[-1,18]],[[26366,100408],[-17,-35],[-19,43],[36,-8]],[[22637,100416],[93,-8],[-145,-7],[-71,35],[123,-20]],[[21069,100524],[31,-17],[-86,25],[55,-8]],[[21203,100558],[46,-8],[-124,-9],[78,17]],[[21328,100577],[2,-22],[-61,3],[59,19]],[[20939,100571],[59,-13],[-114,-5],[-28,18],[83,0]],[[17220,100627],[51,-30],[-87,-43],[36,73]],[[26496,100519],[-101,39],[-20,81],[76,0],[97,-64],[-66,4],[55,-75],[-41,15]],[[26323,100092],[-31,-90],[-110,4],[-54,148],[-72,-163],[-59,63],[-29,-5],[-36,73],[-37,-14],[-22,55],[-37,-96],[-20,31],[-62,-46],[-30,16],[62,-49],[-8,-79],[-91,-18],[-124,51],[-47,48],[-64,0],[-7,-47],[96,-40],[32,-72],[14,52],[22,-26],[-2,-126],[-61,-50],[8,-53],[113,168],[98,18],[28,42],[61,15],[75,-12],[39,-40],[-33,-40],[-45,-3],[45,-40],[-18,-30],[-39,24],[-4,-31],[44,-29],[54,49],[52,-42],[-17,-124],[-195,-26],[-38,-56],[-76,21],[12,-37],[-84,-26],[-66,28],[-83,-37],[-51,30],[-177,17],[-55,56],[-2,-26],[-58,22],[-49,-49],[-176,20],[-52,37],[44,29],[27,-9],[41,62],[-53,12],[21,-25],[-140,23],[-30,33],[-218,-3],[-69,24],[46,63],[-15,71],[-88,64],[-53,-37],[-3,-41],[-71,-11],[9,-92],[-132,-119],[-202,-53],[-199,4],[-8,-44],[-155,-94],[-198,-53],[-201,-9],[-49,-32],[-64,27],[-137,-45],[-20,10],[58,29],[-184,-20],[71,-17],[-15,-20],[-348,4],[-150,-39],[-165,-5],[-6,30],[70,4],[-99,51],[-106,141],[32,93],[-22,41],[29,9],[-47,94],[50,-2],[-237,58],[-200,-19],[-50,20],[-61,-27],[-261,36],[-219,101],[12,64],[-56,9],[11,-21],[-58,30],[15,39],[-125,64],[-68,146],[28,36],[130,51],[442,75],[483,42],[49,-21],[187,1],[308,-52],[8,28],[41,-10],[88,30],[-41,20],[181,-29],[83,12],[-41,19],[35,12],[-159,27],[-69,81],[-122,9],[-62,32],[-47,-16],[-109,42],[-5,23],[-98,23],[-19,-26],[-143,46],[-64,-30],[-55,12],[-53,-27],[-351,-41],[-56,17],[-103,-17],[-64,38],[-450,-21],[-62,77],[-167,94],[-38,90],[196,93],[299,43],[31,32],[179,46],[168,2],[-150,43],[157,47],[108,-37],[120,46],[-124,-23],[-42,14],[34,17],[-123,6],[-521,-101],[3,41],[-61,32],[4,-81],[-58,19],[-24,-19],[-121,3],[-49,57],[61,43],[114,-6],[-19,19],[56,0],[-99,39],[91,30],[-126,-3],[-43,-41],[-75,-12],[-10,46],[-124,6],[-19,-50],[-68,54],[0,144],[172,176],[149,30],[-15,69],[-122,22],[-9,65],[324,201],[75,75],[158,31],[100,58],[668,203],[106,-30],[102,-123],[-7,-207],[-118,-34],[29,-41],[-118,-51],[19,-25],[62,-6],[78,49],[108,2],[97,40],[-50,-57],[73,45],[-1,42],[-54,16],[71,84],[66,51],[111,8],[546,-176],[-24,-99],[-199,-124],[22,-28],[54,22],[-31,-95],[29,53],[82,34],[-52,-2],[-5,24],[98,56],[30,-5],[-57,-68],[46,11],[70,-54],[-19,77],[38,45],[61,-2],[-16,30],[44,34],[73,-13],[-36,-40],[86,-42],[-67,48],[52,35],[107,-75],[92,-3],[-159,77],[157,-34],[-91,92],[-78,15],[41,9],[-8,24],[119,-35],[22,28],[-92,29],[-68,-15],[8,54],[-100,15],[-75,85],[226,7],[74,-46],[77,-4],[-43,-22],[115,-81],[74,10],[79,-59],[-34,-63],[69,0],[-9,21],[78,-26],[31,-261],[46,0],[20,-133],[50,17],[-34,-51],[41,-80],[-25,-19],[66,-4],[21,-51],[50,-17],[36,17],[-25,62],[44,-17],[35,42],[104,20],[-74,40],[74,20],[-118,68],[-10,73],[-48,9],[-28,97],[48,4],[-51,83],[29,17],[-66,35],[36,4],[0,30],[-46,30],[-47,270],[-48,51],[45,46],[99,-11],[-84,50],[-12,23],[47,5],[-25,25],[142,-16],[196,-94],[-5,68],[71,18],[66,-54],[57,3],[90,-92],[128,-17],[160,-167],[6,-40],[-53,31],[73,-78],[31,-107],[-36,-17],[113,-165],[-20,-75],[215,-296],[20,-82],[13,-75],[-69,-1],[16,-62],[-69,-81],[19,-29],[129,-74],[68,-121],[51,-12],[91,-86],[87,-5],[57,-55],[70,-7],[-66,48],[13,64],[76,-51],[2,-50],[220,-115],[90,-43],[43,26],[65,-18],[-14,-58],[36,-45],[52,40],[45,-24],[37,36],[35,-6],[50,-237]],[[35612,98167],[-19,52],[67,141],[151,48],[52,98],[-59,35],[-46,107],[28,26],[-19,46],[-60,42],[18,64],[-112,91],[-16,191],[-20,-21],[-58,25],[5,22],[-30,8],[-20,-27],[-44,18],[94,64],[-22,13],[-113,-94],[-23,17],[34,17],[-86,29],[-34,40],[69,66],[-26,33],[32,28],[-35,2],[39,26],[-16,16],[-143,27],[100,-110],[-33,-37],[-6,26],[-72,-13],[-55,20],[-108,112],[45,72],[-38,2],[-20,-17],[33,-16],[-58,-10],[-53,22],[99,43],[-6,36],[-113,-19],[66,21],[-66,-4],[61,21],[-54,-8],[27,27],[100,16],[-56,37],[-81,-46],[-21,-73],[-123,81],[-40,-85],[-240,-118],[-99,-10],[-16,53],[46,72],[-37,22],[2,62],[72,28],[144,-31],[59,45],[64,3],[6,93],[-120,86],[-68,26],[-74,-6],[-80,88],[54,70],[86,-24],[9,31],[-146,13],[35,-13],[-62,-65],[-60,16],[21,27],[-55,-23],[-72,31],[135,48],[-35,34],[41,37],[-178,4],[112,62],[-219,-73],[38,4],[26,-25],[-57,-30],[-23,51],[-7,236],[-62,39],[-55,-26],[-47,21],[15,-34],[-85,9],[-44,60],[50,17],[-49,11],[-15,-26],[-54,88],[-49,15],[8,-41],[-69,39],[-2,39],[66,8],[-39,4],[39,27],[55,-31],[-99,82],[-48,-33],[52,-7],[-58,-63],[6,-47],[-63,4],[41,51],[-9,17],[-22,-47],[-35,6],[6,-33],[-33,13],[-29,-31],[47,-37],[40,10],[67,-37],[27,21],[41,-25],[86,-181],[-45,-84],[-210,3],[-83,-22],[-75,84],[-35,-23],[-19,36],[-99,-6],[-61,33],[-153,10],[-20,23],[-228,19],[103,-78],[36,20],[48,-23],[138,-130],[-50,-49],[-216,136],[4,24],[-62,2],[-122,90],[-295,121],[64,-64],[189,-60],[169,-101],[0,-45],[-76,-21],[-20,18],[-37,-55],[-304,140],[-72,4],[-135,-44],[-231,26],[-150,27],[2,55],[-46,-33],[-130,27],[-152,-6],[-18,-31],[81,18],[125,-52],[-183,0],[-162,74],[-93,77],[-13,81],[97,70],[-24,30],[11,-23],[-109,-68],[8,-35],[-81,7],[47,32],[-53,-1],[-24,55],[-91,-50],[79,-12],[12,-53],[-268,26],[56,-29],[-80,-29],[-137,58],[128,-8],[-87,49],[-209,55],[-226,265],[86,34],[-122,82],[109,-10],[34,-28],[161,14],[77,-17],[29,-43],[143,-15],[178,9],[26,38],[93,-8],[-249,90],[-38,84],[-72,-41],[-576,75],[-64,80],[-13,88],[82,105],[-107,103],[42,89],[138,57],[-108,17],[0,159],[38,-12],[-33,16],[51,107],[49,-3],[39,33],[-36,78],[100,-22],[-45,46],[38,56],[-21,37],[49,21],[-33,24],[55,84],[87,19],[-55,22],[63,34],[81,-12],[-75,38],[282,193],[187,69],[291,56],[439,-17],[134,-52],[-397,-277],[-235,-358],[19,-53],[138,-113],[-61,-212],[107,-209],[209,-175],[179,-54],[41,-89],[-118,8],[-24,-31],[-63,-3],[16,-30],[-180,-10],[-120,-78],[-172,-41],[179,10],[172,89],[95,17],[100,-22],[70,35],[38,-23],[-7,-55],[-34,22],[-55,-13],[62,-5],[-3,-97],[57,3],[13,24],[-14,130],[45,31],[-44,40],[12,75],[78,41],[-32,121],[-82,6],[-7,-27],[-122,23],[-108,77],[48,14],[-39,55],[-155,51],[-10,19],[30,-19],[-9,30],[89,-13],[-7,26],[81,17],[-15,30],[48,4],[-36,26],[10,57],[205,-29],[196,-122],[22,-54],[14,54],[-71,68],[-78,22],[-26,47],[-83,30],[42,41],[127,15],[-144,-9],[28,59],[-117,-67],[5,21],[-132,47],[-35,52],[48,21],[-77,37],[8,160],[37,49],[84,-6],[454,-128],[-378,142],[-9,30],[-139,-4],[39,72],[70,-51],[27,-5],[-17,61],[239,-54],[199,-17],[74,-32],[-52,39],[-454,101],[15,71],[105,43],[151,-100],[-104,103],[158,52],[133,-26],[59,-85],[-20,97],[-114,31],[122,56],[159,45],[35,-11],[75,55],[434,-13],[99,-110],[14,-173],[189,-65],[-7,-146],[131,-119],[-378,-309],[281,170],[9,-84],[-80,-45],[-28,-62],[-45,-4],[135,-76],[-153,7],[-21,-26],[82,1],[14,-23],[-62,-81],[74,31],[1,29],[121,42],[-29,81],[82,19],[-2,56],[79,-73],[110,-35],[-164,125],[98,64],[18,48],[75,-103],[-58,-75],[74,34],[32,-50],[-32,60],[71,69],[125,-74],[-27,-132],[-64,-61],[242,-63],[-137,87],[28,99],[109,-45],[98,-173],[100,-33],[-130,91],[48,35],[135,-138],[17,38],[-64,19],[-78,84],[-57,0],[-44,89],[-149,70],[42,34],[-18,33],[89,5],[36,-104],[6,93],[239,-70],[10,-73],[24,52],[97,4],[100,-35],[-91,39],[-92,2],[-328,142],[35,105],[275,102],[237,-8],[79,-66],[160,-30],[22,-69],[55,70],[246,-59],[86,-151],[-30,-33],[-83,-50],[-119,13],[-130,-35],[-128,-143],[136,124],[116,41],[138,-26],[-1,-20],[-113,-29],[-73,-154],[-98,-39],[77,7],[65,68],[40,105],[118,25],[44,66],[273,-31],[42,-70],[-45,-91],[-99,6],[-53,-58],[-228,-40],[103,17],[48,-26],[-151,-89],[226,114],[25,-20],[-55,-72],[-71,-7],[-38,-32],[96,20],[-28,-42],[61,-10],[14,-29],[-124,-132],[148,129],[-37,78],[73,93],[138,47],[-47,-81],[35,-44],[-24,52],[73,83],[92,15],[11,-34],[22,31],[4,-25],[-89,-73],[-40,-97],[-107,-29],[96,17],[-71,-150],[80,77],[46,131],[59,36],[41,-21],[-25,-124],[59,51],[28,-35],[-94,-75],[-18,-92],[-55,-42],[62,21],[84,163],[42,-4],[88,-44],[-75,-29],[-5,-78],[-54,-42],[25,-31],[70,153],[57,17],[1,96],[79,18],[-27,47],[66,22],[30,74],[334,-100],[142,-147],[-117,-128],[-130,30],[-62,-18],[-103,-129],[-140,-38],[158,35],[45,-21],[-66,-95],[-86,-35],[18,-12],[80,38],[39,56],[207,69],[138,-11],[-38,32],[29,62],[113,64],[80,-25],[33,-97],[-94,-119],[-87,-30],[-49,-59],[-121,20],[-57,-103],[-73,-18],[79,3],[-31,-82],[103,178],[115,-27],[-35,-166],[-89,-154],[98,124],[87,257],[369,157],[33,-22],[-60,-71],[-164,-63],[-8,-98],[55,16],[-28,70],[113,12],[4,-24],[20,36],[66,41],[34,-21],[69,66],[90,-7],[35,-36],[245,-86],[27,-42],[-60,-91],[-44,59],[-42,-91],[-250,-46],[-228,-127],[1,-18],[67,27],[45,-42],[-109,-14],[-110,-78],[140,74],[98,6],[-14,59],[39,45],[158,33],[57,-15],[-21,32],[140,-11],[-37,-101],[-110,-41],[-107,-96],[-115,7],[-73,-129],[87,111],[118,-13],[96,86],[58,22],[93,-8],[28,69],[76,10],[48,36],[-52,39],[90,86],[90,-39],[194,-198],[36,-137],[-77,-8],[-133,41],[-88,-4],[-112,-89],[-126,8],[-177,-70],[-149,23],[-104,-22],[45,-18],[75,27],[123,-26],[234,51],[193,-80],[259,1],[185,-125],[6,-41],[-43,-41],[-65,27],[-60,5],[-18,-23],[-48,28],[-51,-20],[-56,10],[-173,84],[-271,30],[-65,-36],[-9,-23],[94,47],[244,-35],[46,-40],[-294,2],[152,-14],[-65,-38],[-122,-17],[48,-5],[-31,-86],[52,78],[163,55],[222,-98],[-98,-32],[-80,21],[-103,-14],[170,-22],[13,-58],[-164,27],[207,-55],[17,-24],[-236,48],[-27,-7],[39,-26],[-42,-7],[-248,60],[-11,-14],[82,-17],[-77,-9],[131,-9],[5,-38],[142,7],[166,-42],[-41,-8],[22,-27],[-179,22],[-87,-38],[91,21],[50,-24],[-93,-18],[100,-5],[27,23],[125,-45],[23,20],[-8,-101],[33,95],[65,9],[57,-22],[-46,-23],[8,-69],[19,68],[58,-11],[15,17],[19,-29],[10,22],[17,-39],[-50,-9],[72,0],[-1,43],[46,-24],[109,-2],[-77,-12],[-43,-38],[-126,23],[-130,-38],[-25,-43],[113,48],[-56,-64],[39,6],[58,64],[23,-19],[39,23],[62,-21],[-69,-19],[-48,-90],[-73,9],[74,-24],[29,71],[76,33],[92,-29],[-61,-133],[93,68],[-15,-98],[52,100],[89,-12],[-55,-32],[77,4],[21,-43],[-48,-26],[-28,-66],[-111,6],[108,-27],[11,-34],[36,112],[108,51],[9,77],[25,-52],[-59,-76],[29,-38],[-23,-165],[18,114],[63,50],[-13,48],[119,15],[-54,-131],[84,-120],[-7,76],[-56,46],[44,76],[131,90],[91,-36],[-3,-22],[-102,-19],[41,-13],[-34,-39],[-21,9],[-14,-44],[37,22],[9,-24],[-51,-36],[-10,-57],[94,94],[32,-7],[-3,-56],[22,82],[85,-11],[16,-28],[26,6],[-6,-35],[-82,-31],[89,21],[21,22],[35,-51],[-26,-18],[69,-4],[12,-51],[-69,-43],[-65,8],[39,-17],[110,0],[-3,-77],[32,-15],[-296,28],[189,-35],[-180,-61],[269,48],[-19,-39],[-196,-46],[-30,-82],[68,81],[177,31],[25,34],[127,-1],[14,-45],[-91,-76],[-11,-54],[11,43],[99,58],[48,115],[31,-4],[-30,-32],[35,16],[8,40],[54,-31],[8,-41],[-101,-70],[15,-86],[-105,-42],[-21,-48],[-68,-8],[97,1],[28,58],[5,-127],[26,114],[161,49],[-12,-207],[50,94],[1,97],[64,-3],[81,-132],[-37,126],[47,11],[4,63],[60,8],[29,-14],[-34,-74],[29,-4],[37,40],[20,-25],[31,9],[-14,-36],[-45,7],[-23,-21],[131,0],[-41,-25],[74,-17],[77,-94],[2,-31],[-56,-36],[-54,6],[-45,56],[-88,33],[-63,-42],[122,-2],[80,-94],[-136,-41],[142,4],[34,-30],[-34,-17],[-123,-34],[-49,25],[-38,-8],[-19,56],[-124,21],[6,-20],[-28,-5],[64,5],[60,-66],[-115,-52],[-76,73],[64,-87],[54,19],[70,-42],[63,-4],[-5,-32],[48,-17],[-35,-13],[53,-22],[-121,-25],[-31,27],[-124,9],[-46,71],[-47,-17],[45,0],[35,-64],[131,-27],[14,-29],[-23,-4],[32,-9],[23,-56],[-117,-7],[-76,61],[15,-41],[85,-50],[-10,-25],[-82,28],[83,-58],[-20,-54],[-6,31],[-18,-29],[-30,11],[-37,94],[-9,-107],[-18,29],[-61,-1],[-104,189],[54,-165],[-125,4],[118,-28],[0,-60],[-37,-6],[-43,43],[-4,-30],[109,-73],[-121,21],[89,-43],[-45,-8],[61,-52],[-34,-4],[34,-24],[-38,-10],[47,-20],[-68,-10],[59,-30],[-32,-26],[23,-22],[-32,-4],[25,-13],[-27,-4],[-22,-86],[-40,13],[15,53],[-48,-23],[-23,13],[56,34],[-71,2],[20,88],[-53,-53],[-35,12],[-12,-42],[-29,36],[-27,-4],[66,60],[-49,0],[-34,-30],[-15,17],[12,73],[-23,-5],[57,91],[-70,-71],[-37,-142],[-28,19],[8,43],[-37,-20],[27,59],[-29,14],[-32,-21],[-26,41],[76,22],[-78,0],[103,55],[49,-6],[17,37],[-33,-25],[-45,19],[-122,-64],[-53,74],[80,26],[45,34],[-12,35],[39,13],[-47,1],[-46,-71],[-63,-1],[-5,36],[-39,-30],[-9,17],[13,29],[61,6],[9,25],[99,31],[-91,-9],[-39,-36],[-90,14],[23,68],[-40,-20],[56,104],[133,54],[66,-21],[-39,39],[46,118],[121,79],[-119,-43],[-84,-129],[-108,-21],[-35,-38],[-168,-18],[-20,62],[106,75],[54,138],[-68,-126],[-110,-46],[-45,14],[-36,52],[36,42],[-44,-30],[-47,24],[11,-46],[-44,7],[16,83],[-34,13],[44,27],[-57,-27],[-50,8],[29,47],[-36,-11],[-25,63],[45,31],[-111,34],[59,-48],[-94,-26],[28,-10],[-16,-16],[-67,67],[-40,-12],[-26,31],[-4,-34],[-30,18],[-38,-18],[152,-27],[48,-54],[-4,-45],[-85,40],[88,-81],[-84,-4],[-77,94],[-57,7],[-19,40],[-44,-8],[76,-90],[3,-69],[196,-133],[-50,-26],[42,-53],[-74,19],[-21,-33],[-47,8],[-43,37],[13,-42],[-72,3],[-37,61],[20,52],[-81,39],[-19,51],[-42,-26],[-38,73],[6,-56],[-118,-13],[122,0],[74,-70],[21,29],[57,-32],[-18,-60],[-14,29],[-29,-12],[31,-26],[-77,46],[52,-54],[-41,5],[1,-30],[55,12],[-15,-43],[37,-19],[-41,-23],[66,-10],[64,22],[-48,-47],[30,-60],[-41,-7],[25,-19],[-48,-21],[36,-5],[-27,-47],[99,95],[83,5],[17,21],[54,-22],[-23,-43],[27,-26],[-39,5],[17,-22],[-44,-4],[41,-32],[84,11],[8,-27],[-19,-34],[-100,-12],[98,-22],[3,-71],[40,-1],[19,25],[-8,-82],[-49,-30],[67,6],[60,71],[-29,-77],[-35,-8],[22,-8],[31,20],[5,-63],[-30,-14],[36,-17],[7,-94],[23,8],[-16,165],[48,-20],[1,-34],[18,17],[1,-31],[44,6],[9,-45],[25,20],[32,-22],[-14,-56],[-50,-4],[43,-9],[-2,-43],[66,104],[-7,-87],[28,30],[49,-81],[-48,155],[43,-2],[16,-49],[20,25],[2,-95],[21,51],[29,-38],[-9,-40],[-55,-37],[15,-62],[71,-9],[47,33],[-19,-52],[25,26],[20,-10],[21,44],[-9,-34],[41,17],[-20,-22],[28,4],[6,-23],[-64,-41],[29,-23],[-16,-29],[-100,18],[-43,-18],[73,3],[-44,-32],[102,-22],[-45,-43],[48,17],[46,-43],[-27,-21],[47,-4],[-53,-26],[97,-9],[-14,-25],[90,45],[18,-34],[-117,-102],[156,-100],[-22,-41],[27,-113],[-43,-3],[38,-26],[4,-39],[-39,5],[48,-21],[-18,-21],[-35,-10],[-25,26],[-75,221],[-77,100],[-43,12],[105,-131],[-37,-34],[13,-60],[-30,-14],[34,5],[-24,-22],[58,-27],[15,-76],[-53,49],[11,-42],[-41,24],[57,-38],[-4,-17],[-28,12],[5,-26],[66,-5],[-12,-16],[49,-27],[-39,-4],[34,-25],[-2,-43],[-25,-9],[73,-38],[-86,-27],[-81,82],[3,-47],[-50,51],[114,-227],[-80,-47],[-32,81],[-30,-8],[37,60],[-44,4],[41,30],[-29,13],[4,39],[-24,-56],[-68,-2],[-20,54],[-29,8],[13,79],[-38,-77],[13,-34],[-58,40],[42,60],[-64,-29],[-8,40],[-22,-10],[-55,64],[60,-116],[-98,30],[-40,49],[-15,86],[-42,42],[12,59],[-28,-52],[45,-51],[14,-82],[-41,13],[44,-66],[-41,20],[-31,39],[-13,115],[-9,-77],[-62,55],[15,98],[-12,-67],[-58,21],[-5,-21],[-67,111],[-6,-32],[-27,18],[-56,134],[-39,-8],[-46,77],[76,-249],[-147,150],[-2,-17],[-29,9],[-19,64],[1,-39],[-81,69],[-73,21],[8,-30],[-89,18],[59,-78],[-16,-17],[103,-100],[36,-3],[-16,-14],[93,-113],[-5,-27],[104,-35],[-23,-42],[30,26],[94,-13],[-63,-52],[9,-35],[37,52],[42,2],[9,-23],[-46,-24],[-3,-32],[30,34],[48,4],[2,-30],[57,-26],[-41,-21],[57,13],[-16,-39],[41,9],[0,-43],[27,9],[9,-23],[-13,-29],[48,4],[-32,-25],[82,16],[-5,-29],[35,4],[-17,-9],[37,-8],[43,-70],[-11,-51],[51,18],[7,-45],[-45,-27],[43,-42],[-6,39],[39,-7],[7,18],[23,-64],[-37,12],[69,-24],[13,14],[30,-29],[-41,-37],[4,-44],[-55,26],[34,-46],[-13,-19],[51,-32],[6,-47],[-145,-6],[-79,29],[10,26],[-44,30],[-120,15],[-43,41],[-27,-18],[-7,42],[-404,68],[-95,82],[-63,0],[-56,40],[-39,61],[7,54],[-28,-59],[-27,60],[4,-47],[-48,71],[39,7],[14,21],[-46,4],[60,30],[-79,15],[-24,-28],[7,22],[-52,30],[24,-60],[-59,43],[-43,-34],[-57,4],[-84,71],[-112,19],[-23,13],[43,8],[-91,17],[34,9],[-2,38],[-71,-25],[112,86],[-37,-9],[3,35],[-35,-58],[-43,12],[-19,-56],[-62,29],[-2,43],[-17,-12],[-84,46],[18,13],[-34,21],[37,20],[-40,-3],[-4,97],[-52,-13],[-16,24],[-10,-22],[-42,32],[176,-13],[129,110],[-21,10],[-38,-31],[-5,42],[-7,-30],[-41,-5],[-4,25],[29,6],[-32,15],[16,36],[-37,5],[-3,-39],[-14,60],[-19,-38],[-7,33],[-49,47],[-28,-41],[54,4],[-28,-66],[-8,42],[-29,-33],[-8,39],[-22,-5],[-23,35],[-5,-64],[-34,0],[-16,52],[39,4],[9,64],[43,26],[-39,-7],[-11,37],[-5,-47],[-18,13],[-32,-48],[10,-29],[-45,5],[17,20],[-46,28],[-22,-6],[25,107],[-26,-6],[2,41],[-17,-74],[-73,56],[9,69],[-57,11],[-9,62],[-46,34],[-13,-47],[-35,13],[18,62],[22,-6],[-72,21],[18,31],[34,1],[-30,14],[83,70],[-2,16],[-32,-12],[-11,44],[-4,-80],[-50,-19],[13,59],[-52,-4],[-21,44],[0,-57],[-35,-21],[-57,42],[46,-81],[-59,0],[-12,-94],[-55,18],[28,39],[-32,28],[44,-12],[-28,60],[57,-17],[-71,34],[55,8],[-27,37],[12,53],[-18,17],[-5,-42],[-32,-4],[-10,-61],[-22,65],[-10,-34],[-27,22],[17,-56],[-19,34],[-38,-3],[-56,71],[52,68],[22,-7],[-19,38],[-34,4],[2,-25],[-34,-4],[4,-54],[-30,23],[-10,-17],[-46,13],[173,-150],[-59,-17],[31,-7],[-21,-12],[37,-27],[-58,-53],[-97,25],[-62,48],[-21,-38],[-46,49],[-153,69],[1,-57],[61,-44],[-30,7],[4,-19],[-70,29],[62,-72],[-71,3],[-2,19],[-71,-33],[-62,5],[55,-39],[-43,-13],[-48,28],[27,-23],[-25,-11],[-85,22],[8,-71],[-148,68],[-73,-37],[-33,34],[15,20],[-46,-8],[18,22],[-55,25],[-8,-42],[-64,34],[12,30],[-58,2],[13,23],[-70,72],[9,75],[-48,4],[39,12],[36,57],[-16,99],[164,109],[105,32],[-67,79],[19,37],[55,-2],[-33,57],[51,1],[49,-37],[138,-3],[292,-112],[19,-45],[100,-59],[5,-58],[-81,-17],[29,-55],[40,-9],[-25,-39],[52,-37],[29,18],[-18,109],[-37,-30],[-38,4],[60,62],[43,-16],[21,93],[-54,-61],[-67,101],[-52,14],[-10,28],[-53,15],[-13,39],[77,-9],[32,22],[24,-42],[111,-14],[43,31],[-7,58],[107,-6],[23,33],[18,-55],[37,-11],[144,127],[44,-19],[70,12],[34,-41],[66,0],[-81,197],[-98,51],[-153,183],[338,252],[37,68],[132,47]],[[21515,102410],[-143,-95],[-234,-60],[-900,-395],[-47,-163],[-44,-32],[-123,-60],[-149,24],[32,-83],[-92,-103],[17,-171],[-84,-125],[-262,-70],[-61,13],[13,32],[-44,10],[-141,-123],[-168,-61],[-56,-54],[-101,-2],[-51,29],[-228,327],[-437,189],[98,7],[-306,-1],[46,38],[-4,77],[61,17],[-37,35],[63,29],[18,87],[161,96],[-50,41],[52,43],[-55,103],[53,-7],[159,48],[-128,98],[72,50],[70,162],[121,70],[-2,70],[100,71],[-36,46],[-110,25],[-110,242],[-50,7],[30,23],[-50,22],[709,72],[347,58],[149,-29],[54,-55],[271,-89],[212,-30],[-48,-4],[-52,-76],[18,-43],[95,120],[111,-11],[25,-74],[-40,-62],[79,16],[49,52],[-26,49],[53,26],[219,38],[216,-30],[497,-315],[101,-39],[98,-100]],[[18839,86918],[-30,-4],[-1,-33],[-23,12],[-21,136],[75,-111]],[[18744,87081],[-14,47],[50,-83],[76,-67],[-26,2],[-86,101]],[[18722,87160],[8,-14],[-27,-3],[-31,36],[50,-19]],[[17980,87185],[-4,-30],[-16,4],[-4,33],[24,-7]],[[17936,87257],[5,-37],[-52,13],[-2,64],[33,11],[16,-51]],[[18852,87293],[-32,-20],[33,50],[-1,-30]],[[18552,87372],[15,-32],[-64,37],[49,-5]],[[18811,87339],[0,39],[30,20],[13,-49],[-43,-10]],[[18427,87392],[-19,-23],[-13,17],[7,18],[25,-12]],[[18393,87371],[-39,27],[0,39],[39,-66]],[[18593,87484],[-18,-11],[-14,28],[61,48],[-29,-65]],[[18408,87527],[11,35],[94,-61],[75,-128],[-105,70],[-11,37],[-64,47]],[[17745,87553],[13,-98],[-20,-25],[-98,91],[39,27],[-44,22],[73,43],[26,-16],[11,-44]],[[17551,87700],[-11,-28],[-15,14],[11,23],[15,-9]],[[18287,87776],[9,56],[37,-103],[-32,-34],[-25,63],[11,18]],[[18230,87712],[-43,71],[-5,67],[18,18],[41,-53],[-20,-53],[21,-80],[-12,30]],[[18333,87807],[-25,35],[16,34],[34,-18],[0,-39],[20,-28],[-26,-31],[-12,30],[13,12],[-20,5]],[[18362,87829],[26,48],[25,-50],[-25,-39],[0,81],[-11,-46],[-15,6]],[[18185,87875],[-23,19],[30,11],[9,55],[38,-29],[41,-108],[-28,-57],[-1,66],[-25,56],[-41,-13]],[[18129,87945],[-93,-10],[78,29],[15,-19]],[[18174,87975],[13,-17],[-21,-42],[-51,7],[59,52]],[[18047,87950],[-72,10],[53,24],[19,-34]],[[17785,88052],[-26,-20],[-18,23],[44,-3]],[[17852,88064],[34,-29],[-71,-24],[-59,10],[96,43]],[[17829,88080],[14,-6],[-21,-19],[-44,9],[51,16]],[[17678,88090],[7,-14],[-104,11],[14,19],[83,-16]],[[17758,88107],[63,77],[46,21],[37,-49],[-36,-60],[-110,11]],[[17704,88171],[-41,34],[37,-13],[50,26],[27,-30],[-73,-17]],[[18855,86744],[6,-51],[-18,-9],[-27,28],[-37,-83],[-35,1],[-261,133],[12,24],[-28,-15],[-59,20],[-143,99],[-30,44],[112,137],[23,83],[-10,59],[-33,-150],[-80,-5],[-31,-27],[-31,10],[25,31],[-25,13],[-45,-78],[-45,28],[-89,80],[60,27],[26,46],[-44,-37],[2,75],[-20,-9],[9,73],[-23,-64],[-38,-21],[-24,25],[26,29],[13,74],[-34,-72],[-21,38],[7,39],[-43,-26],[-23,29],[-11,-55],[-48,69],[-18,-56],[-29,19],[8,114],[32,25],[105,9],[10,21],[-72,-22],[-43,16],[-11,13],[25,52],[-19,9],[-8,-46],[-27,-8],[-25,120],[-26,-10],[-39,57],[14,-28],[-13,-25],[-17,2],[-9,51],[-6,-67],[-68,0],[-32,60],[47,119],[-31,-35],[-32,35],[1,-56],[-27,-19],[-34,36],[16,26],[-23,0],[20,30],[-12,5],[-50,-43],[1,42],[-13,-4],[-49,-60],[-34,19],[51,81],[-35,24],[14,26],[-53,12],[14,75],[111,15],[48,-68],[-38,90],[48,52],[-43,-21],[-110,38],[95,-55],[-119,-41],[-33,12],[-4,-28],[-86,99],[-6,23],[20,14],[-32,8],[-14,56],[113,62],[64,-2],[122,-55],[14,-50],[23,30],[19,-43],[164,-75],[-3,-18],[33,9],[57,-40],[133,-7],[79,-47],[160,-35],[99,-259],[99,-125],[2,-30],[-34,-6],[61,-122],[83,-60],[128,-42],[17,-19],[-19,-16],[70,-16],[8,-53],[34,-9],[24,-55],[-3,-34],[-23,8],[85,-112],[2,-47],[-26,4],[41,-47],[-2,-86],[32,69],[-11,21],[18,4],[32,-122]],[[17350,88264],[-10,-20],[-36,16],[46,4]],[[17450,88369],[1,-24],[-17,0],[16,24]],[[16074,89466],[-21,-19],[-31,18],[52,1]],[[15891,89562],[-24,-18],[-27,24],[51,-6]],[[15642,90345],[-7,-35],[-27,26],[34,9]],[[38430,94158],[17,-29],[-65,43],[-43,11],[-37,58],[73,17],[37,-73],[36,13],[-18,-40]],[[37298,94260],[11,-50],[-42,-79],[-116,-58],[-32,8],[59,235],[80,0],[40,-56]],[[33850,94472],[-32,-39],[21,0],[-139,-36],[26,39],[124,36]],[[38309,94796],[-45,-2],[18,34],[-51,10],[-4,24],[-127,83],[6,42],[135,26],[109,-22],[-25,-25],[47,-12],[-24,-34],[15,-34],[-54,-90]],[[38022,95072],[4,-26],[-85,31],[52,45],[29,-50]],[[28933,95150],[20,-17],[-31,-38],[-52,33],[7,27],[56,-5]],[[38176,95152],[42,15],[32,-55],[13,25],[10,-47],[19,7],[20,-37],[-14,-24],[-91,31],[-31,85]],[[29184,95457],[43,-7],[-71,-21],[25,17],[-32,0],[9,14],[26,-3]],[[33505,95371],[-15,-176],[-20,8],[-84,-214],[-65,-54],[-142,177],[16,176],[127,171],[43,-21],[54,26],[86,-93]],[[29082,95455],[16,18],[42,-14],[-58,-4]],[[38462,95532],[7,-17],[-41,-9],[29,-13],[-66,-59],[-119,41],[7,33],[46,3],[-25,21],[22,26],[140,-26]],[[33980,95570],[-2,-23],[-84,15],[86,8]],[[34024,95570],[34,0],[-61,-25],[-10,34],[37,-9]],[[38267,95536],[-58,13],[75,33],[25,-15],[-42,-31]],[[29410,95610],[6,-17],[-38,29],[32,-12]],[[29562,95631],[50,-13],[-95,17],[45,-4]],[[35257,95622],[17,-38],[-51,-5],[-178,73],[41,22],[51,-43],[120,-9]],[[36513,95588],[15,-31],[-56,-25],[-121,17],[-66,120],[50,16],[-127,20],[40,16],[-66,36],[148,-28],[99,-47],[84,-94]],[[32537,95820],[110,-39],[-32,-142],[-129,-84],[-26,-57],[-214,-179],[-23,-6],[-48,47],[-141,-68],[-7,89],[-71,109],[124,139],[10,79],[39,53],[44,24],[75,-56],[107,61],[106,-7],[76,37]],[[29733,96129],[-27,-22],[-18,34],[45,-12]],[[34085,96009],[-7,-65],[-127,-61],[-196,190],[4,59],[26,22],[20,-41],[64,24],[114,-13],[6,-25],[48,4],[48,-94]],[[29715,96155],[-46,-14],[-52,35],[98,-21]],[[29453,96215],[54,-31],[-51,-6],[-29,30],[26,7]],[[38560,96038],[9,-38],[-66,33],[-55,91],[-25,91],[34,38],[34,-150],[69,-65]],[[34368,96133],[47,-13],[-52,-60],[-93,23],[-151,118],[34,22],[-37,19],[26,26],[82,-11],[137,-73],[30,-29],[-23,-22]],[[35770,96270],[-42,-37],[-61,11],[103,26]],[[28949,96395],[2,-19],[-41,23],[39,-4]],[[38293,96326],[25,56],[21,-35],[7,47],[56,3],[-15,-41],[34,0],[-36,-34],[37,-23],[26,19],[7,-59],[-23,-4],[-77,66],[-62,5]],[[33940,96433],[23,37],[120,2],[-64,-60],[-79,21]],[[32777,96575],[-22,19],[47,4],[-25,-23]],[[35503,96592],[34,-9],[-64,-34],[9,56],[21,-13]],[[35419,96770],[4,-83],[-31,-36],[-21,74],[31,9],[0,29],[-35,20],[50,26],[2,-39]],[[38074,96798],[32,-8],[-77,-13],[90,141],[6,-54],[34,54],[-7,-46],[32,-22],[-110,-52]],[[39168,97550],[-13,-22],[57,-22],[-27,-43],[-20,34],[-17,-31],[2,31],[-52,0],[0,53],[70,0]],[[32101,97588],[-14,39],[84,-16],[-70,-23]],[[33205,96309],[-94,-25],[-150,-124],[-23,-46],[-46,5],[-316,143],[-81,-21],[-54,16],[-23,46],[58,44],[1,53],[-54,38],[-183,-10],[-18,31],[58,81],[-40,34],[-40,-43],[-102,-1],[-58,-67],[27,-52],[-10,-100],[-50,-1],[-101,-100],[-65,11],[-102,-195],[-227,-120],[-79,3],[-41,72],[14,231],[-41,101],[-35,-43],[-155,-37],[-115,11],[-57,-56],[-107,-7],[-28,83],[85,126],[253,129],[-57,129],[-18,180],[82,146],[-19,109],[30,69],[-4,177],[70,230],[133,99],[26,-25],[-9,-53],[40,27],[56,-19],[49,-122],[-87,-46],[102,-79],[30,-126],[43,17],[78,153],[63,-63],[68,-24],[-23,-49],[54,-43],[213,-34],[73,-124],[108,-42],[46,-57],[69,-28],[57,15],[49,-48],[40,-3],[109,-110],[-1,-127],[62,-77],[-13,-39],[-111,-38],[-10,-40],[178,24],[19,40],[156,-67],[-17,47],[10,38],[20,-5],[123,-95],[8,-33],[-69,0],[10,-15],[156,-49],[7,-30]],[[31602,97712],[48,-26],[89,-175],[5,-32],[-46,-50],[-133,129],[-22,142],[26,25],[33,-13]],[[31778,97764],[5,35],[123,-51],[22,14],[7,-32],[103,-69],[-31,-71],[84,-62],[98,5],[-21,-55],[-22,-10],[-85,29],[13,26],[-22,-10],[9,-24],[-72,0],[51,61],[-48,4],[15,23],[-58,-32],[-61,16],[6,88],[-116,115]],[[32177,97901],[4,24],[35,-39],[84,-11],[-58,-44],[-71,44],[6,26]],[[39118,98451],[-112,-106],[-52,28],[96,52],[-9,20],[77,6]],[[38749,98537],[53,-18],[-34,-16],[-124,12],[67,42],[13,-29],[25,9]],[[38669,98661],[-86,-6],[15,87],[71,-81]],[[35476,98859],[-17,-39],[-331,1],[-79,49],[-43,67],[5,63],[97,4],[42,69],[41,-28],[-14,-45],[155,-43],[114,-1],[30,-97]],[[37825,99129],[37,-5],[-29,-63],[-127,23],[119,45]],[[31078,99142],[56,-52],[12,-170],[-75,-130],[-96,59],[-22,64],[35,61],[-46,39],[79,127],[57,2]],[[34918,99068],[-42,-137],[44,-210],[-67,-117],[-53,-46],[-166,-63],[-364,-9],[-89,132],[-24,159],[197,335],[143,58],[73,-24],[56,30],[258,-68],[34,-40]],[[33629,99163],[26,-45],[-71,-54],[-46,35],[2,69],[78,13],[11,-18]],[[32574,99152],[-82,45],[109,-17],[-27,-28]],[[35139,99204],[17,50],[78,-79],[-30,-60],[-65,89]],[[33727,99277],[-56,-38],[-62,18],[100,69],[-72,47],[140,-25],[-14,-46],[-50,11],[-22,-25],[36,-11]],[[34981,99322],[-16,30],[33,31],[92,-70],[-109,9]],[[34983,99223],[9,-60],[-61,8],[-13,38],[-125,78],[57,127],[83,-35],[72,-115],[-42,-32],[20,-9]],[[37256,99442],[114,-43],[-263,68],[149,-25]],[[29879,99661],[15,-43],[-42,60],[27,-17]],[[29774,99738],[-31,-26],[-10,35],[-22,-17],[7,80],[-37,-50],[39,65],[54,-87]],[[33572,99510],[-49,-29],[-56,20],[-9,40],[66,92],[89,22],[64,92],[48,4],[-30,49],[132,29],[33,-59],[-42,-54],[-38,14],[-130,-201],[-78,-19]],[[29856,99773],[-25,-37],[-60,80],[68,43],[21,-26],[12,34],[19,-47],[-35,-47]],[[34366,99844],[6,-63],[-89,-64],[14,-65],[-30,25],[-56,-17],[-69,67],[13,120],[71,20],[46,-25],[94,2]],[[37443,99957],[45,-21],[-82,-22],[16,-17],[-82,17],[78,52],[25,-9]],[[37288,99921],[-132,36],[77,49],[82,-6],[-48,21],[27,11],[56,-41],[-62,-70]],[[33800,99991],[6,37],[40,-29],[-5,48],[32,13],[78,-69],[-192,-101],[-45,15],[-68,-32],[97,118],[57,0]],[[33276,99983],[-36,2],[47,-63],[-20,-22],[-78,25],[-2,54],[-32,-43],[-54,68],[-106,17],[32,39],[75,-18],[30,-36],[-15,82],[81,0],[18,-49],[127,19],[26,41],[79,-11],[42,-58],[-68,-47],[-129,-18],[-17,18]],[[31990,100056],[-6,51],[109,-25],[-58,-14],[0,-29],[-45,17]],[[29323,100125],[71,0],[-67,-22],[-4,22]],[[29453,100073],[-31,-30],[-60,43],[103,55],[-12,-68]],[[30909,100206],[-98,73],[94,13],[-6,21],[104,-43],[68,13],[46,-60],[-105,-28],[-77,28],[-26,-17]],[[36091,100850],[55,-6],[-21,-57],[-228,-66],[-45,77],[53,-2],[19,76],[50,16],[117,-38]],[[35610,101163],[46,-43],[-69,-23],[-10,-72],[-71,42],[-37,96],[69,35],[23,-13],[-13,-83],[62,61]],[[35682,101253],[26,-38],[-35,-45],[-93,36],[39,43],[63,4]],[[28167,101369],[3,-65],[-40,-6],[26,37],[-30,21],[41,13]],[[28021,102013],[6,-45],[-35,36],[29,9]],[[27638,101927],[-32,26],[96,74],[25,-74],[-34,-34],[-55,8]],[[27587,102178],[72,35],[43,-20],[-11,-30],[36,17],[25,-65],[-69,-67],[-63,-1],[-43,40],[10,91]],[[23922,102461],[80,27],[89,-20],[-137,-34],[-32,27]],[[25056,102486],[60,-39],[-24,-147],[-148,-200],[-71,-48],[-43,8],[52,-51],[-27,-11],[-203,195],[-71,22],[-4,60],[-129,76],[-177,44],[146,142],[406,37],[92,-16],[141,-72]],[[32966,102472],[13,90],[139,14],[106,-47],[35,22],[190,-62],[436,21],[237,-68],[89,-47],[40,-79],[108,-22],[27,-96],[130,-48],[-30,-77],[72,-18],[-3,-59],[-64,-19],[-616,51],[-335,-90],[-130,3],[-144,70],[-58,109],[4,118],[-202,28],[-30,25],[3,98],[51,6],[-68,77]],[[27837,101758],[-46,-62],[-68,-31],[-71,5],[114,-52],[11,-94],[-123,-31],[125,-10],[-15,-46],[-76,-20],[89,5],[-29,-69],[-50,-14],[-1,34],[-73,-29],[-84,-88],[-157,-30],[-189,33],[-35,40],[48,92],[-27,13],[-68,-112],[152,-120],[-57,-77],[-172,-86],[-79,70],[-89,-21],[-50,148],[-58,21],[-95,144],[-91,28],[-172,183],[-86,14],[-24,-21],[-23,64],[-60,36],[-77,-58],[-27,34],[-103,19],[-18,43],[33,10],[-42,-2],[-4,49],[-227,109],[-47,95],[90,143],[67,29],[112,4],[-5,-25],[66,-22],[8,-57],[37,-22],[28,19],[25,-73],[58,-9],[-5,-27],[-34,2],[26,-17],[140,-22],[22,46],[138,-14],[39,41],[-26,90],[-36,9],[22,44],[42,-1],[-36,-34],[35,-25],[14,14],[-15,-52],[81,7],[12,34],[-48,30],[2,56],[-50,13],[32,21],[-100,-26],[-9,86],[68,39],[104,-62],[90,11],[-95,21],[-103,97],[9,-46],[-173,-40],[-242,122],[-14,21],[119,43],[13,29],[103,-2],[88,-88],[78,-27],[-61,50],[18,64],[-108,11],[6,31],[-87,35],[38,49],[121,33],[75,-7],[130,-66],[54,98],[-75,-39],[-72,18],[100,56],[67,-9],[4,-43],[132,-43],[71,-68],[17,38],[113,-8],[36,24],[194,26],[107,63],[-10,-37],[64,22],[139,-30],[79,-69],[-4,-60],[-83,-53],[-76,18],[5,-33],[-70,5],[9,-52],[57,28],[87,-19],[3,-71],[-218,-50],[-228,-171],[23,-83],[153,107],[108,-4],[135,-47],[-6,-52],[-48,-12],[66,-13],[64,-69],[-56,-72],[219,86],[-17,-34],[89,-144]],[[26863,102627],[-64,34],[147,26],[-8,21],[84,29],[199,42],[171,2],[-50,-77],[-111,-62],[-169,-28],[-23,19],[-7,-29],[-70,-7],[-74,17],[109,11],[-134,2]],[[29843,102670],[17,-41],[-41,6],[-141,-195],[-66,2],[21,-38],[-112,-142],[-125,-26],[86,-17],[-232,-281],[-104,-28],[-305,68],[-327,-24],[-10,-40],[146,-4],[30,19],[-10,-60],[85,-49],[28,-78],[-111,-79],[-92,-158],[-44,-7],[19,-19],[45,27],[-11,-51],[-95,26],[-266,-37],[-16,59],[35,25],[-38,7],[137,30],[-129,-3],[-19,179],[33,14],[-177,213],[-8,178],[59,29],[-63,267],[54,13],[-59,69],[102,54],[130,-66],[133,-10],[-151,77],[-13,22],[52,18],[-30,12],[-35,-21],[-48,32],[2,71],[305,88],[152,5],[54,-40],[9,53],[152,10],[299,-81],[13,-66],[253,57],[427,-69]],[[27366,103013],[-7,30],[129,69],[36,-20],[-39,-53],[-119,-26]],[[28156,103088],[35,-45],[-31,-15],[-173,54],[102,39],[67,-33]],[[25403,103469],[-42,-68],[-155,-45],[-122,19],[-111,58],[76,120],[99,62],[91,2],[103,-43],[61,-105]],[[28796,103309],[-2,-109],[-41,-15],[36,-18],[-50,-39],[-371,-14],[-35,33],[-79,-2],[4,31],[-83,46],[-46,-20],[-6,20],[-17,-38],[-1,44],[-68,20],[-59,-13],[-75,58],[19,66],[-67,-71],[-46,17],[25,42],[-95,-8],[48,127],[161,36],[-34,10],[52,22],[-79,3],[83,51],[-6,-26],[53,22],[-86,14],[-39,-17],[0,19],[56,19],[94,-22],[-29,61],[139,34],[25,30],[133,26],[168,-25],[238,-152],[-41,-34],[100,-25],[3,-121],[-50,-22],[36,3],[32,-63]],[[27752,103618],[-99,-50],[-60,89],[205,55],[21,46],[154,-63],[-98,-64],[-73,77],[-50,-90]],[[19628,103927],[43,-8],[-15,-67],[-85,-48],[-42,16],[90,40],[9,67]],[[25657,103824],[-171,0],[44,40],[68,3],[2,45],[276,54],[78,-26],[-136,-38],[-72,-74],[-89,-4]],[[28447,103957],[64,-127],[-121,-18],[-84,119],[141,26]],[[25757,103966],[-372,-65],[-95,35],[510,91],[39,-42],[-82,-19]],[[20697,103906],[-139,-185],[-137,-61],[-265,61],[262,201],[149,31],[171,96],[66,-23],[-107,-120]],[[33634,104048],[23,-38],[-117,-66],[93,-72],[-127,21],[-53,-51],[-104,55],[227,152],[58,-1]],[[32824,104064],[-45,9],[70,20],[-25,-29]],[[25345,103992],[-194,30],[-28,41],[55,41],[528,64],[61,-53],[-47,-71],[-184,-44],[-191,-8]],[[30146,104249],[-82,4],[34,18],[48,-22]],[[31938,104237],[-48,56],[75,-27],[-27,-29]],[[25150,104264],[-58,15],[-36,69],[218,42],[33,-19],[-44,-45],[87,35],[72,-60],[110,-13],[79,-52],[-108,-58],[-346,-4],[-7,90]],[[27470,103670],[39,-78],[-139,111],[-44,-16],[27,-55],[-49,38],[-40,-22],[89,-38],[-87,-6],[52,-25],[-81,-4],[2,-44],[62,26],[-23,-38],[30,-8],[4,25],[32,-68],[78,-30],[-82,-23],[-96,70],[42,-132],[-257,-16],[-50,49],[-18,-36],[-140,-13],[23,89],[-65,-61],[25,-26],[-301,14],[-23,94],[-50,26],[187,21],[-122,11],[35,36],[-84,-14],[-82,33],[33,24],[8,-21],[66,21],[-98,34],[226,13],[-89,13],[118,13],[-109,17],[150,13],[-70,8],[112,22],[-53,13],[14,25],[309,27],[-442,-20],[-379,-56],[-29,19],[-406,-65],[-71,71],[83,-1],[24,69],[183,-13],[-75,25],[39,34],[-75,-8],[27,52],[143,23],[185,-101],[121,43],[-148,-21],[-4,45],[-60,11],[-13,34],[95,60],[-135,-19],[-64,73],[172,92],[-239,-20],[15,37],[-45,9],[80,47],[-27,27],[74,29],[133,-13],[118,-69],[-25,-52],[166,-68],[-36,-26],[107,18],[-68,-26],[90,-10],[95,-72],[-28,-21],[51,6],[17,-33],[169,61],[-141,-22],[-119,125],[46,15],[133,-23],[88,25],[-93,-14],[-98,40],[-161,18],[11,31],[122,-6],[-33,27],[111,-19],[-98,61],[-179,-2],[-104,79],[218,86],[160,-21],[70,17],[31,-18],[-46,-4],[132,-62],[42,6],[-26,-41],[57,-27],[-17,38],[90,-17],[-59,103],[65,13],[27,-26],[88,43],[-123,17],[143,0],[2,-33],[90,-23],[-84,5],[12,-16],[234,-53],[-41,-103],[93,-82],[-49,-131],[28,-73],[-123,-75],[187,-41],[-15,-100]],[[26227,104335],[-175,4],[164,42],[73,50],[241,3],[-303,-99]],[[30048,104429],[-62,-72],[62,-69],[-51,-13],[-31,19],[-19,-24],[-75,29],[-123,156],[196,43],[103,-69]],[[24818,103767],[-33,-69],[-85,-45],[52,-17],[-19,-61],[-81,-69],[1,-71],[-61,-25],[22,-30],[-250,-34],[-81,-50],[-76,-2],[-151,39],[-28,75],[-1,-42],[-73,-14],[16,-47],[-157,-13],[-130,43],[98,-4],[-104,58],[-252,-134],[-100,8],[-62,-29],[-79,18],[-12,-35],[-107,-3],[16,-54],[-128,-56],[-478,-127],[-195,-11],[-222,30],[-233,122],[-10,40],[223,82],[178,8],[-37,23],[177,64],[403,13],[35,26],[-32,8],[96,17],[-25,13],[111,43],[26,47],[-97,9],[-106,-73],[-64,26],[-57,-34],[-140,-10],[-43,18],[46,47],[-23,13],[-10,-36],[-51,-3],[-30,60],[-7,-86],[-52,-20],[-66,-8],[-28,33],[-22,-39],[-227,-18],[-14,54],[95,29],[-98,-5],[42,88],[163,63],[-50,8],[-133,-40],[-66,64],[-41,-157],[-105,58],[-35,-21],[104,-64],[-46,-71],[-205,-64],[-46,23],[-22,113],[-48,-50],[-87,28],[43,-68],[-59,-43],[-180,56],[71,43],[-88,-17],[17,69],[-170,-56],[-247,49],[-59,37],[161,138],[386,3],[151,64],[109,9],[2,30],[84,31],[-370,-76],[-374,3],[118,129],[684,57],[-10,20],[-447,-27],[-177,33],[7,25],[84,11],[-12,30],[-68,9],[24,50],[155,52],[498,-25],[-204,46],[-166,0],[-49,31],[4,39],[134,67],[212,40],[238,-38],[65,-168],[322,52],[189,-64],[-33,-32],[36,-44],[230,-83],[-167,-65],[256,17],[-46,-17],[76,-51],[-14,-73],[53,-59],[245,32],[32,-21],[502,-38],[-41,47],[59,4],[-27,74],[36,8],[-192,69],[-95,4],[-3,46],[-64,-18],[-54,28],[252,89],[-9,48],[-123,68],[-58,10],[-14,-27],[-157,65],[-5,60],[5,21],[203,44],[-3,60],[44,-5],[108,126],[141,17],[42,30],[28,-58],[80,-25],[-42,-54],[-52,-2],[82,-115],[-43,-22],[99,-17],[79,-69],[-139,-154],[203,17],[79,-39],[-125,-137],[102,62],[117,21],[97,-12],[65,-157],[-1,73],[89,22],[-90,23],[4,80],[81,58],[97,2],[244,-78],[70,-164]],[[21677,104446],[69,64],[261,24],[112,-40],[18,-39],[-73,-43],[-387,34]],[[33412,103339],[68,-66],[-184,-45],[-85,31],[-10,50],[-14,-41],[-25,40],[-29,-17],[100,-55],[-49,-43],[39,-26],[-29,-81],[-299,-6],[-224,-75],[-210,38],[0,34],[-62,-38],[-104,24],[-66,74],[13,92],[-137,59],[-11,-41],[67,-52],[-57,-115],[-254,-45],[-219,4],[-31,120],[-9,-104],[-50,-28],[-57,8],[-59,115],[17,-91],[-40,-29],[-173,-9],[-18,87],[-67,-85],[-94,32],[-47,53],[66,-95],[-102,-4],[-34,31],[-12,-23],[-70,-6],[-12,49],[-116,-55],[-37,39],[-101,-27],[-30,22],[-31,-20],[-91,13],[27,165],[46,9],[-64,9],[-17,69],[-102,-150],[-24,76],[-60,34],[13,-74],[-70,23],[57,-45],[-16,-49],[-95,-35],[-161,-16],[-30,40],[-34,-23],[-88,30],[21,17],[-84,-13],[-55,34],[2,47],[-61,-32],[-39,11],[89,82],[-10,34],[-148,-95],[44,-68],[-62,4],[-15,53],[-13,-45],[-48,-2],[-58,24],[7,27],[-71,-9],[25,16],[-86,41],[17,67],[-72,103],[72,17],[-14,32],[-76,-8],[-73,49],[41,149],[125,91],[-3,39],[-54,56],[16,76],[-164,88],[-15,75],[-131,134],[-50,17],[-127,-48],[-29,17],[-9,-47],[-299,14],[-48,26],[-104,-56],[-110,8],[11,42],[186,14],[-156,31],[-55,-11],[19,23],[-149,2],[-50,23],[-36,51],[108,6],[57,51],[-66,-34],[-80,0],[-158,88],[-141,13],[11,60],[76,-36],[118,3],[-91,9],[89,22],[-168,40],[-11,36],[65,14],[-54,19],[115,-15],[69,18],[-41,29],[206,27],[279,-61],[141,-5],[91,-51],[90,29],[87,-10],[174,-126],[-40,-103],[-119,-69],[32,-31],[160,146],[236,-18],[122,41],[187,18],[173,-32],[150,-98],[-61,-18],[-117,39],[-23,-24],[-163,16],[54,-30],[700,-99],[30,-47],[-57,-26],[-358,-4],[120,-33],[-355,46],[-150,43],[113,-35],[-45,-39],[239,-16],[-59,-35],[105,17],[121,-17],[-34,-23],[-290,-7],[73,-8],[-43,-9],[41,-31],[-66,-25],[6,-42],[110,102],[33,-27],[90,10],[-30,-46],[68,47],[67,-23],[50,50],[91,-71],[-29,-68],[87,40],[117,-59],[-31,-81],[-130,-8],[-39,-26],[73,-4],[-44,-16],[156,23],[89,-96],[59,3],[-46,108],[60,48],[166,-88],[-2,-47],[159,69],[85,-55],[-37,-26],[46,3],[-13,66],[80,38],[162,-92],[138,-28],[-84,-39],[208,34],[156,-12],[-209,66],[207,58],[-6,-21],[106,-5],[-23,26],[84,34],[156,-20],[-30,42],[125,14],[119,56],[-23,16],[293,-55],[263,65],[405,-41],[-46,-78],[249,5],[184,-76],[-142,-47],[267,-9],[-36,-9],[63,-34],[-41,-50],[57,-10],[-24,-36],[-150,-83],[-158,-36],[88,-34],[-24,-20],[156,50],[73,-26]],[[20187,104096],[-61,102],[-25,-27],[-47,10],[51,-103],[-47,-5],[51,-25],[-85,-5],[94,-40],[13,-48],[-50,13],[9,-49],[-85,-37],[-60,-10],[-39,35],[-75,-58],[-34,26],[33,78],[-23,27],[-75,-6],[7,86],[-67,36],[-49,-38],[19,-114],[-54,27],[-61,-56],[-182,84],[-92,-3],[-4,-39],[-80,-26],[-81,3],[-37,23],[57,30],[-46,-4],[72,52],[-74,8],[70,17],[-37,20],[-145,-54],[212,198],[297,27],[108,151],[89,4],[183,75],[-20,34],[346,202],[75,83],[436,41],[-27,-18],[298,-43],[-45,42],[120,-27],[55,46],[-115,6],[-47,43],[126,28],[-48,15],[164,16],[337,-159],[-284,-70],[-51,-37],[60,-60],[162,-58],[-58,-33],[-152,22],[157,-146],[-144,-73],[-227,-19],[25,-123],[-140,-60],[-168,45],[-66,50],[94,250],[-91,-29],[-97,5],[8,-38],[-60,5],[63,-103],[-76,-32],[-98,35],[17,-16],[-56,-7],[126,-111],[-28,-34],[-82,-10],[-62,-116],[-61,19],[-16,50]],[[31549,104884],[-27,46],[-100,6],[73,30],[102,-4],[67,-52],[-115,-26]],[[30052,104820],[-144,-95],[-103,-1],[-258,120],[4,140],[95,25],[192,-18],[176,-89],[38,-82]],[[25151,104717],[-132,-51],[-201,68],[-123,155],[28,31],[-136,126],[60,32],[135,-29],[169,-116],[-7,-76],[89,1],[104,-64],[14,-77]],[[28858,105000],[-98,-125],[-79,-4],[-182,25],[-551,1],[-114,82],[31,60],[243,66],[50,-45],[135,33],[295,-12],[41,-22],[110,27],[133,-36],[36,-37],[-50,-13]],[[34074,105133],[-94,-48],[-34,36],[128,12]],[[25798,105060],[0,89],[241,16],[170,-42],[94,-60],[-208,-8],[-78,-33],[-219,38]],[[22060,105140],[36,-33],[-48,-28],[-192,-35],[-107,27],[28,16],[-193,111],[263,76],[23,-57],[48,6],[142,-83]],[[23418,105269],[-61,-77],[-371,-61],[61,-54],[203,6],[23,-83],[-65,-87],[-215,-58],[-133,12],[-275,-66],[-120,28],[-56,59],[-47,-10],[-129,41],[-25,43],[50,25],[-77,116],[60,72],[53,-16],[237,74],[148,23],[38,-14],[144,38],[557,-11]],[[25648,105395],[39,-42],[-88,-50],[-62,0],[-4,43],[115,49]],[[30586,105507],[-92,-133],[-15,49],[107,84]],[[23533,105511],[-50,-94],[-138,-9],[-46,21],[-123,-27],[-169,19],[-105,47],[-93,-73],[-114,-3],[-132,68],[-295,-65],[-92,39],[78,57],[249,70],[179,6],[358,131],[104,5],[180,-56],[209,-136]],[[35076,105713],[131,-35],[-55,-30],[-120,27],[44,38]],[[27641,105095],[-65,8],[37,73],[-260,73],[39,35],[240,-10],[22,35],[-174,48],[-175,4],[51,17],[-101,38],[12,57],[-117,42],[15,49],[105,5],[-115,109],[74,58],[232,-14],[284,-64],[144,-44],[-36,-56],[121,-30],[69,25],[80,-10],[210,-92],[-191,-82],[171,-77],[-57,-86],[-434,-69],[-44,27],[-81,-22],[82,4],[-10,-19],[-128,-32]],[[24748,105914],[50,142],[99,-19],[478,40],[280,-81],[87,-86],[-53,-94],[68,0],[-9,-43],[60,85],[169,49],[88,-7],[210,-81],[-56,-90],[92,-21],[186,31],[152,-78],[-57,-38],[178,-34],[-114,-91],[33,-90],[79,-4],[195,-138],[-24,-114],[-54,-27],[-252,-38],[-223,51],[-51,137],[-99,77],[-67,-13],[-299,65],[-144,-28],[-69,27],[19,59],[-304,-38],[-96,-49],[-173,20],[-117,55],[-66,102],[125,37],[366,-52],[47,73],[-215,8],[45,24],[142,2],[53,47],[-58,26],[-106,-30],[32,41],[-56,2],[-34,-32],[-65,12],[118,80],[-138,58],[-236,-125],[83,146],[-82,14],[-149,-25],[-68,56]],[[26562,106475],[124,95],[119,-25],[101,15],[82,-32],[74,-182],[-58,-77],[-168,62],[6,50],[-91,31],[-161,-12],[-28,75]],[[27993,106885],[-86,20],[210,15],[137,-14],[32,-30],[-72,-16],[-221,25]],[[27736,106504],[-29,65],[344,-63],[277,-2],[154,-36],[-142,69],[233,56],[-159,25],[-124,-53],[-147,-10],[-99,34],[145,44],[-235,-31],[-200,47],[35,29],[-73,13],[145,-4],[-2,23],[102,11],[170,-30],[-221,95],[66,30],[-41,26],[347,12],[398,-47],[-289,77],[12,26],[163,22],[-298,27],[46,30],[-215,3],[127,39],[-111,12],[193,99],[143,-26],[9,-34],[179,47],[-131,50],[270,-33],[112,17],[-21,74],[-234,-4],[-158,33],[69,66],[207,-40],[6,51],[97,-7],[485,-134],[-39,-51],[275,-206],[165,-60],[-46,-54],[241,-16],[78,-48],[-20,40],[169,5],[89,-43],[-59,-122],[232,-109],[18,29],[112,-26],[-187,116],[22,67],[58,27],[264,-22],[36,-138],[-165,-37],[55,-41],[219,7],[77,-73],[-160,-73],[175,45],[-146,-246],[136,54],[57,-35],[42,14],[-8,46],[136,3],[89,-49],[-41,-68],[52,-13],[103,112],[260,-202],[-132,-65],[-395,-77],[-81,-69],[-79,64],[14,-89],[-235,-173],[-116,105],[4,96],[85,75],[-66,-47],[-82,-8],[13,-194],[-74,-18],[111,-2],[38,-64],[-106,-55],[-110,91],[-82,0],[88,-121],[-90,-157],[-79,10],[-319,271],[-17,-66],[187,-221],[-66,43],[-80,2],[-68,61],[-188,6],[126,-38],[13,-67],[-199,-14],[-239,29],[-85,33],[-55,-21],[-100,49],[35,27],[-56,-15],[-75,18],[-118,96],[374,38],[63,-13],[2,22],[-387,46],[-156,-27],[-63,35],[32,23],[-55,-6],[-91,56],[82,12],[134,-29],[42,17],[-169,44],[-109,-2],[-140,95],[228,44],[93,72],[482,-5],[504,53],[-573,-26],[-180,24],[21,41],[216,-5],[256,34],[9,22],[-236,-31],[-222,14],[70,58],[-187,-28],[-79,47],[27,-60],[-128,-31],[23,69],[-203,-121],[-93,10],[123,77],[-213,18],[-16,-53],[-158,-47],[-69,8],[-23,78],[-37,-17],[-121,18],[5,85],[337,43],[129,47],[13,56],[-297,-80],[-220,3],[-213,116],[35,17],[-66,-5],[9,30],[141,5],[-140,23],[-40,41],[96,21],[-78,-2]],[[39558,107936],[-75,-84],[-239,-36],[52,-17],[-128,-56],[-553,-141],[-135,21],[69,-39],[-84,-28],[-334,24],[5,-18],[-228,-25],[235,0],[-172,-42],[-48,17],[-736,-57],[-364,99],[306,-97],[-156,-10],[92,-22],[436,35],[220,-34],[-670,-140],[-267,-10],[37,-22],[-89,-19],[-194,-11],[31,-20],[144,11],[-127,-46],[1425,242],[396,36],[32,-50],[-316,-126],[-282,-57],[-141,-87],[-187,-62],[-110,3],[-14,-46],[-454,-159],[-134,-138],[-97,-27],[-214,2],[13,60],[-185,71],[152,-97],[-28,-43],[164,-51],[-66,-44],[-196,10],[-328,-56],[-215,69],[160,-69],[-164,-17],[17,-18],[272,4],[291,46],[45,-24],[-64,-70],[-247,-48],[6,-17],[84,17],[88,-14],[-76,-65],[-363,-79],[-229,29],[-3,71],[-294,0],[15,26],[-153,20],[-205,-29],[58,-34],[428,-13],[85,-126],[-63,-41],[-138,-8],[-78,43],[-8,-66],[-97,-12],[-137,6],[-100,40],[-11,-88],[-700,110],[2,-34],[310,-15],[93,-77],[-319,2],[-83,74],[-92,-10],[79,-77],[-298,17],[231,-47],[-44,-21],[429,18],[86,-25],[492,-6],[-118,-30],[70,-18],[40,-71],[-198,-4],[-222,33],[-111,76],[-721,-21],[706,-30],[-11,-29],[-179,8],[-276,-42],[-187,39],[-265,-10],[387,-28],[-180,-157],[184,123],[328,42],[336,-44],[-245,-74],[238,30],[323,-39],[-33,-119],[80,-34],[-255,-47],[-367,20],[-62,-17],[179,-8],[372,-107],[-113,-18],[-85,-68],[-325,35],[-95,-20],[4,-20],[228,-36],[191,-2],[-94,-102],[-111,33],[-215,-72],[-91,27],[-242,-4],[-112,38],[-71,-57],[150,-60],[-33,-86],[121,-43],[-87,-31],[-104,-115],[-158,-41],[-18,45],[-105,-58],[-170,19],[-108,-25],[-269,34],[-267,114],[-118,105],[88,-101],[-22,-56],[86,-37],[91,-1],[12,-26],[-226,-26],[-101,16],[98,-91],[251,73],[329,-51],[-86,-82],[218,105],[95,-3],[125,-44],[17,-40],[-128,-109],[162,3],[-20,-58],[81,-9],[112,110],[97,12],[125,-126],[-18,-98],[-106,-32],[-18,-54],[-119,-43],[-22,68],[-69,6],[-173,-172],[-85,9],[-507,-118],[38,44],[-45,12],[107,127],[-148,50],[4,40],[-111,-57],[-172,27],[-2,63],[93,45],[-164,-34],[-151,117],[73,-100],[142,-59],[-66,-105],[-173,-6],[-100,47],[-5,77],[-91,56],[-3,53],[-42,-34],[114,-133],[-32,-56],[-144,18],[-193,143],[19,-136],[-132,-4],[-126,92],[-15,-42],[38,-61],[184,-67],[-271,-19],[-15,20],[-365,45],[-24,52],[70,35],[-123,71],[91,-71],[-113,-32],[-26,-80],[-237,73],[-43,97],[52,-166],[-100,-10],[-36,48],[-34,-32],[-172,25],[-24,262],[-67,-69],[71,-103],[-34,-86],[-38,119],[-32,-96],[-34,-23],[-45,25],[-41,-17],[-88,48],[-9,47],[-28,-20],[-45,20],[84,60],[-15,131],[392,160],[55,-17],[150,18],[31,-25],[82,12],[-41,8],[33,29],[93,8],[86,-37],[-23,26],[96,4],[-203,22],[100,34],[-111,26],[132,35],[-166,-19],[-123,23],[6,107],[-170,68],[-3,133],[60,-25],[283,51],[246,-42],[159,-77],[59,-181],[96,34],[35,-49],[311,-62],[-35,66],[368,-37],[-123,69],[149,35],[134,103],[148,154],[-18,60],[87,31],[-59,6],[-85,-32],[10,-63],[-155,-137],[-238,-135],[-309,31],[124,93],[-8,40],[-16,-47],[-132,-49],[-121,43],[-15,43],[135,56],[-126,-16],[1,43],[151,17],[-8,-38],[71,43],[121,-6],[-78,19],[-307,-35],[-69,40],[205,79],[118,-17],[139,30],[-187,-16],[-82,29],[21,47],[335,0],[-313,22],[53,71],[78,17],[-98,10],[74,144],[-127,-195],[-154,-114],[-265,-15],[11,47],[105,50],[27,93],[-126,-113],[-89,6],[-88,-59],[-248,8],[27,33],[114,13],[-144,16],[4,127],[118,71],[100,0],[-87,28],[169,135],[284,14],[241,57],[109,-32],[319,-20],[319,-92],[148,-77],[32,21],[-116,65],[116,8],[-6,20],[-170,-11],[-161,64],[285,-5],[128,24],[88,-15],[91,129],[-134,-19],[-80,-64],[-137,-19],[-144,34],[-436,10],[-158,52],[-4,30],[104,38],[96,-10],[60,-50],[178,-14],[28,16],[-59,-5],[-140,50],[0,59],[-122,-18],[-52,138],[-131,47],[-47,81],[-100,39],[-384,51],[26,127],[354,-40],[26,17],[-426,65],[11,174],[203,19],[192,-44],[508,-11],[538,-239],[61,-89],[105,-21],[19,-43],[-57,-9],[45,-10],[91,30],[263,-46],[-11,22],[233,28],[56,36],[-376,-33],[-214,40],[-46,119],[86,20],[-254,49],[-345,191],[949,94],[-3,22],[103,12],[646,23],[30,21],[-647,13],[476,102],[653,41],[29,20],[-504,17],[-312,-17],[9,77],[155,106],[456,128],[73,50],[-445,-94],[-182,-120],[-255,55],[146,-69],[-86,-41],[15,-60],[-112,-64],[-533,-125],[-633,-50],[11,62],[312,50],[130,56],[-70,13],[-203,-60],[-306,-25],[-9,36],[134,45],[-50,10],[-128,-57],[-68,4],[48,-81],[-60,-59],[-407,-21],[-224,16],[78,59],[-185,-55],[-210,42],[375,236],[214,40],[740,57],[123,31],[-1130,-94],[-497,-252],[-144,8],[-407,96],[-167,81],[339,44],[571,5],[139,40],[140,4],[1,36],[368,102],[-165,1],[-422,-108],[-291,-35],[-811,-36],[-118,36],[-39,77],[105,36],[141,-26],[208,25],[-151,2],[-178,57],[357,70],[-13,29],[316,22],[218,-31],[-10,20],[-342,45],[-692,-139],[-137,60],[415,105],[-168,-4],[-69,49],[3,-36],[-142,18],[-82,-70],[-169,-21],[-3,42],[-158,40],[157,70],[144,-5],[12,49],[257,36],[102,-9],[71,23],[129,-71],[62,48],[-80,32],[103,-14],[24,58],[311,63],[232,-19],[28,-71],[187,-44],[-134,51],[95,8],[-40,40],[112,4],[216,-26],[193,-100],[-95,94],[139,1],[157,-77],[-91,64],[67,3],[88,-62],[-50,61],[-657,92],[-50,44],[491,43],[-33,77],[-133,28],[397,24],[20,-25],[-99,-10],[505,-78],[158,-111],[-59,-34],[417,-17],[-78,35],[-172,2],[-114,122],[799,-189],[182,-18],[164,-90],[99,-4],[-211,131],[-355,49],[21,35],[-141,1],[-472,137],[71,81],[339,-5],[-271,52],[-11,46],[86,10],[393,-87],[102,5],[-319,175],[407,-23],[156,-89],[-18,46],[258,-30],[192,4],[-448,56],[-34,24],[107,17],[-251,43],[363,48],[88,-60],[124,43],[61,-65],[48,17],[89,-26],[-46,22],[73,-3],[58,41],[237,-38],[193,-119],[221,-48],[-108,-92],[272,104],[-270,56],[-33,30],[112,22],[-133,0],[-319,139],[399,25],[644,-32],[123,-85],[412,-103],[-354,141],[227,92],[232,22],[215,-3],[15,-98],[248,-38],[-221,77],[228,63],[376,4],[23,-79],[192,35],[29,-40],[260,10],[13,-41],[178,24],[139,-24],[27,19],[68,-24],[36,21],[162,-15],[-182,-77],[-526,-80],[-63,-34],[648,51],[13,29],[259,53],[119,1],[0,-37],[112,-9],[-66,21],[74,60],[145,6],[-80,-23],[164,-70],[102,48],[230,-7],[4,-47],[-139,-19],[307,-94],[-148,-81],[168,47],[46,-17],[-3,21],[188,4],[-42,-5],[-17,-25],[31,18],[226,-13],[164,-99]],[[33319,89656],[11,-30],[-41,-2],[5,48],[25,-16]],[[33283,89785],[9,-47],[-21,-7],[-34,41],[15,22],[31,-9]],[[33273,91571],[-42,-1],[15,65],[63,19],[1,31],[64,0],[43,91],[-44,-125],[-100,-80]],[[33401,91927],[7,29],[30,-49],[-1,-47],[-26,-27],[-10,94]],[[33298,92004],[36,36],[22,-94],[-20,-3],[-8,63],[-30,-2]],[[33335,92339],[-19,36],[38,85],[13,-58],[-28,-12],[-4,-51]],[[33110,93631],[-24,-75],[-4,49],[28,26]],[[33191,93781],[23,-30],[-57,-43],[34,73]],[[33230,93802],[5,30],[-29,-40],[46,81],[53,-11],[-75,-60]],[[38054,83605],[16,17],[-23,-56],[-9,26],[16,13]],[[39988,83906],[29,31],[-34,-46],[-33,-15],[-74,27],[44,-14],[68,17]],[[37637,84383],[12,38],[27,-3],[18,-102],[-31,26],[-41,-34],[15,75]],[[35264,84755],[24,8],[-27,-40],[-52,-6],[10,30],[45,8]],[[35299,84803],[10,-10],[-24,-9],[-18,25],[32,-6]],[[39615,84909],[12,0],[-42,-66],[-35,55],[65,11]],[[35310,84898],[38,72],[59,22],[-51,-85],[-46,-9]],[[35429,84999],[-14,-139],[-16,-25],[-69,12],[-57,-19],[39,53],[52,21],[65,97]],[[36312,85828],[11,-13],[-21,-47],[-80,-49],[90,109]],[[39892,85051],[-104,-94],[-110,-48],[-48,50],[-95,-56],[-18,32],[-25,-38],[-57,102],[-28,207],[22,21],[5,45],[59,62],[65,139],[14,99],[9,11],[-2,-31],[140,276],[39,-22],[30,18],[-34,-82],[53,-13],[11,-26],[-13,-88],[-19,-15],[16,-43],[-82,-253],[55,86],[2,-31],[-68,-104],[-80,-41],[0,16],[-40,-61],[-42,-20],[36,-5],[42,58],[50,14],[-27,-75],[-85,-26],[-9,-25],[36,21],[25,-21],[-63,-48],[-14,-44],[21,-11],[57,41],[35,-22],[-11,-49],[36,26],[-2,56],[112,140],[-99,-67],[-28,40],[160,166],[-33,-1],[-84,-91],[59,101],[64,59],[26,-54],[-28,-53],[15,12],[13,-21],[23,68],[33,-17],[-18,-8],[49,-9],[3,-24],[41,7],[-25,-56],[25,17],[-49,-50],[13,-21],[29,6],[9,-43],[-54,-16],[-3,-22],[-50,-3],[-9,-20],[24,-28]],[[39253,85471],[-54,-66],[-65,2],[10,-30],[-23,0],[11,-26],[-43,0],[24,-17],[-4,-18],[-47,14],[27,-34],[-34,17],[-3,-17],[51,-48],[-39,-47],[38,-5],[-29,-33],[-69,-13],[-47,34],[-5,42],[-41,-3],[55,43],[-27,-5],[0,41],[-57,14],[52,65],[-57,-51],[-21,21],[7,-28],[-32,-19],[43,1],[-30,-33],[-86,49],[-37,-4],[-66,72],[-2,26],[30,-12],[-7,26],[-132,12],[20,142],[-23,-28],[-29,24],[-51,-5],[-11,34],[62,138],[78,103],[7,-108],[-39,-72],[41,-22],[29,-64],[-8,-22],[24,3],[-34,-84],[37,26],[1,-37],[38,-10],[-8,55],[18,22],[61,-23],[12,-40],[-2,25],[44,-5],[31,-57],[138,5],[20,21],[59,-12],[-39,17],[39,13],[194,-9]],[[39363,86149],[-62,-77],[89,86],[-125,-174],[47,-25],[14,15],[-3,-16],[-73,-10],[24,111],[126,141],[58,10],[-38,-54],[-17,2],[28,39],[-68,-48]],[[38421,86364],[9,35],[-14,-73],[-43,-60],[-16,17],[16,19],[-14,38],[62,24]],[[38407,86416],[12,38],[13,-44],[-40,-37],[15,43]],[[38483,87555],[-64,48],[99,53],[362,-105],[196,-113],[110,-119],[107,-37],[74,-128],[-50,-51],[-146,-1],[-281,104],[-164,98],[-13,68],[-46,65],[-184,118]],[[33467,88991],[48,-4],[-28,-71],[-95,-27],[-5,63],[80,39]],[[33014,89514],[29,-111],[-16,-29],[-447,205],[60,99],[152,30],[83,-10],[139,-184]],[[33347,89892],[-3,15],[21,-19],[-18,4]],[[33504,90763],[88,18],[-253,-99],[42,44],[123,37]],[[34160,91205],[34,22],[-145,-142],[111,120]],[[33597,91455],[23,4],[-69,-142],[59,179],[-13,-41]],[[33679,91549],[-59,-30],[37,149],[42,57],[14,-133],[-6,-34],[-28,-9]],[[33417,91471],[18,55],[-31,-13],[-108,-178],[-13,39],[-25,8],[166,246],[24,166],[6,-91],[-56,-178],[65,58],[41,275],[27,15],[24,-44],[-30,22],[-8,-55],[38,-11],[25,-67],[40,-5],[-5,-67],[23,2],[-60,-117],[-47,-175],[31,142],[40,110],[3,82],[-23,-20],[-17,-87],[14,-12],[-75,-211],[52,185],[-9,47],[-104,-224],[-55,15],[-51,-70],[80,158]],[[33297,91987],[30,-22],[-24,-52],[-21,23],[15,51]],[[33718,93090],[62,-56],[-76,51],[-4,48],[18,-43]],[[18866,86942],[34,-47],[-40,17],[6,30]],[[18932,86914],[-32,5],[-13,36],[57,-23],[-12,-18]],[[39073,85072],[12,1],[-32,-15],[20,14]],[[40016,85177],[-23,11],[28,14],[-5,-25]],[[41850,86053],[13,14],[1,-29],[-18,-6],[4,21]],[[36470,86074],[15,1],[-35,-35],[20,34]],[[42262,86217],[14,-13],[-38,-22],[24,35]],[[18010,87208],[25,-17],[-19,-48],[-27,40],[21,25]],[[41329,87831],[22,-24],[-31,9],[9,15]],[[40834,88213],[21,-12],[-18,-17],[-3,29]],[[17372,88251],[30,-1],[11,-39],[-60,25],[19,15]],[[40431,88423],[2,-23],[-55,-30],[53,53]],[[17153,88927],[7,14],[-10,-66],[-16,17],[19,35]],[[33687,89217],[-5,-24],[-26,14],[31,10]],[[33404,89286],[-18,-14],[9,28],[9,-14]],[[41299,89422],[14,-25],[-24,12],[10,13]],[[41314,89569],[2,-39],[-16,37],[14,2]],[[41307,89615],[19,6],[4,-35],[-37,-4],[14,33]],[[41274,89873],[53,-10],[8,-22],[-23,-5],[15,-19],[-72,25],[19,31]],[[16436,89876],[2,-19],[-17,20],[15,-1]],[[40867,89999],[40,13],[-28,-44],[-19,10],[7,21]],[[40943,90065],[35,-5],[-55,-19],[-6,32],[26,-8]],[[16430,90064],[14,25],[49,-33],[-6,-17],[-57,25]],[[40808,90371],[5,-30],[-18,13],[13,17]],[[40836,90495],[16,-22],[-32,12],[16,10]],[[16361,90496],[29,-41],[-46,9],[17,32]],[[40816,90551],[17,-30],[-29,-16],[12,46]],[[16268,90585],[16,-14],[-14,-15],[-2,29]],[[34354,91545],[-15,-36],[3,45],[12,-9]],[[33662,91856],[-14,9],[37,-3],[-23,-6]],[[34389,91871],[-10,-83],[7,104],[3,-21]],[[33819,92261],[-48,-8],[34,23],[14,-15]],[[34334,92281],[-15,56],[32,-89],[-17,33]],[[37405,92954],[9,-71],[-17,-12],[-25,54],[33,29]],[[33632,93218],[5,-15],[-17,35],[12,-20]],[[36927,93333],[7,-17],[-49,-20],[42,37]],[[36619,94584],[-28,-49],[-2,39],[18,24],[12,-14]],[[36073,94784],[25,3],[0,-22],[-33,0],[8,19]],[[35897,95136],[39,-22],[-28,-6],[-11,28]],[[29061,95240],[-4,-21],[-16,30],[20,-9]],[[37778,95763],[31,-29],[-73,51],[42,-22]],[[37616,95869],[44,-87],[-94,107],[50,-20]],[[37210,95999],[31,-50],[-55,52],[24,-2]],[[37250,96017],[43,-70],[-66,82],[23,-12]],[[37307,96045],[11,-34],[-48,74],[37,-40]],[[38574,96181],[-16,-48],[-25,74],[41,-26]],[[38516,96356],[15,-23],[-29,-51],[-24,75],[38,-1]],[[34436,96568],[-28,16],[13,25],[15,-41]],[[34376,96606],[-9,14],[42,-6],[-14,-21],[-19,13]],[[38268,96649],[29,-51],[-38,-22],[-28,71],[37,2]],[[37613,97279],[-12,-21],[-16,23],[31,28],[-3,-30]],[[30257,97335],[25,-11],[-44,6],[19,5]],[[30462,97386],[19,-16],[-37,2],[18,14]],[[37447,97546],[-16,-22],[-73,-4],[89,26]],[[37994,97521],[-16,-15],[-10,64],[32,-11],[-6,-38]],[[37614,97676],[-42,21],[-16,-16],[-15,24],[62,0],[11,-29]],[[31596,97759],[8,-16],[-32,-4],[24,20]],[[22286,98927],[82,10],[-131,-26],[49,16]],[[22343,99067],[39,-9],[-65,-7],[26,16]],[[14567,99699],[68,-56],[-72,9],[4,47]],[[33217,99837],[20,-22],[-38,39],[18,-17]],[[32719,99846],[46,-5],[7,-37],[-62,4],[-7,19],[-63,-13],[14,44],[65,-12]],[[14735,99905],[37,-38],[-82,21],[45,17]],[[32432,100081],[-17,-29],[-99,32],[69,20],[47,-23]],[[27565,72633],[-9,-152],[-98,-341],[-64,-415],[-24,-445],[-33,-11],[21,-12],[0,-74],[9,77],[4,-22],[-16,-300],[9,-180],[-4,-77],[0,46],[-28,-115],[-13,0],[-5,-90],[14,4],[5,42],[-5,-84],[30,-275],[50,-163],[98,-172],[-34,-180],[-18,103],[27,22],[7,40],[-85,161],[-52,189],[41,-288],[32,-94],[24,-3],[-2,-51],[115,-472],[158,-306],[73,-181],[55,-336],[53,-60],[23,-99],[28,-13],[25,-110],[50,-51],[0,-22],[-69,57],[51,-65],[-20,4],[1,-22],[29,13],[69,-39],[-53,47],[-2,27],[50,-50],[131,-10],[55,-88],[79,-33],[69,-202],[38,-28],[110,40],[91,61],[-6,-31],[33,10],[14,43],[48,3],[6,41],[-88,-58],[96,69],[132,9],[-7,-41],[18,7],[-2,-30],[13,32],[-16,23],[94,23],[46,79],[16,-102],[-9,117],[96,35],[152,12],[28,-58],[-22,-3],[-6,23],[-30,-18],[-4,-34],[32,1],[22,-27],[-27,55],[23,-8],[2,-34],[23,-22],[-11,-36],[15,-28],[1,39],[13,-9],[-9,34],[104,-34],[1,39],[-18,-18],[11,26],[107,91],[-39,-18],[12,67],[-50,49],[59,90],[-59,-82],[-30,-6],[189,217],[56,91],[13,42],[15,236],[69,106],[-4,384],[10,113],[40,161],[-35,-111],[37,149],[182,158],[301,80],[144,102],[49,-13],[72,22],[-50,-10],[35,26],[48,-8],[93,-43],[-53,13],[29,-28],[53,6],[120,-50],[34,26],[5,51],[-39,-22],[-27,17],[-21,-28],[-4,15],[93,53],[30,-10],[42,-102],[30,-4],[4,-143],[8,-29],[16,3],[-67,-251],[-97,-169],[-65,-170],[-13,-96],[12,-112],[-15,-66],[12,81],[-12,32],[8,-47],[-23,-54],[-18,-3],[-30,-103],[3,31],[-27,-7],[3,-45],[24,-21],[-5,-38],[37,38],[41,-8],[5,24],[-6,-12],[-29,9],[28,-4],[2,34],[9,-36],[-15,-77],[-25,-33],[-12,-4],[11,26],[-27,-20],[-19,-59],[-4,-44],[16,-13],[24,60],[24,7],[-7,-26],[18,22],[-24,-58],[-43,-289],[-25,-77],[-35,-280],[-5,30],[-10,-9],[8,61],[-7,-22],[-17,94],[-47,35],[25,120],[-11,116],[-31,-91],[-2,24],[-5,-12],[-16,-6],[-17,-27],[21,26],[-3,-39],[15,14],[-51,-136]],[[30504,67945],[-62,2],[-13,-19],[-29,-137],[-27,-36],[-10,-70],[-48,-110],[-59,68],[-35,-36],[-2,-80]],[[29192,65480],[-197,385],[19,-1],[15,-42],[-10,50],[-72,59],[-72,141],[-247,325],[29,9],[-14,41],[-59,32],[-23,54],[-41,-7],[-44,52],[-12,-33],[30,-52],[42,-1],[46,-42],[39,-61],[-143,113],[-109,14],[45,52],[2,27],[-30,24],[-41,-67],[7,44],[-14,47],[-21,14],[-32,-62],[-20,0],[-10,-36],[54,-10],[22,21],[-8,-19],[-24,-7],[42,-5],[13,-24],[-127,-7],[-68,-67],[-27,-66],[-175,-92],[-92,-91],[-65,8],[-24,-23],[-114,46],[-140,128],[-168,27],[-133,144],[34,-4],[-161,70],[-74,151],[-44,-13],[-155,83],[-96,19],[-65,61],[0,35],[-18,-15],[-26,52],[-355,222],[1,24],[-42,69],[-91,71],[-1,36],[-62,53],[-56,139],[-59,53],[-37,4],[-30,-41],[-389,220],[-46,41],[-25,100],[-44,62],[2,39],[-93,138],[-117,93],[11,27],[-19,29],[-28,-19],[-98,92],[-22,-3],[0,44],[-27,-9],[-37,39],[-26,66],[-6,71],[-54,66],[-91,229],[-11,117],[-47,118],[41,51],[82,16],[29,44],[3,33],[-36,74],[-23,-13],[-45,21],[79,165],[25,19],[-3,176],[19,63],[-11,46],[-77,72],[-61,203],[-28,350],[-28,78],[-67,115],[6,21],[-16,-16],[-62,139],[-50,82],[-20,1],[-31,139],[-90,141],[-36,134],[-45,84],[-254,333],[101,-105],[-19,21],[19,-13],[6,27],[-17,76],[-21,-1],[12,-13],[-22,-25],[-104,113],[43,-69],[-34,30],[-29,45],[-21,86],[27,-18],[-12,50],[10,73],[-22,30],[3,-102],[-16,-10],[-79,180],[20,-9],[28,-72],[17,-3],[-11,29],[9,23],[41,-36],[3,18],[-71,89],[-44,-2],[11,37],[-15,25],[-12,-77],[-12,72],[-99,61],[46,-4],[-31,29],[-26,-11],[12,16],[-6,24],[-11,-7],[4,67],[-43,13],[-6,-58],[-12,22],[-21,-6],[3,-16],[-20,11],[-17,32],[20,30],[25,-25],[48,163],[-21,-65],[-54,-70],[-23,-4],[-39,65],[31,-81],[-24,45],[-61,10],[37,9],[5,32],[-31,32],[-11,-43],[-7,206],[57,177],[-4,-86],[19,111],[17,-8],[-4,-43],[23,-29],[7,46],[-32,55],[-22,-27],[-2,102],[-44,88],[-32,27],[18,-6],[-18,44],[-23,-16],[19,-30],[-66,6],[-30,26],[-24,51],[-30,123],[21,-36],[-11,75],[-16,31],[-32,-17],[-75,41],[-78,89],[32,8],[-25,57],[-17,-10],[-25,165],[26,64],[-17,6],[-3,45],[32,30],[-112,21],[13,14],[-10,38],[-16,-94],[-37,78],[-35,-18],[-76,141],[-40,104],[5,38],[-90,46],[-17,78],[-63,108],[18,15],[9,-20],[0,34],[-19,-1],[-60,97],[-20,6],[0,97],[-21,42],[-4,80],[-25,9],[-6,-21],[-26,30],[11,88],[-67,146],[-30,112],[-25,8],[-6,189],[-32,36],[-4,100],[-69,151],[-17,89],[11,84],[-11,74],[16,-47],[9,26],[2,79],[-14,28],[-35,15],[-12,39],[-15,-6],[12,-23],[-127,53],[-12,107],[-75,74],[-18,-9],[-13,39],[9,-59],[-26,-48],[-60,13],[-125,155],[-73,37],[-75,95],[6,-35],[59,-71],[18,-91],[-24,-81],[-10,-255],[23,-44],[-3,-38],[37,-44],[4,-176],[23,-90],[-12,-185],[44,-145],[35,-38],[16,-83],[57,-18],[191,-290],[-7,-47],[40,-98],[-9,-23],[13,-77],[30,43],[22,-33],[4,-67],[45,15],[39,-200],[85,-40],[-8,-99],[28,-54],[-8,-48],[4,-64],[13,-13],[-4,-83],[58,-132],[81,-67],[19,-104],[34,-82],[-6,-25],[87,-73],[-22,-72],[49,-94],[-10,-71],[39,-90],[16,-20],[19,27],[-45,83],[-13,103],[19,3],[78,-118],[-1,-86],[41,-26],[-9,-61],[25,-56],[23,-145],[-12,-84],[17,-116],[28,-35],[33,-121],[35,-9],[38,-234],[49,-82],[25,-81],[6,-74],[-25,-110],[19,-143],[40,-92],[79,-23],[-15,-17],[-21,15],[6,-41],[22,4],[14,39],[-8,95],[28,14],[25,-61],[55,-59],[6,-71],[53,11],[9,-26],[-12,-52],[47,-88],[0,-83],[76,-69],[14,-61],[-4,-136],[-31,-83],[-60,-48],[-61,-99],[-35,13],[-32,77],[-23,190],[-47,138],[-113,121],[-131,232],[-134,138],[28,-22],[-79,95],[-27,91],[-7,-32],[-35,7],[14,-20],[-17,-6],[-12,93],[-53,138],[14,-81],[-19,7],[-4,53],[-2,-55],[-12,6],[-15,70],[11,17],[-5,67],[-13,-84],[-7,50],[29,191],[-2,116],[18,18],[-18,5],[1,150],[-8,-135],[-1,175],[-24,107],[-43,72],[-31,107],[-17,14],[-15,-18],[-20,42],[-43,13],[-124,173],[1,32],[-28,68],[8,22],[-32,-31],[-8,27],[38,62],[-7,53],[-16,-16],[-26,-121],[-66,33],[-24,-53],[-32,4],[-59,139],[-31,28],[-32,-10],[-59,102],[-37,-9],[-47,32],[-18,39],[-6,105],[-76,72],[-15,51],[-32,26],[5,29],[-13,-17],[-34,33],[-27,84],[195,-48],[60,63],[12,-87],[43,-41],[16,-43],[19,33],[-9,23],[40,-22],[12,40],[-36,19],[-11,32],[2,-51],[-29,7],[-12,54],[15,45],[-7,35],[-41,-27],[47,114],[-6,-49],[15,-48],[-5,59],[18,-17],[9,20],[-20,17],[-4,41],[19,54],[-23,31],[27,127],[-17,58],[-22,9],[-5,58],[-32,0],[-49,138],[-41,35],[-6,29],[-10,-10],[-13,81],[-25,1],[-13,58],[-76,119],[-71,32],[-33,63],[-71,51],[-66,90],[-1,90],[-37,43],[9,78],[-18,159],[-46,35],[14,30],[-18,30],[9,-35],[-18,-4],[4,-48],[-15,76],[-3,202],[-39,36],[-25,61],[-28,-1],[8,121],[-10,44],[-111,209],[9,67],[-34,58],[35,-11],[11,68],[-85,106],[-19,129],[-34,37],[-33,159]],[[21698,67866],[18,-6],[-26,-9],[8,15]],[[22972,68145],[7,-46],[-19,-7],[-29,33],[22,62],[19,-42]],[[23015,68488],[9,-22],[-14,-25],[5,47]],[[24542,69728],[-1,-23],[-17,15],[18,8]],[[24482,69826],[14,-13],[-8,-27],[-35,30],[29,10]],[[24446,69896],[-9,-33],[-30,36],[-10,58],[38,-16],[11,-45]],[[23341,71542],[11,-55],[-24,9],[-9,30],[-11,110],[33,-94]],[[22767,71638],[33,-30],[-70,18],[37,12]],[[22703,71681],[20,-45],[-5,-47],[-99,135],[47,3],[37,-46]],[[23178,71725],[13,-29],[-21,-42],[-16,117],[24,-46]],[[23050,72087],[45,-49],[17,-85],[-18,-11],[-21,32],[-23,113]],[[22587,71788],[14,-48],[-39,71],[13,17],[-6,39],[-27,29],[-7,-25],[-15,27],[59,296],[-17,-246],[-12,-16],[32,-99],[-6,-35],[11,-10]],[[23675,72295],[15,-26],[-75,39],[60,-13]],[[23032,72400],[-14,31],[11,43],[3,-74]],[[22927,72653],[4,-20],[-15,19],[-23,-59],[-8,-62],[-9,25],[19,125],[40,18],[-8,-46]],[[23085,73480],[4,62],[0,-54],[20,-29],[-24,21]],[[21558,74121],[13,-126],[-8,-71],[-16,1],[-17,37],[-26,-4],[39,95],[-3,79],[11,12],[7,-23]],[[22417,74361],[22,2],[-2,-35],[-17,-2],[-3,35]],[[22530,74388],[-28,-6],[-75,73],[32,60],[7,132],[67,41],[-3,-69],[26,-73],[-26,-158]],[[22242,74574],[12,-8],[-4,-43],[-127,189],[-31,78],[6,81],[20,6],[39,-56],[15,-47],[-7,-47],[67,-21],[10,-132]],[[21694,76289],[45,-71],[-37,16],[-8,55]],[[30827,67977],[7,22],[-23,-103],[16,81]],[[29407,68127],[21,13],[4,-25],[-32,-5],[-22,-47],[-12,-4],[7,21],[-46,-29],[80,76]],[[31021,69267],[-16,-72],[-66,-136],[-8,86],[17,68],[21,39],[23,-13],[29,28]],[[27394,70016],[14,-30],[-25,77],[11,-47]],[[27340,70600],[9,34],[-19,-56],[10,22]],[[20541,74589],[9,-109],[-21,-30],[-23,177],[34,19],[-10,-27],[11,-30]],[[22207,73108],[23,-3],[12,-34],[-35,37]],[[30051,70381],[-9,99],[-26,3],[13,31],[40,-76],[-18,-57]],[[22934,72467],[13,-5],[-3,-26],[-10,31]],[[22589,73421],[2,22],[15,-27],[-7,-23],[-10,28]],[[30504,67945],[-29,-69],[24,2],[-13,-44],[27,34],[27,-11],[33,22],[-17,-42],[17,16],[4,-78],[-68,-379],[40,-58],[-25,-16],[-14,-92],[-5,-101],[28,-132],[-22,-48],[11,-49],[-18,-26],[-1,-74],[-14,-86],[12,92],[-25,-65],[7,-5],[-9,0],[2,-38],[-50,-137],[-14,-17],[0,26],[-9,-16],[-13,16],[-31,-35],[-5,-57],[-58,-97],[5,-57]],[[30662,67359],[14,-31],[-38,-65],[-9,-71],[6,92],[35,41],[-8,34]],[[30551,67445],[30,32],[-11,-33],[-19,1]],[[30634,67660],[-7,-52],[-25,-26],[21,31],[13,126],[16,11],[-23,-108],[5,18]],[[32410,62367],[56,-88],[21,-2],[-12,-55],[10,-31],[-16,-17],[15,-38],[60,-4],[-2,-35],[-28,12],[6,-100],[34,-9],[14,-37],[47,1],[15,24],[45,-19],[1,36],[-53,82],[20,1],[-12,24],[9,7],[22,-39],[-9,-4],[7,-25],[34,-24],[60,-138],[78,-19],[78,16],[83,52],[31,67],[49,52],[150,79],[59,104],[8,-43],[18,24],[1,39],[26,-35],[0,43],[34,49],[13,40],[-10,3],[17,28],[26,13],[11,-38],[21,17],[87,-36],[75,22],[-28,-26],[-2,-47],[52,-22],[114,10],[174,-126],[60,-114],[-1,35],[46,-137],[59,-73],[4,-45],[53,-24]],[[33966,60901],[-132,286],[5,29],[-39,112],[-14,89],[10,27],[27,-26],[25,36],[4,35],[-22,50],[16,4],[0,22],[19,-13],[22,82],[44,-105],[38,-2],[36,-74],[14,9],[-48,71],[-47,29],[-37,170],[13,-94],[-21,34],[-28,-52],[-1,22],[14,4],[-7,74],[0,-65],[-11,39],[-7,-35],[-12,26],[-18,-39],[-13,77],[15,-96],[-9,-37],[-9,13],[-38,138],[15,0],[-6,36],[-38,30],[1,58],[-12,-41],[-50,97],[1,-25],[-13,-4],[-12,46],[-71,65],[2,43],[-9,13],[43,38],[-47,-38],[11,-30],[-10,-26],[-19,18],[-84,-6],[-31,-30],[3,-42],[-19,38],[1,-42],[-46,-14],[-16,-34],[1,-74],[-26,-37],[43,7],[-26,-44],[-30,-17],[-72,-113],[-48,-44],[-50,9],[-31,-60],[-5,-86],[9,-29],[36,-30],[16,-66],[52,-82],[50,-144],[-8,-41],[-96,-20],[16,0],[-33,-27],[3,-40],[-29,-45],[-145,-21],[-19,28],[13,64],[-26,94],[7,29],[-31,66],[12,15],[-13,17],[6,22],[-20,20],[21,27],[-9,0],[-1,56],[-13,-34],[-6,12],[7,-22],[-43,35],[18,-68],[-18,-39],[-9,17],[4,-34],[13,1],[-8,-58],[-69,39],[-33,25],[12,24],[-29,7],[3,60],[-19,21],[5,61],[-8,-26],[-19,68],[-6,-14],[-6,28],[16,-5],[-23,77],[-11,-42],[-57,42],[7,26],[-16,-25],[-46,25],[-13,-47],[4,35],[-25,3],[11,78],[-19,-26],[-12,26],[-23,-5],[-17,-29],[-11,42],[-13,-49],[-62,28],[-50,-17],[-23,-48],[9,-98],[-16,-17]],[[32665,60934],[13,0],[-8,-39],[-5,39]],[[32884,61105],[38,9],[-72,-53],[34,44]],[[32712,61003],[26,-39],[-53,8],[-43,89],[39,96],[29,-73],[-16,-47],[18,-34]],[[32530,61505],[-14,2],[3,-20],[-23,28],[14,11],[20,-21]],[[32487,61543],[9,-12],[-24,-17],[-15,29],[27,21],[11,-10],[-8,-11]],[[33567,61573],[10,-29],[-19,-33],[-2,49],[11,13]],[[32560,62209],[16,-22],[-21,-27],[-7,49],[-18,16],[30,-16]],[[32492,62265],[20,17],[7,-69],[-27,52]],[[33635,61667],[19,-72],[-8,-30],[-21,-8],[6,-39],[-22,53],[-2,88],[28,8]],[[36151,63792],[-17,-58],[-174,-86],[-23,-41],[11,-109],[27,-103],[29,-69],[48,-57],[-18,-17],[-6,23],[-24,-6],[18,-36],[14,-98],[32,-50],[-17,-168],[-42,-52],[-48,-145],[-23,-21],[-52,-175],[42,-107],[17,-72],[-14,44],[-6,-22],[16,-36],[-19,2],[7,-39],[25,26],[25,-38],[-19,-3],[-1,-32],[4,26],[20,0],[24,-38],[9,12],[-2,-59],[-26,-35],[24,2],[-4,-73],[37,-44],[44,-1],[80,54],[41,96],[26,16],[-6,151],[18,116],[-17,45],[5,29],[-45,77],[-20,107],[-32,43],[-35,114],[1,62],[-25,40],[14,39],[-10,71],[-18,43],[46,-8],[-3,47],[14,30],[-30,25],[69,17],[141,131],[119,36],[9,26],[85,35],[24,32],[1,43],[19,-26],[21,7],[-6,41],[-36,39],[78,-34],[27,-49],[17,1],[17,41],[-24,120],[-132,-53],[2,103],[-11,-8],[-21,61],[32,159],[63,54],[31,-25],[30,-90],[29,-240],[41,-103],[117,43],[70,-52],[66,0],[69,-66],[57,-88],[27,-4],[41,-172],[-32,-4],[46,-22],[-31,-35],[15,-107],[25,-76],[27,-31],[83,-5],[5,-17],[29,28],[202,37],[53,35],[225,0],[20,25],[76,-47],[-25,-21],[0,-23],[80,-123],[-16,8],[2,-25],[68,-39],[-50,56],[96,-78],[137,-55],[28,-31],[40,31],[62,-5],[16,29],[4,57],[17,-25],[12,38],[54,1],[30,32],[-28,20],[27,7],[0,27],[8,-30],[6,33],[50,54],[108,-20],[69,31],[-125,59],[-46,-12],[-21,-35],[-21,66],[9,33],[42,-34],[31,21],[45,-13],[23,13],[11,39],[19,-30],[67,-23],[55,44],[46,-12],[30,34],[77,-22],[74,39],[184,-47],[102,34],[-39,-56],[-96,-12],[-27,-64],[-109,23],[-87,-23],[-29,-48],[51,49],[9,-78],[-55,0],[13,-31],[-16,-52],[24,7],[-4,75],[21,-22],[39,15],[29,-63],[17,-102],[-10,-31],[-41,3],[-15,-28],[-26,39],[-39,0],[12,-22],[10,12],[6,-50],[7,47],[6,-25],[33,-9],[-1,-21],[5,47],[23,-14],[32,27],[0,83],[13,0],[28,-45],[18,-137],[21,-30],[20,-112],[25,85],[-5,83],[12,-23],[15,-58],[0,-88],[-13,-42],[21,55],[-14,130],[56,-37],[-65,49],[9,42],[57,-39],[64,-103],[7,-28],[-12,-61],[22,68],[12,-102],[4,61],[-32,84],[79,-29],[4,17],[-31,55],[12,1],[71,-101],[-27,64],[22,-13],[77,-151],[-1,17],[52,-14],[31,-27],[0,-32],[32,-20],[26,-89],[-100,-132],[-9,-38],[51,88],[-16,-84],[-30,-55],[-37,-220],[-150,4],[20,-38],[55,-48],[25,5],[25,-56],[34,60],[52,5],[-17,-22],[2,-39],[32,108],[94,18],[22,-31],[49,-14],[36,64],[58,-7],[58,-41]],[[39581,61762],[8,-21],[-19,-13],[3,-23],[-76,-3],[14,36],[34,-23],[9,43],[27,4]],[[39613,62024],[27,-17],[-8,-37],[-76,-75],[57,129]],[[39558,61938],[6,55],[72,74],[-78,-129]],[[39629,62080],[-29,-30],[8,60],[27,18],[-6,-48]],[[39647,62136],[20,15],[10,-24],[-39,-47],[9,56]],[[38596,63140],[25,-20],[-2,-26],[-32,25],[9,21]],[[38180,63230],[8,-31],[-13,-12],[-56,25],[27,33],[34,-15]],[[38640,63344],[19,-101],[-18,-4],[-18,-52],[-54,-17],[-39,69],[-16,-18],[-61,18],[12,59],[50,19],[13,-36],[44,-28],[24,80],[32,38],[12,-27]],[[37721,63750],[-11,-14],[-21,14],[18,-2],[12,27],[2,-25]],[[37879,63775],[10,-3],[-4,-24],[-26,23],[20,4]],[[38387,63822],[14,-51],[-28,8],[14,43]],[[39457,61744],[25,-6],[17,-72],[-92,68],[50,10]],[[39671,61831],[23,27],[-3,-33],[25,-17],[-2,-29],[-64,-2],[21,54]],[[39603,61899],[73,40],[15,-65],[-53,-94],[-83,-3],[-25,-24],[15,101],[58,45]],[[39120,62637],[-2,-21],[-9,46],[11,-25]],[[39174,62665],[2,-23],[-21,-19],[19,42]],[[39033,62862],[2,-35],[-43,75],[2,40],[39,-80]],[[106776,54741],[100,-26],[21,-38],[164,-127],[18,-37],[41,2],[20,-36],[-2,-26],[25,3],[270,-175],[191,-63],[31,-69],[67,-48],[67,-113],[49,1],[-14,-8],[38,-35],[23,45],[68,-12],[15,-102],[103,-75],[-1,-39],[42,-44],[29,-78],[89,-21],[114,-237],[37,-46],[4,-141],[-28,-223],[11,-34],[37,-3],[7,-20],[25,31],[105,-74],[59,-10],[112,-147],[40,-1],[12,-35],[54,-49],[75,24],[56,-44],[72,-170],[33,-39],[14,-89],[-5,-134],[-96,-40],[-144,27],[-56,-22],[-2,-130],[23,-49],[15,11],[-2,-81],[25,-43],[16,-156],[55,-33],[44,-64],[9,-44],[23,-10],[8,-71],[16,4],[-7,26],[17,-27],[14,-76],[50,-3],[30,-31],[10,-43],[50,6],[29,-248],[-2,-70],[72,-76],[47,-244],[57,-24],[46,40],[57,3],[25,38],[4,-19],[51,-8],[6,-51],[-11,-3],[14,-26],[-23,-24],[-28,-116],[15,-74],[77,-68],[184,-30],[14,-47],[-82,-36],[-29,-35],[45,-90],[0,-25],[41,-38],[70,-10],[64,-69],[73,-3],[-6,-18],[15,-27],[82,34],[-86,-75],[-72,27],[-17,-41],[4,-21],[96,-48],[15,-50],[-69,-41],[-19,-41],[-30,18],[-43,-27],[-10,36],[-21,-14],[-35,34],[-1,30],[-8,-17],[-7,22],[-36,4],[13,32],[32,-10],[30,33],[-42,22],[-10,-39],[-17,58],[-42,36],[-79,-16],[-47,55],[-14,-21],[-75,47],[-47,-27],[-70,27],[-8,30],[14,18],[-19,5],[-7,29],[-17,-52],[-78,-8],[-83,81],[-17,-36],[-28,2],[-14,-26],[-21,49],[-20,-6],[5,34],[-8,-22],[-20,15],[-22,-27],[-6,52],[-30,22],[-31,63],[-8,70],[-61,143],[-45,16],[-17,52],[-14,-2],[8,-29],[-12,4],[-34,122],[-24,7],[8,10],[-10,75],[29,35],[0,27],[-34,-46],[-90,63],[-18,71],[19,57],[-13,-10],[-44,130],[-24,31],[-28,78],[-14,101],[-40,47],[-5,73],[-101,48],[-2,59],[-24,-30],[-92,10],[-86,87],[-11,-20],[-25,38],[-6,-25],[-59,22],[-13,23],[4,110],[-9,-71],[-18,1],[-39,75],[2,-46],[-19,-14],[-27,100],[-3,-110],[-35,99],[11,-107],[22,-71],[-31,49],[-16,-14],[-18,83],[7,-49],[-21,36],[-14,-17],[16,-69],[-20,-17],[-121,90],[-29,91],[-39,43],[11,-40],[22,-14],[70,-281],[-5,-13],[-21,34],[-25,4],[37,-47],[-49,-20],[-39,37],[-54,-5],[-13,44],[-28,14],[65,-93],[25,-104],[-8,-18],[-91,-5],[-126,-56],[-86,47],[-69,-45],[-26,14],[-18,90],[-45,-4],[-26,-27],[4,-15],[24,29],[41,4],[14,-88],[18,-28],[60,40],[32,-4],[57,-61],[67,-34],[54,-78],[44,-111],[3,-121],[-11,-23],[-106,-59],[-133,-148],[-147,107],[-196,-47],[-92,58],[-64,-57],[-58,79]],[[111029,49113],[4,-16],[-72,-15],[5,19],[-30,12],[-3,22],[-12,-17],[-21,12],[4,40],[-32,-18],[11,35],[-31,26],[-7,68],[163,-128],[21,-40]],[[111203,49262],[6,-24],[-11,-22],[-43,18],[-14,-23],[-30,27],[5,26],[40,-15],[-17,36],[64,-23]],[[110838,49306],[-27,58],[50,-36],[-23,-22]],[[110712,49710],[21,-26],[-39,-21],[-71,51],[48,-21],[41,17]],[[110136,49727],[-10,-40],[-36,23],[-4,-30],[3,51],[47,-4]],[[110069,49770],[6,-69],[-33,4],[-6,27],[30,-16],[-25,52],[28,2]],[[110170,50135],[23,20],[18,-28],[-23,-146],[-25,34],[-66,26],[-2,44],[13,25],[-16,25],[-12,-27],[-18,93],[-31,41],[1,50],[95,-145],[-4,-31],[18,-27],[17,-6],[12,52]],[[110045,50324],[-123,13],[27,53],[-19,37],[-8,77],[24,17],[56,-63],[29,25],[13,-17],[29,-56],[-8,-37],[23,-49],[-30,-39],[5,33],[-18,6]],[[109901,50500],[-11,-63],[8,-11],[-16,-19],[-47,53],[-21,47],[2,38],[34,59],[33,-34],[18,-70]],[[110775,50644],[-4,-32],[-18,0],[12,-40],[-8,18],[-44,-17],[-22,46],[-3,-49],[-30,48],[17,-2],[3,26],[-36,48],[-42,14],[10,19],[-16,31],[-10,-74],[-11,58],[21,29],[22,-32],[92,-5],[67,-86]],[[110148,50878],[10,-39],[-33,65],[27,90],[-41,40],[20,56],[23,6],[-7,-59],[10,-48],[-9,-111]],[[107652,50959],[15,-28],[-8,-30],[-150,195],[99,-66],[44,-71]],[[107576,51092],[-21,34],[85,-1],[13,-64],[-27,-6],[-50,37]],[[109129,52858],[6,-88],[-25,-68],[-5,38],[-32,20],[-37,95],[1,65],[25,13],[67,-75]],[[111752,52210],[11,-54],[-12,-41],[-5,41],[-12,-46],[-21,12],[-40,-59],[-57,23],[-65,75],[-52,120],[11,-4],[10,50],[-7,86],[-75,68],[-19,70],[-59,93],[-2,71],[-16,43],[9,124],[14,6],[-23,80],[24,-12],[40,-65],[57,4],[42,-131],[7,-71],[53,-55],[44,-145],[12,11],[17,-30],[16,26],[12,-54],[46,-63],[34,-96],[6,-77]],[[109146,53002],[16,-27],[-9,-28],[-15,22],[8,33]],[[108982,53058],[14,-21],[-16,-26],[-13,34],[15,13]],[[108850,53069],[11,-54],[-7,-43],[-20,-13],[-52,79],[4,47],[32,33],[32,-49]],[[111351,53106],[-13,-136],[-19,-20],[-23,138],[5,75],[-14,-11],[30,78],[18,-21],[16,-103]],[[109486,53311],[20,3],[-9,-28],[-11,25]],[[108515,53348],[13,23],[7,-30],[-20,7]],[[109618,53461],[14,-46],[-16,34],[-5,-26],[-14,8],[21,30]],[[108446,53530],[18,-32],[2,-47],[-5,-33],[-34,-30],[-17,27],[-2,42],[25,70],[13,3]],[[110583,53648],[-19,-101],[16,-111],[-39,-158],[-45,-40],[-61,10],[1,-103],[57,-124],[-17,-69],[-88,-85],[-38,40],[-33,-29],[-13,25],[-39,0],[-4,-32],[27,-49],[-34,-27],[-15,-61],[-67,-100],[-32,-13],[-9,-28],[-60,-15],[-20,25],[-8,-67],[-50,-17],[-60,-79],[-73,-14],[-23,24],[-24,-28],[-17,28],[-14,-40],[-8,30],[-21,-21],[-96,0],[-49,117],[-56,41],[-52,-17],[-7,-39],[-30,-11],[9,14],[-15,45],[6,39],[-61,8],[2,32],[-32,7],[-5,43],[-126,54],[-19,58],[5,94],[29,55],[42,-59],[32,37],[65,-38],[43,48],[82,-84],[69,23],[22,-17],[11,26],[44,17],[2,26],[17,-56],[24,38],[40,-5],[24,59],[-23,45],[37,78],[-4,87],[7,32],[26,17],[29,-34],[-42,-61],[2,-67],[-16,-18],[43,-157],[48,-10],[56,71],[39,-24],[14,-44],[28,14],[30,57],[36,-27],[32,48],[23,154],[57,107],[35,29],[4,27],[41,-24],[13,16],[27,-31],[22,41],[6,48],[-13,135],[-46,180],[-4,68],[11,23],[92,-24],[21,-57],[28,-16],[22,34],[-8,53],[43,-8],[16,39],[20,-58],[-22,15],[2,-61],[78,-23]],[[108141,53835],[7,-44],[-20,-4],[-4,41],[17,7]],[[110840,54196],[14,16],[9,-34],[-23,18]],[[110876,54260],[14,-7],[0,-23],[-25,8],[11,22]],[[111322,54326],[30,-124],[-39,138],[-20,21],[25,-13],[4,-22]],[[110660,54419],[-2,-69],[-38,93],[40,18],[0,-42]],[[110108,54517],[12,-8],[-86,-6],[38,48],[36,-34]],[[110467,54543],[3,-25],[-18,-25],[-18,93],[33,-43]],[[110448,54612],[-33,-24],[0,87],[32,-25],[1,-38]],[[110438,54702],[-8,22],[13,21],[13,-30],[-18,-13]],[[110822,53695],[0,-66],[-32,-69],[11,-73],[-59,-154],[-69,188],[-1,241],[-56,193],[-77,179],[-39,50],[-62,19],[-58,61],[-65,122],[-47,31],[-14,40],[-113,138],[-52,42],[-58,-2],[0,37],[44,8],[-4,34],[-29,18],[7,37],[53,-84],[66,-60],[15,-53],[73,-24],[126,-175],[79,-37],[45,-116],[57,-66],[22,-75],[27,0],[23,-103],[60,-47],[22,16],[16,-75],[25,3],[64,-178]],[[109933,54783],[-5,-78],[-88,-14],[-76,136],[83,55],[72,-58],[14,-41]],[[109055,54968],[18,-30],[-7,-24],[-43,-2],[19,10],[13,46]],[[108924,55127],[0,-48],[-47,-2],[-28,-77],[-25,15],[-59,-20],[-84,50],[9,-39],[-27,5],[-25,-37],[-17,49],[32,27],[-12,70],[15,-10],[10,30],[151,0],[12,-26],[12,16],[77,-42],[-11,53],[17,-14]],[[109690,55447],[19,-67],[-42,3],[-40,58],[-2,36],[14,49],[12,-4],[39,-75]],[[111173,53573],[20,-39],[-7,-33],[-16,21],[0,17],[13,-30],[6,25],[-16,39]],[[110605,53779],[2,-47],[-20,30],[18,17]],[[110997,53839],[-11,-56],[-14,26],[12,35],[13,-5]],[[111015,53865],[5,-26],[-18,9],[13,17]],[[107803,54356],[11,16],[13,-26],[-24,10]],[[110119,50332],[-2,-18],[-20,48],[21,0],[1,-30]],[[107721,51049],[-7,-27],[-5,15],[12,12]],[[107674,51114],[-9,-22],[-36,48],[33,6],[12,-32]],[[107670,51290],[9,-17],[-8,-19],[-22,36],[21,0]],[[107674,51325],[5,-29],[-36,20],[-6,24],[37,-15]],[[110174,53306],[11,-17],[-5,-18],[-29,13],[23,22]],[[107644,54253],[-20,11],[-3,26],[26,-18],[-3,-19]],[[109780,55322],[-26,-8],[-5,20],[17,14],[14,-26]],[[71484,74840],[-49,-112],[-38,-360],[-71,-261],[15,-91],[-7,-125],[-73,-115],[12,-39],[-20,36],[-45,18],[-97,131],[-66,171],[-44,43],[-57,132],[-11,-5],[-17,264],[-97,158],[-23,107],[-27,44],[-7,-17],[-8,174],[-29,56],[-9,118],[-2,-44],[-19,12],[-12,-18],[11,-41],[-58,-167],[85,-157],[22,-150],[-11,-86],[61,-122],[20,-125],[45,-56],[82,-217],[101,-154],[13,-66],[-35,34],[-5,-14],[17,-45],[11,5],[-7,-32],[19,-39],[-12,22],[-20,-22],[20,-68],[25,-26],[20,-96],[49,-63],[-1,-76],[53,-140],[0,-37],[-16,-4],[-2,-112],[24,-26],[108,-382],[98,-271],[119,-416],[4,-56],[52,-151],[-5,-46],[82,-136],[34,-109],[4,19],[33,-76],[45,-22],[18,-51],[-93,47],[-10,-37],[2,-264],[44,-224]],[[71729,70862],[24,-129],[23,-39],[-13,38],[11,-6],[30,-99],[126,-80],[29,-90],[38,-41],[4,-44],[152,-182],[-4,-44]],[[71217,70146],[-300,0]],[[68246,76197],[13,-78],[37,-16],[221,69],[299,-113],[33,8],[87,-51],[32,8],[41,-98],[72,-27],[64,37],[24,-88],[130,-25],[36,15],[129,-79],[8,-29],[64,-53],[63,7],[95,75],[188,236],[8,-30],[26,-9],[-2,-34],[34,30],[7,-17],[0,25],[-36,0],[44,45],[10,93],[18,-35],[-12,41],[58,-28],[146,77],[-144,-115],[28,-9],[16,21],[20,-21],[21,36],[61,-6],[16,52],[30,-16],[-3,29],[-44,28],[40,15],[153,-104],[105,58],[24,-9],[26,-76],[59,-65],[-69,62],[-35,86],[-14,-21],[11,-43],[-13,22],[-5,-14],[18,-17],[-16,-4],[9,-35],[-20,4],[-10,-47],[39,-38],[7,17],[7,-40],[20,27],[17,-8],[-7,-56],[11,9],[-2,-35],[21,-21],[-3,25],[61,27],[0,81],[-25,19],[41,-15],[90,-132],[54,13],[55,46],[-30,-34],[-57,-30],[21,-9],[66,46],[27,-35],[18,49],[-11,-21],[-25,4],[51,56],[16,-49],[-13,-7],[5,-39],[43,35],[14,-13],[-9,17],[36,4],[7,26],[31,-17],[49,-7],[133,70],[51,54]],[[71178,73592],[-17,16],[38,-13],[8,-34],[-29,31]],[[71362,73917],[9,-13],[-14,-13],[24,-2],[15,-32],[-34,6],[-10,41],[10,13]],[[70982,75904],[33,-29],[-68,47],[35,-18]],[[70883,75928],[9,8],[52,-10],[-53,2],[-56,-50],[48,50]],[[71433,73880],[-9,-31],[-14,14],[23,17]],[[77540,66793],[-185,-122],[-80,-115],[-46,-175],[7,-67],[16,-19],[1,-145],[-105,-63],[-14,-40],[-13,11],[-50,-41],[-1,-39],[-49,-15],[-54,-55],[-271,-113],[-124,-129],[-79,-2],[-190,-119],[-63,-83],[-30,2],[-27,-75],[-2,-47],[-103,-177],[-43,2],[-32,-36],[-44,17],[-49,-29],[-17,38],[-41,17],[-123,-115],[-82,-137],[-162,-76],[-70,-65],[-156,4],[-189,-59],[-87,-170],[-95,-68],[-20,-125],[-26,12],[18,14],[-6,34],[-48,-34],[0,-21],[16,1],[-13,-26],[-32,26],[-19,-19],[-11,39],[-28,10],[-65,-94],[-74,-32],[-18,13],[17,-5],[1,18],[-13,-3],[-69,-36],[-17,34],[-98,65],[-29,-46],[-17,7],[4,96],[-82,274],[9,152],[14,37],[-5,85],[-16,97],[-46,130],[-45,269],[21,-45],[-8,139],[-38,138],[0,20],[20,-66],[-2,86],[-19,48],[-6,70],[-43,46],[-25,-17],[-14,15],[-2,23],[24,2],[10,75],[-5,-34],[32,-64],[5,36],[-10,133],[-29,139],[47,134],[-15,285]],[[77528,63995],[11,-25],[-34,17],[23,8]],[[77309,64003],[-2,-24],[-50,5],[-58,49],[110,-30]],[[74326,64308],[2,-27],[-15,22],[13,5]],[[77999,64226],[23,4],[-45,-52],[-52,-21],[-36,-51],[-136,-32],[-53,21],[-88,131],[28,11],[2,60],[41,36],[45,-6],[64,-67],[9,31],[44,-1],[37,35],[117,-99]],[[74098,64943],[-18,-15],[10,49],[21,23],[-13,-57]],[[74104,65179],[13,-26],[-6,-65],[-30,58],[23,33]],[[74062,66044],[-18,-34],[16,4],[-5,-57],[-15,-24],[-3,78],[25,33]],[[54376,66271],[1,287],[27,236],[95,387],[41,254],[8,184],[-15,328],[-45,312],[-26,93],[-28,57],[-33,23],[-23,76],[59,22],[25,71],[-36,-41],[9,48],[-33,-80],[14,82],[63,157],[-5,68],[-22,-8],[30,71],[-12,83],[20,50],[-49,127],[-27,142],[-13,3],[19,16],[-24,0],[-16,40],[-4,-112],[-43,74],[0,37],[-82,264],[-33,-80],[4,-62],[-15,-18],[-2,-86]],[[54431,68779],[10,35],[-28,-168],[-11,53],[15,75],[14,5]],[[63141,56995],[-2,37],[16,9],[-48,17],[5,21],[-45,-56],[-14,51],[-45,-12],[-20,48],[34,86],[6,60],[43,98],[30,-2],[20,20],[-27,-16],[-19,44],[67,181],[-15,102],[1,134],[11,19]],[[62847,58719],[10,-77],[-88,-270],[-79,48],[-9,41],[6,51],[11,27],[35,0],[29,164],[26,29],[59,-13]],[[54306,64553],[-11,15],[-15,156],[51,99],[29,-22],[-11,-22],[11,-55],[57,-52],[0,-30],[14,5],[-21,38],[22,-8],[39,38],[10,-43],[6,-3],[19,16],[-16,-11],[-9,47],[22,59],[180,17],[25,34],[68,-43],[15,35],[-19,-25],[-68,45],[-71,-40],[-124,-6],[-43,-58],[-6,28],[-4,-34],[-29,-10],[-44,14],[6,36],[-18,43],[-1,63]],[[97879,70497],[-7,-20],[15,17],[27,-28],[-27,-34],[-29,-3],[14,-31],[10,23],[11,-16],[17,44],[8,-35],[4,24],[13,-16],[-14,-65],[-13,36],[-20,-17],[18,-41],[-5,-24],[-14,40],[-5,-26],[-15,23],[-7,-18],[-23,50],[-63,4],[-6,21],[62,75]],[[97848,70261],[-10,35],[16,-20],[-6,-15]],[[97874,70328],[14,-52],[-12,22],[-5,-30],[-31,51],[34,9]],[[97753,70310],[68,49],[-25,-80],[-12,18],[-33,-25],[2,38]],[[71194,78331],[-36,3]],[[71083,78312],[-34,1],[-12,24],[-25,-43],[3,56],[-21,66],[-32,-24],[-53,15],[-100,-66],[-48,64]],[[70761,78405],[39,-21],[21,17],[14,60],[-5,79],[169,-43],[77,19],[311,208],[-7,-30],[-145,-143],[-26,-57],[-36,-8],[-17,-92],[38,-63]],[[70737,78408],[-13,-5]],[[70724,78403],[13,5]],[[71194,78331],[3,-4]],[[70754,78406],[7,-1]],[[70737,78408],[7,0]],[[70719,78399],[5,4]],[[70860,78056],[7,-35],[-30,0],[-9,55],[-51,-2]],[[70862,78062],[-2,-6]],[[71145,69992],[-102,-24]],[[42831,5004],[161,32],[68,-22],[789,65],[268,-20],[39,-30],[-107,-31],[110,-33],[67,50],[258,52],[110,-135],[-247,-175],[57,-62],[155,-32],[73,65],[104,-47],[327,91],[133,85],[42,-91],[283,167],[-2,149],[408,172],[61,128],[236,141],[216,8],[524,165],[11,29],[388,-86],[131,-58],[137,72],[76,-19],[44,44],[141,9],[85,74],[187,67],[-83,29],[36,21],[626,0],[99,38],[-95,36],[177,-28],[300,67],[559,-41],[-323,120],[464,15],[68,14],[-13,54],[1140,34],[46,19],[646,10],[61,41],[387,17],[124,41],[-418,64],[-157,-4],[2,67],[-158,-42],[-1977,121],[377,193],[-96,-24],[-2,27],[-75,8],[-154,-15],[-11,24],[205,86],[-85,4],[-14,44],[-112,-45],[-12,20],[-735,-106],[-465,66],[-13,39],[-663,141],[-64,150],[143,251],[65,37],[79,1],[89,191],[270,-4],[-86,65],[16,74],[329,200],[182,31],[224,84],[127,-28],[68,13],[73,109],[344,78],[95,95],[249,82],[96,81],[505,133],[278,36],[54,46],[76,4],[215,99],[577,110],[520,41],[39,31],[52,-23],[25,21],[76,-38],[8,15],[79,-17],[44,24],[136,-27],[108,50],[93,8],[-21,50],[110,43],[210,-48],[175,0],[1,29],[90,-8],[-6,46],[111,-25],[133,14],[-93,33],[-111,112],[106,51],[13,78],[83,21],[152,133],[-54,87],[113,33],[18,135],[38,20],[286,19],[319,-78],[147,44],[-41,26],[6,62],[258,153],[54,74],[-88,12],[-30,37],[-322,-105],[-163,5],[-29,28],[-85,6],[2,18],[40,-14],[188,57],[-252,64],[49,171],[153,68],[26,97],[111,44],[227,23],[90,-25],[57,-52],[20,21],[148,11],[-26,30],[40,50],[-165,171],[336,-77],[266,158],[397,104],[-8,73],[57,78],[-48,3],[117,77],[-28,7],[90,161],[-34,24],[-193,-8],[-207,75],[-72,116],[6,59],[156,60],[73,-10],[3,-83],[118,-18],[87,-77],[92,-10],[53,31],[-44,74],[26,53],[221,129],[-153,80],[126,49],[42,-20],[20,-87],[144,-10],[132,-67],[22,-44],[-46,-87],[101,-8],[25,-171],[112,-18],[83,96],[23,-51],[147,0],[21,29],[-64,74],[70,100],[2,115],[-104,101],[-12,91],[209,33],[221,-83],[63,116],[139,37],[112,-33],[36,-69],[-51,-118],[-108,-55],[-4,-63],[-74,-57],[43,-35],[587,27],[71,-30],[11,18],[67,-16],[0,46],[148,-143],[67,147],[100,-46],[0,50],[104,15],[64,-70],[78,-5],[48,-68],[45,40],[192,-14],[28,78],[58,40],[108,-76],[-47,-154],[110,-39],[35,-50],[198,216],[156,99],[656,227],[185,3],[382,70],[58,45],[188,14],[19,33],[394,6],[110,32],[82,-15],[9,37],[30,-12],[29,23],[53,-24],[35,28],[101,-7],[19,26],[19,-20],[-76,113],[13,93],[138,7],[-20,-118],[32,-66],[171,-7],[113,41],[18,40],[99,-14],[5,54],[-71,27],[-13,38],[77,69],[55,-2],[120,-106],[0,-59],[108,-69],[418,-191],[38,13],[157,-29],[86,68],[2,81],[78,110],[239,85],[-33,43],[-152,24],[-13,36],[174,15],[125,-142],[168,-47],[179,39],[131,-28],[85,24],[263,-54],[45,118],[71,30],[134,6],[24,-56],[-48,-146],[121,9],[19,-28],[96,13],[292,-49],[135,25],[-82,110],[154,42],[75,55],[116,-48],[-39,-16],[41,-59],[-127,-167],[6,-63],[119,-112],[92,-20],[55,33],[230,-18],[140,41],[54,-9],[65,37],[2,148],[179,219],[277,-197],[-32,-44],[-218,-28],[180,-24],[-14,-41],[133,-6],[75,-38],[114,5],[153,262],[118,-4],[103,-85],[12,-43],[-63,-40],[18,-39],[216,-129],[185,-30],[17,14],[135,-44],[95,21],[59,-15],[160,68],[116,-41],[15,40],[-53,34],[22,20],[91,19],[43,42],[191,17],[26,23],[57,-10],[107,63],[87,15],[138,111],[104,18],[26,33],[115,25],[183,-2],[66,37],[115,-14],[487,140],[41,52],[-10,91],[49,79],[5,97],[-16,91],[-155,174],[6,112],[111,94],[126,52],[360,-12],[24,-74],[-93,-29],[-87,-98],[-75,-27],[55,-1],[50,-43],[147,-6],[86,39],[168,-119],[25,-21],[-32,-104],[41,-48],[-49,-84],[54,-41],[278,62],[27,-42],[70,29],[0,33],[112,-16],[110,-160],[67,34],[14,65],[70,-17],[35,16],[-29,25],[92,5],[0,-47],[84,25],[67,-31],[-73,-52],[78,-63],[-12,-46],[66,-1],[99,-103],[100,-6],[20,28],[-87,62],[-4,42],[130,60],[5,116],[95,13],[32,55],[29,-37],[-3,34],[37,-5],[-31,44],[37,9],[17,89],[-49,49],[38,17],[-35,162],[49,120],[135,17],[87,52],[76,-20],[95,73],[-8,24],[176,78],[145,41],[185,16],[8,98],[96,54],[-7,26],[192,39],[124,-8],[75,49],[164,6],[45,-32],[66,28],[-70,66],[14,30],[104,51],[53,-10],[90,32],[60,-31],[-22,-33],[22,-17],[63,41],[15,59],[133,8],[61,-58],[1,79],[73,18],[-106,19],[-24,70],[16,71],[66,37],[145,5],[25,-49],[150,-40],[-174,-61],[4,-47],[66,24],[66,-14],[-70,-40],[-7,-17],[33,-1],[-34,-29],[57,34],[123,-6],[-21,-31],[-88,-21],[17,-19],[63,-7],[121,85],[74,-2],[107,-49],[-94,-99],[26,-83],[44,-1],[112,184],[-46,159],[197,61],[52,56],[-5,41],[30,0],[-49,31],[-57,-13],[-6,27],[-112,-44],[-85,21],[-40,41],[2,66],[75,50],[157,33],[52,41],[44,-85],[-62,-29],[50,-28],[160,11],[30,-31],[-62,-132],[150,108],[165,-79],[26,2],[-24,38],[77,-24],[-21,24],[53,6],[-7,34],[-165,28],[21,47],[-32,20],[51,70],[83,48],[-181,3],[-31,115],[16,69],[99,108],[271,51],[42,63],[98,53],[671,120],[74,-28],[389,-26],[143,-61],[83,-57],[3,-39],[113,-86],[63,-90],[16,41],[120,-5],[133,-79],[26,-45],[-2,-66],[-88,-13],[-131,30],[-19,43],[-23,-46],[-101,65],[-67,-2],[32,-16],[-25,-31],[53,-31],[113,-21],[-51,-20],[11,-20],[50,10],[-50,-25],[89,-12],[16,-31],[-35,-27],[-110,42],[7,-33],[-46,-14],[71,-37],[-201,-123],[-10,-36],[140,43],[-22,-96],[28,-38],[129,188],[136,40],[130,-26],[-17,28],[95,33],[137,-74],[44,6],[-30,-79],[74,48],[52,-1],[10,-29],[77,24],[76,-13],[59,-42],[-24,-37],[-157,46],[15,-42],[177,-80],[-47,-39],[93,2],[83,-76],[26,7],[-28,44],[49,9],[1,71],[269,17],[233,-85],[-13,-23],[48,-32],[112,34],[169,-15],[166,-61],[165,79],[179,19],[356,-93],[667,-87],[134,20],[70,-32],[345,-53],[243,31],[82,72],[86,-13],[24,-71],[-16,-161],[181,-234],[-95,-53],[-87,-5],[-20,-21],[34,-8],[-23,-53],[22,3],[-130,-73],[35,-34],[157,8],[-46,-59],[-138,-51],[10,-33],[130,-43],[5,-80],[-45,-35],[-87,19],[-28,-29],[-113,37],[-59,-50],[52,-41],[-51,-24],[-4,-36],[104,-4],[103,-38],[-51,-55],[-106,-22],[107,-36],[-61,-94],[-88,-44],[-62,-2],[-131,189],[-18,-81],[-71,-47],[1,-34],[-114,-29],[-30,-111],[-87,-38],[4,-26],[160,18],[-11,-44],[99,-68],[148,33],[47,-44],[42,74],[78,31],[81,-8],[30,-72],[-17,-164],[-103,-214],[-109,-79],[34,-26],[-205,-95],[-74,-115],[13,-90],[-112,-72],[26,-19],[-54,-43],[19,-61],[-81,-55],[17,-154],[-112,-375],[-217,-129],[27,-52],[50,-10],[181,21],[-28,-46],[49,3],[20,-29],[265,104],[32,121],[-65,163],[137,116],[53,20],[86,-11],[111,48],[143,-10],[15,-20],[36,101],[94,28],[-49,44],[18,43],[32,27],[192,18],[66,64],[-94,72],[80,-1],[144,64],[31,-15],[21,16],[-74,36],[14,31],[104,-11],[44,18],[-127,97],[14,75],[111,56],[0,26],[-64,14],[66,139],[48,4],[-11,26],[65,43],[-40,44],[90,70],[52,-27],[13,33],[51,-14],[99,130],[69,14],[-71,178],[43,57],[154,57],[6,75],[52,38],[23,11],[77,-51],[59,73],[64,21],[53,-16],[27,-43],[-4,-71],[33,14],[21,-18],[84,57],[19,-46],[55,32],[50,-50],[61,79],[47,-82],[166,100],[-54,100],[23,61],[185,75],[9,-44],[67,69],[68,3],[63,93],[106,18],[50,-14],[124,47],[27,77],[40,3],[-32,16],[28,33],[-32,3],[17,63],[52,38],[175,38],[-70,30],[29,31],[-28,72],[95,140],[128,72],[208,68],[326,96],[46,-4],[394,138],[96,-22],[79,65],[65,3],[41,-24],[104,36],[85,-49],[48,12],[13,28],[-75,30],[-14,62],[112,83],[175,56],[62,68],[175,25],[68,-52],[149,-18],[88,31],[62,61],[164,8],[46,-22],[137,81],[285,102],[65,-4],[30,-51],[161,46],[287,-38],[71,36],[112,11],[83,-30],[31,48],[198,103],[116,-11],[175,61],[85,-14],[51,-47],[130,-24],[87,45],[200,-13],[36,-14],[2,-89],[50,38],[20,-30],[43,10],[18,28],[98,33],[39,49],[124,42],[121,-32],[22,-69],[58,-9],[-13,-36],[25,-1],[131,33],[53,55],[32,-27],[67,18],[68,-19],[156,77],[51,-10],[34,-46],[34,6],[11,-38],[74,-29],[49,70],[135,74],[93,0],[4,-109],[177,83],[-118,-96],[34,-53],[-38,-29],[41,-85],[63,135],[51,-37],[84,57],[36,66],[10,-72],[121,108],[118,43],[11,-33],[45,17],[17,-39],[48,38],[-38,4],[13,17],[-32,17],[128,11],[95,127],[111,74],[-102,18],[56,54],[333,-5],[125,57],[197,-42],[101,-51],[99,19],[169,-51],[71,-51],[240,-42],[317,-107],[14,-34],[22,20],[62,-8],[34,-35],[139,5],[220,-56],[33,-51],[-59,-65],[3,-69],[58,75],[107,63],[31,-81],[107,-38],[31,-69],[48,-28],[89,55],[86,-30],[75,8],[3,27],[76,14],[12,34],[169,88],[79,-42],[38,7],[-47,116],[41,78],[-79,60],[146,160],[229,76],[77,-1],[451,106],[24,-42],[167,-73],[217,-174],[-40,-82],[58,-36],[-53,-59],[263,19],[178,-85],[44,-109],[-131,-135],[-452,-117],[-71,-80],[18,-27],[-70,-56],[15,-31],[109,14],[212,84],[-29,-45],[29,-5],[47,36],[148,33],[27,59],[154,24],[16,-27],[55,50],[48,-13],[25,43],[42,-33],[194,126],[-20,-118],[221,33],[56,-55],[67,56],[170,32],[-58,-73],[12,-21],[45,14],[144,-18],[97,45],[60,-7],[357,114],[15,-20],[-35,-22],[-535,-167],[74,-90],[513,119],[141,63],[197,24],[85,54],[32,-7],[-21,27],[147,82],[301,70],[136,-10],[57,62],[95,38],[7,-16],[75,12],[36,-39],[-10,-38],[125,-26],[36,39],[108,24],[87,151],[98,17],[71,55],[50,-23],[36,-81],[51,0],[14,-58],[19,130],[41,-56],[51,24],[-7,-24],[56,-4],[-94,-135],[45,15],[38,-31],[-46,-41],[0,-56],[95,24],[32,-26],[-21,-52],[28,-15],[-1,-112],[34,92],[60,36],[12,-86],[224,29],[30,-50],[56,19],[63,-47],[62,24],[19,51],[100,-93],[69,105],[57,30],[-17,63],[64,81],[-37,24],[82,158],[127,102],[82,6],[-2,-18],[73,21],[56,72],[179,-57],[42,16],[121,-20],[239,59],[116,-25],[150,69],[172,-16],[165,-134],[45,5],[-105,-121],[76,13],[4,-23],[139,114],[-9,-18],[146,22],[54,145],[51,-9],[45,-146],[42,45],[124,25],[74,-83],[64,-26],[37,-82],[27,120],[240,3],[87,-15],[140,-81],[-2,-79],[66,53],[103,10],[30,-29],[240,-15],[8,-36],[66,13],[63,-38],[-14,-66],[95,42],[58,0],[34,-36],[44,39],[161,-27],[93,-59],[99,51],[134,-12],[165,-142],[114,4],[229,110],[117,-47],[6,-97],[-42,-41],[105,34],[15,-58],[24,84],[43,26],[66,-8],[50,-63],[-36,-50],[-78,15],[62,-48],[-69,-106],[-41,44],[-30,-48],[34,-108],[-103,-116],[-13,-41],[38,9],[-24,-63],[91,30],[-6,-43],[37,0],[73,100],[44,27],[101,8],[125,140],[55,0],[57,-139],[39,90],[105,4],[47,-23],[13,-40],[-40,-39],[64,-64],[46,76],[29,-25],[-39,-114],[45,9],[2,-32],[38,31],[69,1],[-105,-128],[15,-23],[154,88],[-4,-60],[-112,-106],[130,6],[-26,-76],[211,37],[62,-9],[50,-58],[80,31],[16,-33],[107,-1],[27,41],[55,-32],[99,32],[18,-36],[60,47],[132,-64],[32,15],[-59,47],[10,22],[59,-44],[155,-10],[192,60],[53,-70],[-48,-164],[18,-37],[46,-63],[41,30],[93,-55],[3,140],[116,17],[78,-44],[123,13],[188,-102],[76,12],[20,57],[56,-17],[98,22],[-48,134],[55,33],[-61,74],[9,47],[56,13],[280,-156],[-2,-71],[-87,10],[45,-63],[-23,-48],[92,58],[72,-118],[41,18],[68,-21],[16,-67],[-32,-16],[116,-61],[39,21],[-73,73],[68,25],[49,-24],[37,-81],[34,8],[83,-65],[262,26],[94,-173],[75,34],[-47,21],[21,85],[47,12],[25,-20],[29,34],[40,0],[92,-33],[76,-73],[106,16],[94,-123],[45,53],[93,-45],[86,-4],[187,-182],[-28,-49],[-156,0],[32,-72],[88,13],[165,-50],[-14,-35],[55,2],[162,-226],[-23,-71],[28,30],[6,-61],[57,-38],[-47,-69],[17,-66],[94,24],[27,-39],[69,11],[52,-83],[83,-43],[30,48],[-70,111],[-60,16],[-14,245],[33,78],[166,28],[100,-88],[8,-58],[83,-53],[93,-44],[139,19],[10,-97],[38,-6],[63,95],[-57,67],[70,26],[212,-52],[183,6],[166,-75],[148,63],[118,-22],[37,-36],[-126,-21],[4,-35],[129,-14],[186,18],[95,-20],[56,-83],[-219,-35],[-10,-32],[231,10],[75,-59],[-19,-22],[-59,7],[-36,-60],[246,42],[57,-13],[30,-58],[108,-50],[16,12],[127,-112],[82,4],[43,-42],[29,8],[68,-70],[60,81],[-33,158],[133,-243],[50,-12],[51,-85],[-127,-108],[-84,130],[-65,-82],[40,-12],[-20,-44],[-50,0],[-10,-94],[-81,-31],[79,-42],[-42,-89],[132,65],[-9,-174],[-51,-5],[-236,90],[-88,-11],[-140,79],[-130,-9],[184,-127],[144,-1],[56,-65],[70,10],[84,-44],[-116,-142],[-1,-74],[-136,-14],[14,-109],[-69,4],[-38,30],[27,82],[-86,-18],[12,27],[-119,66],[-32,-11],[12,-110],[-97,30],[-290,-22],[-74,81],[-128,42],[7,46],[-81,-13],[24,-52],[118,-49],[-21,-35],[56,-63],[-32,-90],[106,71],[72,-14],[7,-25],[199,-28],[-102,0],[31,-55],[-84,30],[-72,-4],[-8,-45],[70,-17],[-54,-15],[-94,39],[14,-63],[-61,-15],[-34,65],[-52,-65],[-46,-2],[-104,70],[26,-53],[-114,0],[-16,-20],[156,-80],[-50,-55],[-187,5],[70,-42],[-47,-26],[-130,13],[-21,22],[13,158],[-68,122],[108,45],[-54,11],[-94,-41],[-129,36],[-12,-43],[92,-16],[43,-37],[4,-109],[-64,-78],[79,-68],[-27,-26],[146,-62],[-78,-15],[-84,56],[-77,24],[-60,-10],[61,-48],[26,13],[2,-29],[26,18],[21,-15],[13,-106],[68,-29],[69,-127],[62,-22],[-7,-85],[-86,65],[-109,-37],[-120,11],[-49,41],[-139,-35],[-25,-38],[-54,2],[-5,88],[-46,11],[-21,72],[-123,-48],[57,-77],[-75,-104],[-36,64],[-41,1],[-77,-154],[-73,5],[42,-64],[99,-29],[-80,-69],[16,-77],[-111,-30],[-161,52],[-101,-61],[-166,-1],[-130,-57],[114,-31],[53,27],[368,-2],[38,-89],[-92,-28],[62,-11],[33,-64],[195,-80],[-36,-53],[-84,-9],[65,-96],[-114,9],[43,-24],[-54,13],[18,-44],[-83,-4],[-24,-30],[79,-46],[51,34],[89,-9],[44,-127],[-153,-126],[140,-16],[43,-78],[-36,-38],[-80,16],[-67,-47],[54,-11],[-95,-21],[75,-6],[-32,-32],[244,-20],[124,-200],[96,-43],[-8,-60],[-98,-26],[71,-29],[-93,-33],[39,-33],[116,15],[112,-53],[-135,-22],[-36,-39],[271,2],[-47,-132],[-186,-88],[91,8],[174,-70],[152,45],[133,147],[36,-65],[-89,-48],[124,-45],[26,-94],[259,-54],[164,-1],[61,-87],[-58,-37],[-173,-3],[-152,91],[-559,-23],[-170,-84],[-107,10],[-31,-38],[-17,30],[-123,-2],[-51,-90],[-96,-40],[-47,104],[-118,12],[-122,94],[22,81],[-42,-25],[-49,9],[-72,-47],[62,-134],[78,-28],[-41,-20],[144,-123],[-190,30],[-48,66],[-115,-12],[64,-18],[-22,-54],[-145,7],[5,-37],[-107,-45],[24,-84],[89,-24],[-22,-40],[124,-44],[-137,16],[-160,-81],[-169,33],[80,-85],[321,27],[-251,-96],[-196,-30],[109,-66],[168,40],[174,-60],[156,50],[50,-15],[-29,-29],[-865,-195],[-197,-116],[132,-20],[740,51],[59,-80],[-122,33],[-4,-48],[-170,-28],[-55,26],[-60,-13],[41,-50],[127,-18],[199,43],[107,-17],[-56,-76],[112,-16],[-589,10],[-26,-47],[367,-16],[91,-29],[-78,-12],[89,-37],[-120,-8],[92,-58],[-94,-13],[91,-44],[-69,-2],[178,-32],[-74,-16],[-262,41],[164,-70],[-106,-40],[193,14],[62,-17],[-61,-54],[188,30],[5,-42],[-153,-37],[194,-14],[-10,-21],[305,-53],[46,-40],[-116,-53],[166,-6],[41,25],[70,-41],[-164,-24],[141,-18],[294,-156],[-26,-26],[-1064,-120],[54,-43],[574,9],[303,-43],[-53,75],[463,54],[186,-33],[109,-63],[-62,-71],[284,-24],[104,-86],[122,15],[133,-37],[-46,-52],[80,-16],[-115,-19],[132,-16],[-11,-28],[104,-19],[127,60],[167,-28],[58,-112],[-239,0],[152,-31],[-40,-21],[-222,7],[-170,40],[-59,-21],[533,-107],[240,37],[28,-69],[54,49],[158,-22],[40,-50],[196,38],[126,-14],[128,-34],[-217,-21],[18,-18],[117,4],[209,-40],[14,-61],[273,31],[299,-60],[-104,-72],[521,30],[156,-45],[-47,-51],[125,14],[618,-60],[227,-55],[103,15],[-16,-36],[291,-12],[132,-45],[83,-52],[0,0],[0,-102],[0,-312],[0,-312],[0,-313],[0,-312],[0,-312],[0,-313],[0,-312],[0,-312],[0,-312],[0,-313],[0,-312],[-166,0],[-166,0],[-166,0],[-166,0],[-166,0],[-167,0],[-166,0],[-166,0],[-166,0],[-166,0],[-166,0],[-166,0],[-166,0],[-166,0],[-166,0],[-167,0],[-166,0],[-166,0],[-166,0],[-166,0],[-166,0],[-166,0],[-166,0],[-166,0],[-166,0],[-167,0],[-166,0],[-166,0],[-166,0],[-166,0],[-166,0],[-166,0],[-166,0],[-166,0],[-166,0],[-167,0],[-166,0],[-166,0],[-166,0],[-166,0],[-166,0],[-166,0],[-166,0],[-166,0],[-166,0],[-167,0],[-166,0],[-166,0],[-166,0],[-166,0],[-166,0],[-166,0],[-166,0],[-166,0],[-166,0],[-167,0],[-166,0],[-166,0],[-166,0],[-166,0],[-166,0],[-166,0],[-166,0],[-166,0],[-166,0],[-167,0],[-166,0],[-166,0],[-166,0],[-166,0],[-166,0],[-166,0],[-166,0],[-166,0],[-166,0],[-167,0],[-166,0],[-166,0],[-166,0],[-166,0],[-166,0],[-166,0],[-166,0],[-166,0],[-166,0],[-167,0],[-166,0],[-166,0],[-166,0],[-166,0],[-166,0],[-166,0],[-166,0],[-166,0],[-166,0],[-167,0],[-166,0],[-166,0],[-166,0],[-166,0],[-166,0],[-166,0],[-166,0],[-166,0],[-166,0],[-167,0],[-166,0],[-166,0],[-166,0],[-166,0],[-166,0],[-166,0],[-166,0],[-166,0],[-166,0],[-167,0],[-166,0],[-166,0],[-166,0],[-166,0],[-166,0],[-166,0],[-166,0],[-166,0],[-166,0],[-167,0],[-166,0],[-166,0],[-166,0],[-166,0],[-166,0],[-166,0],[-166,0],[-166,0],[-166,0],[-167,0],[-166,0],[-166,0],[-166,0],[-166,0],[-166,0],[-166,0],[-166,0],[-166,0],[-166,0],[-167,0],[-166,0],[-166,0],[-166,0],[-166,0],[-166,0],[-166,0],[-166,0],[-166,0],[-166,0],[-167,0],[-166,0],[-166,0],[-166,0],[-166,0],[-166,0],[-166,0],[-166,0],[-166,0],[-166,0],[-167,0],[-166,0],[-166,0],[-166,0],[-166,0],[-166,0],[-166,0],[-166,0],[-166,0],[-166,0],[-167,0],[-166,0],[-166,0],[-166,0],[-166,0],[-166,0],[-166,0],[-166,0],[-166,0],[-166,0],[-167,0],[-166,0],[-166,0],[-166,0],[-166,0],[-166,0],[-166,0],[-166,0],[-166,0],[-166,0],[-167,0],[-166,0],[-166,0],[-166,0],[-166,0],[-166,0],[-166,0],[-166,0],[-166,0],[-166,0],[-167,0],[-166,0],[-166,0],[-166,0],[-166,0],[-166,0],[-166,0],[-166,0],[-166,0],[-166,0],[-167,0],[-166,0],[-166,0],[-166,0],[-166,0],[-166,0],[-166,0],[-166,0],[-166,0],[-166,0],[-167,0],[-166,0],[-166,0],[-166,0],[-166,0],[-166,0],[-166,0],[-166,0],[-166,0],[-166,0],[-167,0],[-166,0],[-4,0],[0,0],[-162,0],[-166,0],[-166,0],[-166,0],[-166,0],[-166,0],[-166,0],[-166,0],[-167,0],[-166,0],[-166,0],[-166,0],[-166,0],[-166,0],[-166,0],[-166,0],[-166,0],[-166,0],[-167,0],[-166,0],[-166,0],[-166,0],[-166,0],[-166,0],[-166,0],[-166,0],[-166,0],[-166,0],[-167,0],[-166,0],[-166,0],[-166,0],[-166,0],[-166,0],[-166,0],[-166,0],[-166,0],[-166,0],[-167,0],[-166,0],[-166,0],[-166,0],[-166,0],[-166,0],[-166,0],[-166,0],[-166,0],[-166,0],[-167,0],[-166,0],[-166,0],[-166,0],[-166,0],[-166,0],[-166,0],[-166,0],[-166,0],[-166,0],[-167,0],[-166,0],[-166,0],[-166,0],[-166,0],[-166,0],[-166,0],[-166,0],[-166,0],[-166,0],[-167,0],[-166,0],[-166,0],[-166,0],[-166,0],[-166,0],[-166,0],[-166,0],[-166,0],[-166,0],[-167,0],[-166,0],[-166,0],[-166,0],[-166,0],[-166,0],[-166,0],[-166,0],[-166,0],[-166,0],[-167,0],[-166,0],[-166,0],[-166,0],[-166,0],[-166,0],[-166,0],[-166,0],[-166,0],[-166,0],[-167,0],[-166,0],[-166,0],[-166,0],[-166,0],[-166,0],[-166,0],[-166,0],[-166,0],[-166,0],[-167,0],[-166,0],[-166,0],[-166,0],[-166,0],[-166,0],[-166,0],[-166,0],[-166,0],[-166,0],[-167,0],[-166,0],[-166,0],[-166,0],[-166,0],[-166,0],[-166,0],[-166,0],[-166,0],[-166,0],[-167,0],[-166,0],[-166,0],[-166,0],[-166,0],[-166,0],[-166,0],[-166,0],[-166,0],[-166,0],[-167,0],[-166,0],[-166,0],[-166,0],[-166,0],[-166,0],[-166,0],[-166,0],[-166,0],[-166,0],[-167,0],[-166,0],[-166,0],[-166,0],[-166,0],[-166,0],[-166,0],[-166,0],[-166,0],[-166,0],[-167,0],[-166,0],[-166,0],[-166,0],[-166,0],[-166,0],[-166,0],[-166,0],[-166,0],[-166,0],[-167,0],[-166,0],[-166,0],[-166,0],[-166,0],[-166,0],[-166,0],[-166,0],[-166,0],[-166,0],[-167,0],[-166,0],[-166,0],[-166,0],[-166,0],[-166,0],[-166,0],[-166,0],[-166,0],[-166,0],[-167,0],[-166,0],[-166,0],[-166,0],[-166,0],[-166,0],[-166,0],[-166,0],[-166,0],[-166,0],[-167,0],[-166,0],[-166,0],[-166,0],[-166,0],[-166,0],[-166,0],[-166,0],[-166,0],[-166,0],[-167,0],[-166,0],[-166,0],[-166,0],[-166,0],[-166,0],[-166,0],[-166,0],[-166,0],[-166,0],[-167,0],[-166,0],[-166,0],[-166,0],[-166,0],[-166,0],[-166,0],[-166,0],[-166,0],[-147,0],[0,0],[-19,0],[-167,0],[-166,0],[-166,0],[-166,0],[-166,0],[-166,0],[-166,0],[-166,0],[-166,0],[-166,0],[-167,0],[-166,0],[-166,0],[-166,0],[-166,0],[-166,0],[-166,0],[-166,0],[-166,0],[-166,0],[-167,0],[-166,0],[-166,0],[-166,0],[-166,0],[-166,0],[-166,0],[-166,0],[-166,0],[-166,0],[-167,0],[-166,0],[-166,0],[-166,0],[-166,0],[-166,0],[-166,0],[-166,0],[-166,0],[-166,0],[-167,0],[-166,0],[-166,0],[-166,0],[-166,0],[-166,0],[-166,0],[-166,0],[-166,0],[-166,0],[-167,0],[-166,0],[-166,0],[-166,0],[-166,0],[-166,0],[-166,0],[-166,0],[-166,0],[-166,0],[-167,0],[-166,0],[-166,0],[-166,0],[-166,0],[-166,0],[-166,0],[-166,0],[-166,0],[-166,0],[-167,0],[-166,0],[-166,0],[-166,0],[-166,0],[-166,0],[-166,0],[-166,0],[-166,0],[-166,0],[-167,0],[-166,0],[-166,0],[-166,0],[-166,0],[-166,0],[-166,0],[-166,0],[-166,0],[-166,0],[-167,0],[-166,0],[-166,0],[-166,0],[-166,0],[-166,0],[-166,0],[-166,0],[-166,0],[-166,0],[-167,0],[-166,0],[-166,0],[-166,0],[-166,0],[-166,0],[-166,0],[-166,0],[-166,0],[-166,0],[-167,0],[-166,0],[-166,0],[-166,0],[-166,0],[-166,0],[-166,0],[-166,0],[-166,0],[-166,0],[-167,0],[-166,0],[-166,0],[-166,0],[-166,0],[-166,0],[-166,0],[-166,0],[-166,0],[-166,0],[-167,0],[-166,0],[-166,0],[-166,0],[-166,0],[-166,0],[-166,0],[-166,0],[-166,0],[-166,0],[-167,0],[-166,0],[-166,0],[-166,0],[-166,0],[-166,0],[-166,0],[-166,0],[-166,0],[-166,0],[-167,0],[-166,0],[-166,0],[-166,0],[-166,0],[-166,0],[-166,0],[-166,0],[-166,0],[-166,0],[-167,0],[-166,0],[-166,0],[-166,0],[-166,0],[-166,0],[-166,0],[-166,0],[-166,0],[-166,0],[-167,0],[-166,0],[-166,0],[-166,0],[-166,0],[-166,0],[-166,0],[-166,0],[-166,0],[-166,0],[-167,0],[-166,0],[-166,0],[-166,0],[-166,0],[-166,0],[-166,0],[-166,0],[-166,0],[-166,0],[-167,0],[-166,0],[-166,0],[-166,0],[-166,0],[-166,0],[-166,0],[-166,0],[-166,0],[-166,0],[-167,0],[-166,0],[-166,0],[-166,0],[-166,0],[-166,0],[-166,0],[-166,0],[-166,0],[-166,0],[-167,0],[-166,0],[-166,0],[-166,0],[-166,0],[-166,0],[-166,0],[-166,0],[-166,0],[-166,0],[-167,0],[-166,0],[-166,0],[-166,0],[-166,0],[-166,0],[-166,0],[-166,0],[-166,0],[-166,0],[-167,0],[-166,0],[-166,0],[-166,0],[-166,0],[-166,0],[-166,0],[-166,0],[-166,0],[-166,0],[-167,0],[-166,0],[-166,0],[-166,0],[-166,0],[-166,0],[-166,0],[-166,0],[-166,0],[-166,0],[-167,0],[-166,0],[-166,0],[-166,0],[-166,0],[-166,0],[0,312],[0,313],[0,312],[0,312],[0,312],[0,313],[0,312],[0,312],[0,313],[0,312],[0,312],[0,102],[566,28],[198,-69],[198,22],[347,-8],[-148,-25],[209,-70],[211,31],[23,52],[2303,-146],[271,-137],[176,29],[1303,-59],[48,20],[1324,-121],[135,-50],[-11,40],[111,-46],[717,-35],[-306,16],[312,6],[-26,32],[188,6],[-710,143],[615,-5],[-107,12],[136,4],[20,32],[-912,25],[-111,25],[-1712,125],[-78,43],[277,-7],[-131,39],[-511,-3],[-409,40],[306,-18],[32,22],[801,1],[-385,44],[-11,42],[-320,55],[48,50],[434,5],[-96,69],[-328,89],[-178,32],[-184,-45],[-536,30],[126,-42],[-261,36],[-58,23],[193,-1],[-219,32],[-82,102],[-155,14],[89,20],[-985,156],[261,-22],[-1021,217],[-104,98],[385,-98],[147,-2],[76,31],[367,-53],[229,-152],[373,-71],[-45,41],[548,-7],[26,30],[972,4],[156,-191],[147,-13],[3,82],[344,51],[254,-68],[67,-63],[698,28],[292,-41],[64,55],[480,42],[213,100],[-515,40],[-11,30],[967,45],[177,153],[837,159],[-118,109],[-646,269],[162,76],[198,30],[-20,59],[-392,121],[-686,86],[-2,60],[204,67],[163,8],[1468,71],[1304,64],[1,46],[-209,15],[54,10],[-120,15],[15,23],[-351,17],[192,11],[-187,11],[137,14],[-52,22],[310,-6],[-473,29],[59,13],[-97,9],[43,17],[-190,0],[-12,20],[63,-1],[-113,42],[-196,0],[96,11],[-56,9],[307,3],[-142,48],[-110,-2],[52,9],[-52,56],[197,19],[-78,70],[511,-36],[95,37],[330,13],[-318,27],[192,14],[-338,8],[252,1],[-151,11],[49,26],[-166,32],[318,-18],[-55,-10],[77,-20],[273,-5],[29,24],[-276,4],[104,17],[-185,40],[123,19],[-409,59],[-30,35],[-451,44],[-518,136],[102,57],[-189,-36],[-49,28],[141,38],[90,75],[-118,-15],[-61,19],[-102,-61],[-47,38],[-77,-35],[-676,85],[-519,232],[10,44],[137,23],[11,39],[346,16],[-12,27],[175,-5],[77,28],[52,88],[107,10],[-132,7],[-62,54],[-107,-12],[-18,-50],[-115,-14],[-44,33],[91,-2],[-22,33],[-93,-28],[-33,18],[-308,-18],[-92,35],[-39,-44],[-152,-24],[-381,174],[-98,79],[173,183],[-56,26],[49,54],[-63,54],[51,85],[-42,63],[125,31],[301,-189],[184,61],[-121,46],[169,76],[153,4],[129,-68],[194,40],[48,-31],[114,0],[290,-63],[52,-79],[-175,-16],[-1,-18],[443,-42],[30,114],[45,11],[84,-56],[194,-16],[31,-58],[140,-31],[250,-134],[130,-29],[204,39],[-180,83],[96,10],[204,-62],[70,21],[-47,71],[340,44],[12,18],[-427,81],[4,43],[75,19],[-56,4],[40,64],[112,11],[222,-98],[62,-100],[-18,43],[45,-19],[115,45],[-10,34],[96,14],[200,-167],[116,-10],[9,25],[70,1],[108,-28],[19,27],[-86,59],[-97,14],[49,9],[-48,72],[235,1],[-377,143],[290,-48],[66,14],[-94,88],[-72,-2],[-51,40],[16,24],[172,24],[-22,18],[-215,26],[-113,58],[19,37],[-229,79],[-319,-10],[-137,-36],[-395,47],[-23,34],[54,47],[170,-1],[165,47],[-50,23],[13,35],[151,30],[343,-91],[189,-80],[34,21],[81,-61],[82,5],[95,-31],[121,19],[-54,71],[-130,39],[-187,123],[87,93],[86,20],[256,-15],[96,41],[229,15],[0,62],[77,14],[-111,51],[304,48],[237,-15],[71,82],[201,-56],[111,-155],[50,18],[243,-43],[-63,78],[-134,53],[-20,61],[160,-19],[180,62],[222,175],[135,18],[433,12],[53,28],[216,-75],[33,22],[216,-20],[-9,43],[-212,62],[49,28],[10,128],[202,37],[174,-29],[1,44],[93,70],[300,-49],[-23,-58],[71,-47],[-14,-30],[162,-16],[21,-27],[358,100],[70,-36],[162,39],[104,-11],[75,-41],[246,19],[279,-61],[249,58],[172,-1],[79,37],[409,52],[101,2],[115,-41],[160,-12],[124,36],[304,-20],[153,18],[105,-65],[235,34],[75,-25],[221,27],[227,-20],[24,22],[148,16],[-21,-14],[38,-5],[54,25],[32,-20],[263,55],[86,-14],[158,15],[95,38],[90,-3],[83,50],[-174,12],[23,40],[315,79],[51,35],[43,-50],[-46,-39],[56,-9],[8,-65],[364,-25],[214,38],[-12,49],[59,21],[60,-86],[163,5],[133,27],[-96,236],[110,98],[195,47],[86,-32],[-97,-103],[116,35],[94,-2],[57,-46],[6,-47],[-175,-51],[87,-25],[-38,-98],[48,-9],[143,40],[-132,-112],[-244,-72],[68,-12],[79,22],[29,-20],[-137,-214],[53,-8],[115,67],[272,54],[80,-15],[35,32],[108,-10],[57,34],[177,4],[9,39],[-65,11],[-71,107],[35,38],[164,9],[-123,33],[-63,68],[0,54],[97,35],[121,-15],[144,-81],[43,54],[38,-3],[102,-80],[-61,-29],[79,-9],[24,-28],[-5,-77],[-60,-34],[18,-71],[-137,-38],[-105,-95],[-196,-93],[29,-18],[-42,-25],[84,-23],[306,26],[91,-29],[101,5],[58,53],[529,-69],[79,-42],[159,7],[65,-19],[96,21],[104,-43],[48,38],[434,85],[39,46],[131,-32],[177,24],[96,-20],[171,42],[318,-28],[193,30],[66,-40],[-31,-99],[169,-42],[12,-38],[225,51],[108,-22],[226,52],[139,-23],[124,19],[79,46],[-113,7],[103,57],[-155,-26],[-160,39],[19,94],[-38,31],[-55,-21],[-167,3],[-144,36],[58,28],[71,-12],[77,56],[-64,34],[31,45],[-32,8],[99,66],[-105,33],[-156,-7],[-109,-42],[-155,30],[33,143],[-44,-3],[21,51],[-75,124],[-419,49],[-25,40],[40,89],[-58,21],[-7,46],[37,15],[500,-51],[74,-65],[177,-7],[57,35],[291,12],[29,55],[227,-8],[-17,24],[-240,44],[61,23],[-65,24],[-38,-12],[-18,64],[-481,31],[-552,5],[-144,100],[15,88],[-56,99],[44,57],[85,32],[315,-40],[-31,-77],[-163,-70],[200,17],[39,-48],[397,50],[149,-58],[155,45],[710,-18],[-70,-102],[37,-8],[133,47],[314,-109],[210,-20],[32,48],[184,29],[63,-22],[142,5],[80,-54],[68,6],[119,60],[47,-5],[20,31],[183,-11],[74,31],[27,-26],[255,0],[36,-44],[243,-29],[12,-22],[181,35],[124,88],[310,18],[-17,46],[75,68],[-19,103],[-104,76],[25,5],[391,-61],[22,-69],[-99,-47],[-5,-65],[-98,-61],[90,-91],[86,35],[88,-28],[190,52],[-3,-54],[75,-19],[0,-41],[62,-20],[162,29],[31,47],[48,-9],[112,63],[69,-1],[49,-130],[64,-7],[79,-56],[211,-52],[238,6],[-43,-67],[24,-47],[96,3],[23,32],[172,-15],[265,-113],[317,117],[33,68],[-81,72],[-9,98],[40,47],[142,-9],[138,-95],[66,8],[-151,199],[1,55],[51,27],[281,-54],[288,-187],[-21,-170],[437,89],[96,-28],[55,31],[77,-2],[47,-66],[-179,-151],[54,-42],[101,56],[167,-20],[126,59],[112,9],[97,58],[120,-14],[82,-58],[128,46],[84,-39],[112,85],[38,-36],[41,51],[74,3],[51,72],[229,-16],[49,51],[271,22],[120,55],[256,-17],[125,47],[379,69],[278,113],[51,46],[42,-15],[43,21],[10,68],[94,89],[11,83],[139,202],[-4,103],[-133,130],[13,28],[-112,85],[-47,96],[59,122],[-33,19],[44,135],[-77,86],[-11,135],[-91,205],[-178,163],[41,231],[-154,158],[57,31],[114,-14],[10,77],[250,-96],[45,-43],[39,37],[-21,31],[29,76],[119,25],[16,36],[-37,33],[66,32],[-10,22],[-52,-9],[33,49],[-142,18],[-68,75],[153,24],[19,24],[-18,83],[-53,56],[20,31],[48,3],[32,33],[-29,32],[33,0],[-88,16],[-11,25],[17,15],[114,-22],[46,42],[-21,35],[-85,-20],[-88,92],[48,21],[-68,46],[139,34],[-13,53],[41,34],[-104,-3],[21,24],[93,7],[-14,21],[-63,2],[67,66],[78,-13],[8,51],[-41,-10],[-120,47],[-205,-49],[30,25],[-47,15],[72,184],[-54,7],[43,78],[58,-29],[29,79],[32,-27],[5,56],[51,-7],[21,-144],[-31,-67],[65,-23],[26,76],[57,-93],[24,2],[-21,139],[28,18],[-57,30],[65,98],[-44,44],[1,101],[97,42],[55,-6],[97,-77],[37,20],[14,19],[-40,32],[26,10],[9,95],[37,21],[-47,50],[-60,14],[77,52],[-22,41],[37,32],[136,-46],[32,14],[-76,70],[20,51],[124,18],[61,-66],[39,0],[32,52],[-68,69],[7,55],[92,-36],[20,58],[-48,54],[145,-39],[-61,88],[48,24],[96,-57],[-11,36],[48,15],[-26,33],[-109,36],[35,28],[-42,64],[10,64],[69,74],[22,13],[141,-53],[40,19],[19,-41],[41,-13],[30,26],[-4,56],[-45,5],[-23,49],[51,28],[52,-17],[35,75],[70,-62],[59,21],[-89,63],[59,28],[-26,47],[35,40],[55,-45],[-22,-53],[76,-22],[-26,29],[30,-5],[-3,40],[28,-22],[28,17],[18,72],[40,-4],[-3,56],[75,-106],[29,30],[-38,51],[58,-8],[-4,50],[-27,-12],[-19,26],[42,47],[30,6],[-17,-31],[40,-15],[8,23],[61,6],[-2,52],[51,13],[-7,79],[41,-5],[-49,62],[37,11],[34,-24],[15,46],[140,60],[112,-26],[54,117],[13,-56],[113,-31],[26,126],[40,18],[39,-24],[59,31],[13,81],[244,48],[-2,54],[46,-23],[56,67],[192,57],[86,-41],[-7,-84],[35,10],[-16,-38],[72,-65],[-15,-47],[-49,17],[-52,-27],[-1,95],[-106,37],[8,-74],[-98,5],[-16,-21],[53,-9],[-43,-31],[-57,-21],[-64,13],[-202,-207],[-38,-140],[-71,18],[-28,-30],[121,-35],[-3,-25],[-62,-15],[56,-47],[-12,-69],[-58,17],[-8,53],[-105,-6],[-44,81],[-66,-51],[23,-123],[-59,13],[0,90],[-79,16],[-1,-44],[-71,-30],[-13,-31],[-53,26],[20,-75],[-101,-40],[-129,-190],[-47,7],[-62,-33],[-46,46],[-70,7],[-3,-75],[61,-44],[-24,-52],[-59,-3],[-52,34],[-79,-70],[55,-43],[-11,-66],[48,-40],[73,-3],[-126,-31],[-3,-72],[-90,-65],[-4,-63],[36,-8],[5,-51],[75,-64],[54,-14],[36,20],[52,-40],[-17,83],[113,-33],[-16,96],[27,13],[81,-78],[8,78],[153,-29],[-18,-48],[-32,-4],[-3,-56],[-44,53],[-61,-23],[49,-66],[-40,-96],[-50,6],[-14,94],[-93,42],[-9,-91],[-95,29],[37,-112],[-27,-53],[-77,130],[4,45],[-96,14],[-136,-33],[-31,-55],[82,-102],[-59,-20],[-4,-44],[61,-8],[-12,-44],[33,13],[-8,-37],[-54,-14],[-48,38],[-30,107],[-95,88],[-16,65],[-36,-11],[-80,43],[-84,6],[33,-39],[-53,-14],[52,-17],[48,-57],[-110,6],[47,-34],[-38,-8],[-12,-34],[36,-17],[2,-37],[-43,-11],[-31,31],[-38,-54],[127,-90],[-1,-69],[-96,-24],[-88,62],[-20,-47],[-49,4],[-4,93],[-30,-7],[-52,-49],[21,-88],[-84,56],[27,-41],[-28,-45],[30,-47],[50,7],[12,-31],[-125,-34],[105,-66],[-44,-15],[-37,21],[-32,-41],[-23,25],[-42,-49],[-64,86],[0,-55],[-35,26],[27,-95],[-38,-21],[9,-37],[84,-65],[-10,-28],[-70,-16],[0,-72],[-43,-10],[126,-78],[-151,-69],[7,-45],[127,17],[51,-15],[96,88],[-17,-42],[53,-7],[-2,19],[26,-23],[-83,-73],[-47,10],[-115,-68],[19,-41],[118,11],[35,-27],[-121,-74],[32,-65],[142,-38],[52,11],[44,-63],[56,-7],[-4,29],[113,-58],[-49,52],[59,-4],[-108,70],[60,7],[-37,36],[39,-7],[50,58],[220,48],[152,-3],[-18,-54],[-104,38],[-75,-64],[-99,-21],[-17,-85],[147,-36],[53,-40],[-22,-12],[-78,28],[36,-77],[-141,-4],[-23,-25],[91,-39],[106,-7],[-31,-82],[75,15],[62,-132],[80,13],[62,-88],[54,-14],[1,-120],[-45,-98],[173,-133],[47,-83],[-49,-53],[-75,46],[-51,1],[24,-37],[-38,-17],[10,-63],[78,-10],[-5,-73],[246,27],[31,-42],[-109,-36],[-2,-55],[-147,-11],[-3,-29],[44,-14],[12,-83],[59,4],[42,43],[120,-4],[-22,-100],[65,-11],[-11,-42],[79,-34],[16,-41],[-118,-2],[118,-72],[-38,-18],[-126,28],[96,-58],[-69,-32],[-73,12],[-56,-98],[-129,-22],[14,-22],[170,-10],[139,98],[65,-54],[-12,-26],[68,-10],[2,-52],[-30,-18],[-79,51],[2,-102],[-135,10],[-314,-41],[110,-56],[-79,-55],[31,-24],[193,56],[82,-12],[87,-65],[-2,64],[160,43],[1,-76],[-127,-45],[76,2],[52,-27],[4,-59],[-62,5],[-46,-24],[102,-12],[17,-34],[-61,-22],[-213,36],[33,-37],[-35,-20],[65,-18],[20,-70],[-68,-5],[94,-86],[44,61],[151,19],[20,-85],[-91,-177],[71,59],[92,-41],[64,107],[43,-8],[-25,-245],[-117,-27],[-73,86],[-45,-134],[-33,8],[-15,90],[-24,-63],[-44,-3],[-49,91],[-257,61],[-21,-16],[140,-76],[6,-21],[-125,34],[145,-77],[9,-24],[-131,12],[82,-102],[42,-1],[36,37],[217,-62],[-115,-101],[137,14],[-91,-154],[-75,2],[-68,54],[-117,-21],[69,-40],[-92,-37],[123,9],[46,-32],[89,2],[9,-25],[-116,-91],[-50,46],[-67,-48],[-74,4],[31,-51],[80,18],[122,-20],[175,59],[23,-56],[-98,-61],[0,-47],[-188,-29],[-273,88],[193,-200],[-30,-81],[-86,-63],[-111,-29],[-78,201],[-48,-19],[-91,35],[-49,-10],[63,-151],[-165,24],[-12,-41],[-159,-39],[62,-23],[207,12],[79,-82],[-372,-49],[-92,-58],[35,-31],[189,27],[225,-17],[-25,-37],[-616,-236],[-84,-3],[-317,-137],[-628,-86],[52,-43],[-532,-69],[-210,-78],[144,-11],[-101,-19],[78,-14],[-94,-27],[6,-33],[84,2],[-89,-38],[51,5],[-24,-17],[-106,10],[-84,-45],[-374,-8],[-232,46],[-158,11],[-31,-26],[-320,38],[57,-42],[-481,97],[-40,-24],[-111,26],[21,-37],[-69,-11],[-81,48],[-108,-4],[-54,32],[-77,-39],[21,-60],[-136,71],[-66,4],[-47,47],[10,-92],[-89,87],[57,-151],[228,-161],[2,-25],[-56,-7],[175,-79],[69,-77],[131,-40],[115,-120],[149,65],[784,-86],[-247,-275],[-268,-72],[112,11],[-40,-16],[-279,-19],[-51,-40],[-57,54],[-164,27],[-657,108],[-486,53],[-92,-21],[-267,51],[-181,80],[3,-76],[-132,-39],[-170,7],[1416,-362],[26,-116],[-140,-82],[-845,-69],[-729,238],[-445,308],[77,-158],[215,-155],[-53,-19],[-45,66],[-59,-4],[4,34],[-92,15],[-20,-57],[-48,-1],[56,-88],[155,-133],[111,-54],[111,-6],[2,-48],[278,-75],[118,-94],[94,7],[-71,-59],[67,-108],[216,-65],[13,198],[1297,-34],[155,-77],[47,-67],[-58,-120],[-178,-129],[-261,-46],[-755,19],[14,-24],[457,-98],[124,18],[77,-21],[463,63],[60,-133],[43,12],[184,-134],[-99,-93],[253,-83],[-258,-30],[57,-46],[135,17],[103,-35],[244,78],[505,-104],[42,132],[311,22],[133,71],[102,-5],[139,-36],[2,-97],[120,-44],[20,-52],[266,-34],[165,43],[77,-10],[130,-38],[-105,-45],[1064,-252],[918,-28],[110,-55],[-41,-30],[-390,-15],[-4,53],[-214,-41],[52,61],[-106,-55],[-171,-6],[32,49],[-121,-47],[-237,-10],[5,-42],[252,-26],[479,24],[-13,-51],[-760,-16],[-151,-38],[209,-24],[-105,-68],[-29,-136],[265,35],[54,-94],[205,33],[5,-35],[199,67],[169,-24],[49,52],[371,-18],[454,79],[5,-23],[97,17],[-239,-109],[-557,-110],[286,-283],[-82,-39],[115,26],[71,-44],[102,108],[55,-47],[28,35],[-16,-160],[-246,-127],[104,11],[17,-36],[196,12],[-17,-55],[114,30],[54,-25],[190,26],[135,-21],[589,345],[453,165],[162,115],[224,-30],[53,99],[363,92],[-126,9],[168,-2],[191,43],[194,-22],[464,94]],[[115654,7436],[-86,-76],[-152,17],[-210,-55],[-58,14],[-16,128],[233,-81],[239,138],[50,-85]],[[114370,9589],[166,86],[-19,-49],[-69,-3],[23,-63],[-60,-22],[37,-22],[-25,-37],[-78,52],[25,58]],[[114216,12292],[38,22],[37,-15],[-75,-7]],[[114715,14193],[25,-72],[-32,-60],[-38,-12],[-16,193],[61,-49]],[[114200,14507],[1,-29],[-47,45],[-13,78],[48,-18],[11,-76]],[[44891,18350],[-4,45],[22,-44],[-18,-1]],[[40157,6132],[-102,-3],[-55,-76],[-30,-121],[74,33],[53,-9],[-131,-65],[-8,-32],[72,-1],[-50,-61],[-278,-135],[-622,60],[-145,56],[-61,114],[-216,-8],[-112,-30],[-52,-61],[-804,212],[-34,53],[76,63],[112,21],[12,-94],[94,-32],[1387,17],[188,72],[-110,7],[-97,115],[36,27],[144,4],[-85,72],[134,13],[31,42],[316,94],[1,-24],[-138,-27],[229,-23],[48,-48],[-66,8],[-3,-41],[79,-2],[-17,-32],[-57,9],[21,-72],[-59,-16],[21,-20],[126,2],[78,-61]],[[37874,6496],[120,2],[-50,-21],[-254,-6],[195,-62],[187,-6],[-116,-39],[124,-27],[26,-44],[-257,-84],[-65,79],[-196,30],[65,76],[-292,96],[-46,58],[305,-12],[54,-33],[200,-7]],[[49186,6476],[-152,0],[102,87],[127,-32],[-93,-30],[16,-25]],[[37181,6711],[71,37],[135,9],[184,-31],[-150,-85],[89,-37],[-60,-28],[-375,36],[15,24],[345,61],[-128,17],[-193,-30],[67,27]],[[48596,6694],[-51,-31],[-883,40],[-71,73],[116,-59],[-23,33],[271,34],[113,49],[528,-139]],[[34734,7041],[64,11],[-39,-79],[-25,68]],[[37679,7239],[-107,-33],[-114,-106],[-631,-347],[-123,-121],[54,-2],[-106,-28],[110,-46],[-71,-8],[19,-37],[-231,-58],[-367,28],[-122,103],[41,142],[98,100],[267,135],[252,54],[132,71],[619,197],[194,41],[87,-9],[42,-27],[-89,-40],[46,-9]],[[42408,6138],[750,416],[-42,128],[-116,29],[85,98],[-26,106],[116,79],[-72,13],[21,76],[418,400],[628,175],[429,-27],[472,-141],[248,-146],[-51,-202],[-459,-52],[-23,-66],[50,-21],[493,12],[93,-98],[2,-97],[106,-44],[-71,-36],[131,-134],[-21,-249],[-63,-80],[-130,9],[-86,-20],[139,-71],[-31,-57],[-2059,-304],[-26,-66],[-1451,-54],[-72,188],[53,35],[40,-23],[230,282],[85,-43],[86,-1],[180,78],[-56,-92]],[[43493,7596],[-64,6],[222,77],[-158,-83]],[[53104,9755],[-37,-46],[-110,15],[-68,180],[-96,51],[-246,0],[49,40],[185,24],[64,33],[85,170],[83,58],[48,-130],[-66,-193],[109,-202]],[[35995,10510],[-63,-24],[-37,27],[39,21],[61,-24]],[[35300,10572],[62,14],[59,-20],[-62,-101],[-109,-72],[-38,80],[92,56],[-4,43]],[[25054,10587],[51,-49],[-71,-27],[-66,20],[-51,62],[-19,51],[47,41],[109,-98]],[[29975,10720],[36,21],[71,-8],[80,-40],[-101,-98],[-194,0],[-21,89],[77,-28],[52,64]],[[34980,10731],[114,-10],[95,-68],[-96,-163],[-83,-32],[68,-9],[0,-44],[64,-46],[-77,-96],[-427,167],[-83,118],[89,70],[111,-41],[36,4],[-6,32],[132,9],[-154,32],[-92,60],[124,45],[185,-28]],[[28692,10717],[-21,-23],[-62,4],[-43,29],[20,30],[106,-40]],[[27235,10840],[63,22],[64,-16],[-64,-26],[-63,20]],[[29640,10760],[57,-40],[-30,-95],[-69,-71],[-121,-40],[-45,13],[64,185],[-118,180],[99,37],[158,-7],[52,-85],[-47,-77]],[[28822,10911],[28,21],[55,-9],[-42,-47],[-41,35]],[[39661,10922],[-64,-19],[20,32],[44,-13]],[[28445,10947],[31,-53],[-35,-16],[-232,-28],[-24,16],[25,39],[206,75],[29,-33]],[[54494,10904],[28,-61],[-64,-12],[-74,86],[42,73],[68,-86]],[[36410,11135],[44,-10],[-61,-26],[17,36]],[[39833,11146],[41,7],[3,-37],[-44,30]],[[55699,11210],[25,-41],[-54,-20],[-89,49],[8,75],[110,-63]],[[28110,11076],[-5,-54],[-194,-37],[51,-25],[-37,-52],[-183,15],[-36,27],[-74,-39],[-107,45],[-114,-31],[-326,-10],[-31,19],[46,49],[-286,-21],[-24,23],[94,54],[-193,1],[-146,64],[-58,-8],[-448,76],[-81,-19],[-108,42],[-10,39],[79,56],[548,59],[102,36],[62,-45],[-16,-24],[-152,-41],[168,12],[28,-44],[121,74],[165,-96],[105,-14],[-33,65],[-122,54],[98,95],[108,5],[183,-64],[-103,-72],[21,-44],[-41,-70],[94,49],[72,-24],[-33,-30],[63,14],[-43,145],[96,14],[44,-12],[-50,-27],[85,-19],[-84,-72],[75,-71],[134,227],[210,7],[98,-49],[-25,-63],[-123,0],[42,-27],[-205,-98],[92,-31],[256,75],[98,60],[22,-18],[-42,-17],[72,-30],[-29,-27],[-214,-25],[-61,-35],[146,20],[56,-46],[103,10]],[[39743,11868],[-120,20],[-8,49],[109,10],[19,-79]],[[34958,11886],[-405,-72],[-91,19],[-46,89],[144,80],[303,38],[82,120],[44,-14],[75,-117],[42,27],[2,109],[121,-51],[-10,59],[82,-4],[88,-62],[20,-50],[-280,-141],[-171,-30]],[[39775,12153],[-36,-47],[-90,-27],[-56,59],[4,46],[133,25],[45,-56]],[[58738,12189],[-21,36],[77,94],[91,32],[89,-21],[-9,-124],[-227,-17]],[[36024,12257],[-36,84],[136,19],[30,-21],[-29,-49],[-65,-46],[-36,13]],[[36337,12336],[31,40],[9,-49],[-30,-10],[-10,19]],[[39552,12549],[-88,1],[7,65],[64,-13],[17,-53]],[[34769,12443],[-101,34],[20,118],[165,31],[-68,45],[157,33],[58,-12],[128,-132],[-80,-28],[8,-77],[-84,-43],[-203,31]],[[35646,12786],[-41,63],[45,37],[57,6],[88,-31],[147,-128],[-5,-51],[-62,42],[-16,-31],[-188,53],[-25,40]],[[39335,12868],[-13,-45],[-41,-7],[-14,-107],[-45,-13],[-145,357],[113,-17],[145,-168]],[[36107,10880],[-315,-29],[-36,22],[28,54],[-123,-25],[-121,102],[162,100],[119,-15],[47,-42],[38,28],[451,-49],[175,76],[22,23],[-114,61],[-302,-92],[-229,81],[15,24],[307,44],[106,37],[16,53],[-45,38],[-87,-25],[-92,32],[-145,-41],[-1,63],[-118,57],[-50,59],[-70,-84],[-45,5],[-9,-76],[-49,-38],[-59,-3],[-156,57],[-125,-18],[126,-93],[-130,-90],[-76,-10],[-79,80],[-152,-13],[-180,89],[-15,77],[74,30],[-78,57],[132,84],[43,-1],[81,-61],[118,-20],[-49,130],[71,43],[254,-134],[41,37],[-108,79],[25,55],[275,-51],[64,25],[126,-5],[-42,52],[-194,37],[-76,54],[113,51],[130,-2],[235,-58],[109,56],[6,64],[208,-20],[102,33],[67,-26],[71,-103],[53,0],[17,187],[-23,11],[-25,-29],[-157,40],[-100,-8],[-154,47],[-34,48],[90,134],[293,85],[140,-57],[36,17],[-214,99],[12,60],[-115,-17],[-52,33],[-121,-69],[-241,114],[-48,55],[31,97],[-25,57],[63,43],[35,116],[-20,43],[-140,46],[-34,135],[62,89],[203,60],[130,0],[46,28],[146,22],[113,-77],[34,-120],[-34,-26],[24,-35],[-40,-29],[12,-40],[123,5],[88,-170],[52,-38],[11,-186],[272,-433],[45,-116],[-50,-6],[61,-38],[8,-355],[37,-107],[-19,-157],[-88,-25],[47,-100],[-31,-115],[-109,11],[-50,-86],[-75,-9],[-29,-32],[29,-48],[-26,-25],[-435,-78],[-48,5],[-25,63],[-59,-58],[-179,14]],[[39622,13303],[-42,34],[17,15],[59,-6],[46,-53],[-31,-14],[-49,24]],[[37546,13693],[-34,-21],[-1,24],[35,-3]],[[37563,13884],[-54,-38],[4,39],[-34,8],[50,15],[34,-24]],[[38271,13991],[5,40],[125,-14],[-48,-34],[-30,23],[-52,-15]],[[37495,13948],[-35,-31],[-85,2],[-34,28],[36,30],[-35,-11],[-6,21],[90,50],[104,-7],[20,-27],[-55,-55]],[[37654,14078],[-63,-43],[-54,2],[63,45],[54,-4]],[[37399,14271],[-61,-50],[-17,20],[37,31],[41,-1]],[[37372,14350],[28,26],[-12,-58],[-16,32]],[[37464,14467],[-74,14],[52,91],[47,-17],[22,-43],[-47,-45]],[[36889,14013],[-23,47],[21,76],[92,102],[153,280],[172,122],[40,1],[33,-37],[-95,-83],[-33,-78],[35,-36],[-21,-41],[103,-53],[-191,-139],[95,-16],[-3,-46],[-52,-65],[-45,32],[-50,-24],[6,-41],[-59,-74],[-30,21],[-78,-32],[-70,84]],[[37537,14788],[5,40],[29,-2],[7,-27],[-41,-11]],[[37557,14868],[10,17],[65,-18],[-34,-16],[-41,17]],[[37666,14946],[11,28],[54,13],[-8,-86],[-95,-73],[38,118]],[[38010,15052],[-21,-15],[8,27],[13,-12]],[[37957,15109],[-5,-25],[-40,-5],[45,30]],[[38150,15116],[-9,16],[33,-1],[14,-33],[-38,18]],[[37860,15142],[10,39],[41,14],[-12,47],[38,70],[111,11],[-13,-78],[-83,-29],[33,-84],[-95,-28],[-30,38]],[[38081,15362],[-45,-24],[-24,16],[69,8]],[[40107,15512],[-114,37],[-21,29],[23,26],[112,-92]],[[38947,15735],[-69,5],[20,18],[49,-23]],[[38829,15780],[-16,-38],[-89,-26],[50,46],[-26,8],[61,16],[53,52],[-33,-58]],[[39042,15830],[-22,-14],[-20,24],[27,25],[15,-35]],[[39204,15921],[45,17],[-26,-42],[-19,25]],[[40700,16003],[23,20],[-1,-33],[-22,13]],[[40813,16011],[145,63],[-47,-95],[-95,-55],[-51,48],[5,29],[43,10]],[[38952,15958],[17,-38],[-106,-42],[-59,-72],[-30,26],[-38,-6],[16,-17],[-58,-59],[-40,42],[-75,7],[-33,37],[-57,10],[33,68],[99,36],[16,20],[-25,27],[91,26],[-12,43],[46,26],[-7,26],[77,16],[63,-32],[-68,-91],[82,24],[-43,-50],[45,1],[-55,-65],[121,37]],[[40967,16109],[89,28],[-75,-55],[-30,4],[16,23]],[[39367,16177],[-33,15],[15,33],[18,-48]],[[39036,15969],[-44,13],[67,18],[-28,36],[69,100],[-53,67],[45,26],[-28,23],[85,22],[16,-52],[86,-26],[-67,-23],[54,-23],[-53,-54],[13,-38],[-56,-20],[-14,-44],[-33,-20],[-18,26],[-18,-41],[-23,10]],[[39275,16290],[51,14],[-75,-76],[-17,23],[41,39]],[[40747,16071],[-1,-21],[-50,27],[-21,-39],[25,58],[-67,1],[1,-73],[-39,11],[21,38],[-19,14],[-33,-4],[-15,-43],[-2,26],[-34,-22],[-27,48],[94,43],[-56,16],[17,70],[-110,-18],[53,129],[61,16],[32,39],[23,-15],[9,38],[44,5],[13,-65],[-44,-50],[23,-18],[-15,-39],[49,-6],[-9,29],[83,65],[-13,-60],[126,-40],[-14,-25],[-68,-13],[39,-10],[-14,-12],[85,14],[-65,-51],[-73,5],[59,-23],[-68,8],[-17,-19],[65,-15],[24,-38],[-45,-9],[-27,28]],[[40703,16379],[-1,28],[92,10],[-11,-32],[73,19],[32,-19],[-52,-39],[1,22],[-134,11]],[[39345,16441],[-27,13],[62,-2],[-11,-44],[-24,33]],[[39624,16373],[-32,10],[65,5],[-4,50],[45,20],[-34,1],[-12,35],[83,-21],[-48,-69],[23,-31],[-64,-34],[-22,34]],[[40738,16483],[-11,25],[57,10],[-21,-38],[-25,3]],[[41021,16540],[73,17],[-60,-37],[-13,20]],[[39973,16563],[20,-25],[-31,7],[11,18]],[[41343,16613],[-81,-66],[-92,64],[11,27],[133,18],[29,-43]],[[39270,16716],[-20,-21],[-88,-5],[25,72],[61,-15],[22,-31]],[[41018,16782],[14,30],[30,-3],[-9,-29],[-35,2]],[[41530,16783],[38,-49],[-43,-47],[-150,15],[-56,30],[0,-25],[-36,18],[-65,-58],[-86,-32],[-66,46],[61,87],[131,51],[133,11],[44,-49],[95,2]],[[41068,16849],[-24,30],[47,46],[143,-25],[-7,-44],[-68,-57],[-91,50]],[[39754,16933],[-22,-8],[-41,32],[-2,-25],[45,-26],[-21,-5],[-42,47],[42,28],[41,-43]],[[39054,16870],[-37,-15],[64,111],[71,23],[-98,-119]],[[39418,17028],[15,47],[88,6],[-70,-59],[-33,6]],[[39533,17122],[-11,43],[77,-11],[46,23],[8,66],[53,-59],[50,-8],[87,31],[33,42],[40,-41],[-23,-24],[18,-40],[74,10],[-162,-91],[-3,47],[-45,-21],[37,55],[-19,11],[-73,-19],[-37,17],[-34,-37],[-116,6]],[[40004,17196],[-83,58],[91,0],[-10,-28],[66,-3],[-22,-27],[-42,0]],[[40021,17300],[86,15],[29,-32],[-53,-32],[-31,47],[-31,2]],[[40258,17371],[49,-28],[-78,-24],[-49,35],[61,37],[17,-20]],[[40429,17437],[7,-28],[-46,-28],[-66,15],[-8,35],[-68,-31],[104,129],[88,47],[70,-14],[72,35],[57,-23],[60,15],[-10,-34],[32,-34],[-66,11],[-55,-44],[-67,13],[11,-52],[-40,-26],[-44,41],[32,21],[-66,8],[-2,-36],[-50,-31],[55,11]],[[41903,18010],[-20,-42],[-43,26],[56,90],[7,-74]],[[41557,18105],[142,-8],[-26,-29],[-108,-5],[-64,-67],[-68,95],[24,28],[100,-14]],[[45069,18340],[-66,-34],[-43,36],[29,-11],[23,35],[29,-20],[26,21],[25,-18],[-23,-9]],[[44574,18406],[24,55],[153,-13],[42,-52],[53,-3],[16,-64],[-89,55],[-103,1],[-23,39],[-73,-18]],[[5875,4432],[254,-63],[-275,-78],[-286,43],[-183,146],[443,-18],[47,-30]],[[3649,4288],[61,-46],[-318,27],[-671,225],[928,-206]],[[7203,5072],[173,-77],[-80,-48],[-311,201],[218,-76]],[[6463,5262],[-1050,73],[-87,49],[46,53],[289,31],[460,-73],[307,-48],[88,-69],[-53,-16]],[[8611,6240],[-454,112],[-45,35],[564,-127],[-65,-20]],[[8077,6408],[46,-9],[-70,-23],[24,32]],[[5622,6423],[122,-31],[-16,-30],[-206,37],[111,1],[-11,23]],[[50026,6319],[-54,-12],[-105,46],[-52,-18],[88,-50],[-126,-33],[-35,18],[65,8],[-84,46],[-50,-33],[-287,36],[-110,32],[51,24],[-123,0],[70,34],[-94,28],[65,12],[-19,26],[126,8],[183,-109],[268,-27],[-186,71],[17,56],[50,-56],[246,-47],[96,-60]],[[6706,6671],[288,-234],[-31,-60],[-547,-23],[-1072,278],[-130,78],[27,153],[333,211],[366,-54],[766,-349]],[[10306,7842],[-63,14],[38,21],[87,-16],[-62,-19]],[[10339,7901],[-157,2],[-92,49],[111,13],[138,-64]],[[9819,7927],[26,-18],[-368,64],[175,30],[167,-76]],[[8966,7992],[-20,-16],[-120,34],[117,3],[23,-21]],[[10895,8024],[-45,-44],[-72,47],[117,-3]],[[116190,7858],[30,-43],[-164,-74],[-157,-35],[-104,32],[-226,1],[-247,-134],[75,91],[-145,2],[147,21],[-169,39],[-74,49],[170,110],[-92,58],[41,53],[150,0],[30,-84],[167,-61],[217,26],[351,-51]],[[8462,8071],[93,31],[82,-41],[-50,-15],[-125,25]],[[10468,8174],[17,-32],[-153,-17],[-99,20],[-22,52],[257,-23]],[[10070,8061],[-230,25],[-121,52],[1,23],[120,30],[-12,23],[227,-6],[183,-140],[-168,-7]],[[11256,8185],[2,-17],[-76,43],[-31,-37],[-184,-35],[-31,104],[291,-26],[29,-32]],[[10469,8270],[-132,-34],[-188,52],[60,33],[188,-1],[140,-25],[-68,-25]],[[9902,8282],[-122,-12],[-83,48],[214,20],[43,-32],[-52,-24]],[[10406,8326],[-143,44],[112,15],[115,-41],[-84,-18]],[[10735,8359],[-87,34],[15,25],[129,-65],[-57,6]],[[11041,8395],[8,-33],[-92,13],[74,-46],[-37,-9],[-138,62],[23,63],[68,2],[94,-52]],[[10825,8707],[38,23],[145,-28],[67,-117],[-118,29],[-132,93]],[[114075,9045],[-58,-90],[-55,25],[113,65]],[[11497,9032],[79,-67],[-24,-21],[-295,94],[96,41],[144,-47]],[[113932,9109],[28,21],[0,-36],[-28,15]],[[15778,9778],[76,-10],[-45,-51],[-127,9],[-13,28],[109,24]],[[16327,9743],[-56,-97],[-39,-5],[-174,44],[-39,-11],[-112,82],[166,65],[43,-35],[142,-33],[48,11],[21,-21]],[[17588,9727],[-29,-74],[-112,-35],[-185,104],[-22,108],[279,-62],[69,-41]],[[20902,9798],[-76,-6],[28,36],[106,16],[-58,-46]],[[15927,9928],[-17,-15],[-42,24],[59,-9]],[[21244,10082],[-170,-102],[55,-10],[-38,-38],[-199,-36],[-45,16],[-13,59],[322,133],[88,-22]],[[20019,9946],[-30,31],[92,43],[-74,79],[30,15],[-45,17],[136,33],[173,-21],[34,-50],[-44,-61],[-165,-78],[-107,-8]],[[19873,10066],[-5,-47],[-250,-95],[-15,-75],[43,-21],[-52,-25],[-381,-41],[-219,48],[-42,56],[100,20],[-72,51],[69,84],[136,53],[-201,23],[-28,30],[-111,-3],[77,96],[282,0],[576,-44],[54,-49],[-119,-30],[158,-31]],[[116419,10325],[-36,-58],[-63,-15],[-69,48],[98,147],[70,-122]],[[17474,10303],[-8,76],[115,95],[40,-20],[167,26],[141,-18],[54,-50],[114,-33],[-2,-55],[131,-77],[-19,-37],[-203,-4],[5,-48],[60,-28],[141,22],[89,-57],[30,54],[122,43],[169,-80],[-60,-50],[151,-86],[-48,-66],[21,-34],[-57,-20],[-79,31],[-180,-7],[-139,39],[31,25],[-203,52],[-31,46],[-220,78],[23,40],[-47,68],[-109,15],[-44,-59],[-74,5],[21,81],[-102,33]],[[82761,11200],[16,-69],[-138,-53],[76,127],[26,13],[20,-18]],[[83140,11331],[-66,-92],[0,78],[23,25],[43,-11]],[[58805,11867],[94,-108],[-62,-8],[-68,28],[-24,80],[60,8]],[[58975,12013],[35,-13],[104,30],[73,-21],[-74,-119],[-144,-97],[-42,74],[65,37],[-106,36],[-1,50],[-199,74],[5,29],[130,15],[187,-18],[38,-22],[-71,-55]],[[60528,12148],[57,-8],[-2,-37],[-55,45]],[[57903,12262],[18,-80],[-88,-41],[-101,107],[171,14]],[[60950,12281],[-20,-107],[-159,-38],[-33,62],[22,19],[134,68],[56,-4]],[[83897,12146],[-38,-29],[-99,29],[-55,158],[46,57],[51,-104],[95,-69],[0,-42]],[[61226,12337],[83,41],[92,-24],[10,-91],[-46,-50],[-87,20],[-52,104]],[[61697,12367],[63,18],[57,-49],[-61,-16],[-59,47]],[[61966,12450],[87,-27],[-10,-36],[-77,63]],[[68783,12386],[38,-59],[-21,-66],[-64,8],[-56,-24],[-156,51],[-9,98],[122,91],[107,-16],[39,-83]],[[60348,12501],[18,-69],[-100,-167],[-74,196],[34,37],[122,3]],[[63534,12498],[5,-19],[-63,0],[-91,40],[149,-21]],[[84043,12529],[31,-17],[-91,-53],[-15,21],[75,65],[0,-16]],[[65284,12711],[130,-23],[-116,-67],[-56,-140],[-177,88],[-11,37],[55,68],[175,37]],[[75805,14052],[16,-14],[-44,-21],[-126,-1],[49,63],[-22,-32],[68,-13],[59,18]],[[100020,14470],[67,6],[-125,-47],[16,51],[42,-10]],[[100174,14544],[22,-5],[-29,-26],[-75,-11],[82,42]],[[88375,14566],[45,-16],[48,-75],[-51,-50],[-58,-11],[10,30],[-89,38],[-39,70],[29,29],[105,-15]],[[76104,14581],[-3,-40],[-150,-16],[-9,46],[30,23],[132,-13]],[[88670,14592],[43,-11],[-60,-41],[-51,-5],[-35,30],[31,42],[68,6],[4,-21]],[[88223,14676],[46,-23],[-47,-26],[-49,25],[19,54],[31,-30]],[[92676,14789],[41,15],[80,-34],[-54,-43],[-67,62]],[[92282,14779],[-4,-17],[-127,31],[52,35],[79,-49]],[[113978,14742],[-26,-45],[-85,86],[2,89],[109,-130]],[[93247,14950],[-18,-58],[-57,1],[42,67],[33,-10]],[[92120,14998],[37,-54],[-40,-44],[-167,-11],[-37,28],[57,83],[150,-2]],[[93410,15171],[70,-11],[-14,-44],[-188,7],[53,44],[79,4]],[[90649,15218],[57,-51],[-30,-21],[-93,9],[-4,57],[70,6]],[[93333,15406],[123,15],[64,-21],[42,-51],[-7,-50],[-88,-68],[-136,-14],[-87,29],[2,76],[87,84]],[[94240,15413],[36,-42],[-76,-1],[-22,97],[-109,46],[1,57],[43,6],[80,-42],[9,-85],[38,-36]],[[29738,13267],[6,57],[29,-37],[-35,-20]],[[105742,46075],[65,-110],[77,-84],[66,-30],[55,9],[61,-57],[56,-16],[49,-86],[-1,-85],[29,-97],[66,-32],[67,-98],[95,-56],[24,-53],[81,2],[88,41],[113,123],[34,189],[0,76],[45,136],[39,61],[31,130],[-1,58],[47,214],[-18,83],[20,175],[47,270],[26,78],[1,65],[-19,70],[-27,247],[25,231],[-43,156],[20,184],[34,142],[14,0],[7,59],[-37,166],[16,58],[41,47],[19,94],[24,-31],[18,-119],[-11,94],[35,27],[-62,38],[50,43],[-58,3],[-35,48],[17,31],[-29,4],[0,-50],[14,-10],[-36,2],[42,193],[31,-2],[-19,17],[26,127],[27,32],[2,-95],[15,43],[19,-21],[4,19],[-27,41],[-2,50],[62,349],[6,243],[57,31],[37,108],[38,26],[23,-41],[-34,-62],[-4,-60],[29,52],[23,-43],[3,-44],[25,18],[22,-123],[-3,-67],[24,-66],[-17,-59],[14,-225],[43,-61],[37,20],[24,-38],[24,-3],[-54,-114],[-3,-112],[59,-38],[14,-91],[46,-49],[-25,-168],[61,30],[-16,-56],[3,-96],[8,-159],[21,-54],[2,-68],[-22,-142],[27,-123],[25,-42],[7,-122],[25,-121],[53,-68],[73,86],[13,77],[34,-39],[46,39],[15,56],[33,-65],[-2,-62],[18,15],[-6,-80],[21,-55],[74,-37],[14,-74],[29,-46],[64,-17],[18,-71],[23,3],[-37,-140],[11,-53],[14,-3],[5,24],[8,-21],[-21,-32],[-14,-80],[41,-201],[-4,-96],[36,-99],[-10,-87],[12,-38],[-23,-114],[107,-224],[19,-53],[-13,-23],[11,-42],[22,67],[14,-15],[25,20],[-25,-116],[63,-209],[-1,-77],[27,-73],[-14,-33],[-8,-69],[10,-43],[-30,-139],[-4,-94],[30,-71],[28,-19],[8,-84],[43,-8],[-22,-204],[20,-67],[76,-113],[44,-34],[18,13],[53,-82],[35,32],[4,47],[12,-87],[25,-59],[95,-1],[10,21],[-16,47],[52,-146],[13,-94],[-11,-11],[40,-77],[33,-5],[-11,90],[24,-14],[17,-88],[18,-27],[29,-8],[19,21],[19,-37],[50,-19],[9,-42],[-14,-31],[46,-72],[20,8],[-14,13],[18,20],[-10,44],[25,-13],[13,19],[17,-101],[13,31],[2,-21],[9,8],[0,-56],[33,21],[52,-184],[-23,4],[-20,60],[-17,-25],[-19,21],[8,-39],[-22,-44],[27,-92],[34,-37],[-5,-71],[16,30],[60,-35],[-10,-48],[42,-13],[26,-59],[-11,-81],[12,-39],[10,17],[10,-17],[9,-60],[-11,-12],[18,-17],[-16,-54],[18,19],[16,-15],[11,-50],[20,30],[-15,-64],[12,-56],[-15,-39],[47,-231],[-7,-18],[18,-36],[-7,-23],[37,-39],[-12,-94],[50,73],[78,-168],[-41,218],[18,78],[25,20],[47,-149],[138,-145],[-21,81],[-1,72],[8,27],[17,-7],[15,-53],[5,38],[9,-51],[18,-19],[-18,-37],[-10,14],[1,-35],[12,0],[6,-41],[13,61],[4,-77],[14,-28],[-13,-143],[-17,-4],[13,-21],[-4,-120],[25,-57],[-17,-38],[32,-112],[-23,-13],[24,-39],[17,18],[25,-15],[38,-68],[20,-81],[30,-12],[55,-114],[32,-10],[4,-44],[10,30],[37,-34],[-25,64],[8,11],[31,-24],[-4,-26],[19,23],[11,-75],[19,-20],[9,18],[75,-280],[116,-134],[12,-121],[42,-90],[-22,-23],[43,-45],[40,-20],[4,26],[28,-29],[6,-81],[-20,-37],[31,24],[1,-37],[-20,-40],[-7,-71],[45,-94],[0,-91],[14,95],[20,-72],[28,-1],[-44,-239],[21,-48],[-9,-159],[13,-24],[-1,-130],[21,-116],[-43,-20],[-14,-52],[26,-3],[-17,-71],[34,-33],[8,-54],[25,-29],[45,-196],[14,11],[-13,-112],[11,13],[4,-77],[37,-64],[10,-59],[-10,-148],[23,-98],[-8,-129],[-44,-83],[-10,-95],[-31,-81],[4,-119],[-23,-223],[-102,-568],[13,-89],[21,-19],[-10,-107],[-26,-56],[-2,-96],[-19,-47],[5,-55],[-29,-54],[1,-47],[-34,-124],[-67,-126],[-12,-74],[20,-36],[-15,-39],[5,-101],[-81,-73],[-35,-59],[9,-28],[-27,21],[-25,-21],[43,-17],[-2,-26],[-67,-20],[-61,-60],[-77,-249],[-18,-22],[1,41],[-21,-27],[-1,-32],[17,-3],[-26,-105],[-47,-21],[-17,17],[-2,-47],[24,24],[-1,-49],[10,36],[5,-16],[-12,-130],[-19,-20],[16,-8],[-5,-52],[-10,-32],[-16,28],[-35,-35],[45,-16],[-23,-9],[-9,-17],[11,-18],[-67,-95],[-16,-140],[-15,-37],[-11,22],[-13,-24],[38,-35],[-15,-14],[-12,-98],[-36,-57],[17,-17],[-11,-11],[10,-43],[25,-17],[-2,-39],[-12,-21],[-7,60],[-30,-7],[-6,-31],[14,-38],[15,7],[-2,-34],[-69,-22],[-87,-319],[-33,-2],[16,-67],[-30,-41],[0,-102],[-14,8],[-9,-22],[21,-19],[0,-129],[-24,-54],[-2,-100],[-45,-165],[-9,-62],[13,-15],[0,-69],[-22,-21],[40,-34],[19,-74],[-34,-10],[11,-132],[-10,-22],[-58,-16],[5,28],[-25,-3],[15,-42],[-29,-67],[-66,-60],[-69,-23],[-6,21],[-39,9],[-276,-30],[-183,-102],[-120,-147],[-182,-291],[-6,19],[-71,-15],[-68,-38],[-21,28],[-42,-12],[-14,-26],[27,-41],[8,-56],[41,34],[12,41],[10,-13],[-14,-131],[16,-28],[-29,-50],[-23,24],[7,26],[-55,123],[-30,31],[-25,-8],[-4,-40],[-28,-7],[-54,155],[32,-26],[-15,32],[-70,-19],[-28,64],[-47,26],[20,22],[-4,47],[45,26],[-31,94],[-69,-4],[-18,-52],[9,-56],[-39,5],[-22,-52],[-34,-14],[-89,111],[43,-28],[59,23],[46,114],[-3,68],[-59,115],[-125,-113],[-14,-40],[-48,-4],[3,-25],[47,-12],[44,33],[17,-13],[3,-43],[-21,-45],[-83,-10],[-116,-115],[-69,-129],[-47,-23],[-56,-82],[-60,63],[-44,1],[-54,76],[-84,36],[-102,128],[-12,-20],[-23,24],[-74,-20],[-76,73],[-61,13],[-44,-29],[6,-59],[-16,6],[-14,-29],[-25,39],[-24,-19],[-13,13],[6,50],[-85,112],[-61,46],[-87,-9],[-97,93],[-52,159],[-44,60],[2,33],[-42,19],[-65,137],[-17,55],[15,34],[-39,109],[57,67],[5,132],[-43,165],[-90,259],[-179,239],[27,-6],[149,-214],[74,-188],[-26,129],[-39,79],[-144,183],[38,63],[26,-28],[-2,-89],[36,2],[6,58],[-45,54],[47,11],[1,71],[-16,-13],[-16,42],[-30,10],[-25,-47],[-47,-15],[-1,-31],[24,-34],[-50,29],[-29,-8],[67,-40],[-83,6],[-71,-67],[-110,-17],[-31,32],[10,51],[100,123],[25,191],[-6,155],[18,6],[-90,187],[-17,102],[-42,110],[-31,-63],[10,-40],[-36,-66],[-16,-110],[9,-21],[-53,-318],[-26,-31],[-82,39],[-31,-34],[-31,0],[-23,-44],[-43,10],[-42,-44],[-25,26],[41,100],[-7,41],[26,81],[82,-2],[42,-31],[18,23],[22,187],[-11,95],[-22,-3],[24,73],[-11,125],[18,3],[14,40],[-5,45],[31,59],[-8,28],[92,174],[17,-11],[2,55],[-42,168],[15,43],[61,32],[1,37],[-28,48],[-18,136],[12,22],[-30,34],[-25,111],[-7,-108],[15,-21],[4,-75],[-19,-45],[8,-41],[-48,14],[-60,-112],[-27,-171],[-49,-150],[-68,-49],[-25,30],[-20,-45],[27,1],[-119,-94],[-79,-107],[-46,-147],[-31,-29],[-12,-113],[-11,34],[-44,-33],[2,-65],[-17,4],[-8,-23],[5,-63],[-28,-23],[23,-9],[49,47],[-15,-83],[14,-64],[-16,-18],[-60,94],[-27,-21],[-4,-36],[-19,-2],[-59,138],[-45,29],[6,30],[-17,28],[-19,18],[-41,-20],[34,103],[1,-38],[38,-22],[-7,-22],[22,-41],[44,10],[-22,8],[0,34],[-16,-15],[-20,218],[-33,53],[14,13],[-4,74],[-24,65],[-116,164],[7,95],[-16,80],[-45,75],[18,4],[-8,33],[-42,17],[-2,-19],[29,-31],[-11,-13],[-51,56],[-39,2],[-8,-32],[-34,99],[-28,12],[20,18],[-6,33],[-41,11],[22,59],[-20,76],[48,-8],[-1,-50],[28,80],[-15,78],[-35,61],[-32,-1],[-63,-55],[2,71],[27,27],[-41,90],[-17,-11],[-27,45],[-15,56],[-21,-1],[-8,-43],[-28,38],[-20,-14],[25,-41],[-62,6],[-12,-18],[-41,14],[-38,62],[-19,-7],[-67,99],[-86,6],[-21,-27],[6,-29],[-79,-2],[-150,192],[-201,156],[-129,-81],[-211,21],[-388,-73],[-257,-205],[-309,-160],[-203,-27],[-164,52],[-59,-25],[-157,-172],[-178,-119],[-56,-81],[-158,-54],[-52,-53],[-36,-74],[-47,-258],[-65,-92],[-9,-56],[-67,-84],[-48,30],[-39,-60],[-37,-15],[-14,66],[-30,28],[-61,-27],[-21,17],[-56,-12],[-16,-40],[-70,27],[-27,-27],[-4,-39],[-13,18],[-41,-17],[-7,80],[-22,45],[-71,-48],[-32,25],[-23,-12],[-32,35],[-66,3],[-56,-33],[-23,16],[-178,-32],[-55,-50],[-131,30],[-65,-37],[-78,-99],[-34,-107],[5,-28],[25,-16],[-27,-13],[-23,22],[-15,-79],[-21,31],[-24,-54],[-37,38],[-93,12],[16,-30],[-53,-36],[10,-29],[-11,-20],[-94,-65],[-18,-54],[4,-47],[-79,-28],[12,-44],[-31,18],[-90,-28],[18,-31],[4,25],[34,-29],[-23,-20],[-83,46],[-22,-57],[-92,75],[-50,6],[-17,-34],[-33,26],[-30,5],[-24,-26],[-47,29],[-33,-26],[-58,31],[-29,42],[41,3],[-37,44],[-4,-37],[-132,51],[-21,84],[-136,197],[-82,55],[-32,-7],[-15,-33],[-34,63],[-19,252],[9,212],[69,-77],[57,8],[50,75],[36,128],[28,23],[-1,49],[-13,-59],[2,164],[-24,228],[33,93],[-20,-90],[25,-78],[-19,95],[30,-5],[7,22],[-18,41],[7,127],[-21,38],[21,5],[7,50],[-19,309],[-129,439],[-44,103],[-40,191],[-39,307],[12,345],[-45,233],[-80,169],[-24,198],[-73,183],[-48,78],[-23,152],[15,110],[-43,233],[-141,401],[-92,163],[-23,110],[-29,55],[34,-21],[6,-31],[10,149],[7,-174],[19,-68],[-8,232],[12,-103],[18,11],[17,-136],[-5,-65],[13,79],[-4,51],[10,-9],[7,-174],[20,78],[1,-99],[13,-34],[9,24],[39,10],[19,48],[5,112],[-34,64],[-33,12],[-35,83],[-7,93],[-45,133],[0,46],[31,91],[2,-57],[69,-122],[-2,-44],[12,-12],[-18,-165],[8,-30],[22,-6],[18,53],[10,49],[-8,62],[18,-20],[-1,-90],[14,-12],[7,-121],[18,-37],[27,-35],[43,82],[-14,75],[12,83],[-14,53],[28,-6],[-12,38],[8,54],[-34,33],[-75,213],[-42,174],[-37,41],[-15,71],[7,37],[-19,26],[-2,103],[-55,122],[-16,75],[-2,103],[16,49],[-6,76],[15,87],[48,179],[44,61],[10,43],[-6,185],[21,70],[-2,75],[-16,89],[-33,39],[-4,93],[28,62],[55,269],[46,133],[46,22],[-32,-234],[11,-97],[12,23],[8,-15],[-17,-50],[1,-66],[19,-11],[36,49],[17,-32],[53,207],[-1,100],[18,-24],[33,124],[93,94],[59,18],[124,103],[49,112],[64,60],[40,105],[71,55],[15,78],[31,-11],[54,31],[82,97],[31,78],[18,-3],[-21,-74],[24,-34],[100,72],[9,-48],[57,-34],[83,44],[44,0],[35,26],[33,77],[70,86],[27,-10],[30,23],[16,-17],[145,51],[56,144],[40,53],[22,-26],[11,31],[90,-26],[42,-41],[48,64],[211,60],[195,146],[58,71],[61,105],[69,178],[41,162],[-10,61],[34,6],[18,29],[2,32],[-15,16],[27,74],[33,-1],[150,236],[-6,65],[-58,3],[13,42],[-1,126],[-21,92],[2,139],[10,61],[34,66],[-2,31],[59,87],[4,-21],[3,40],[41,-32],[-23,69],[18,51],[80,0],[-25,48],[5,68],[42,51],[9,61],[31,26],[-3,-31],[20,-19],[-25,-17],[-1,-90],[13,7],[8,-49],[29,3],[-12,-52],[19,-24],[-3,-66],[39,-63],[42,-189],[38,-71],[26,-101],[-4,143],[26,111],[-22,57],[5,68],[21,-6],[8,-41],[17,-3],[43,-91],[17,-3],[-20,33],[-19,102],[22,-16],[-7,49],[37,74],[-7,18],[-9,-37],[-37,-20],[-28,94],[-66,55],[33,67],[-25,9],[3,-22],[-10,0],[-30,48],[23,-6],[-9,23],[59,-39],[-18,13],[22,13],[-49,48],[68,-14],[-27,41],[27,-10],[0,29],[-31,26],[-5,-17],[-21,34],[12,14],[-4,36],[53,31],[17,-17],[12,-22],[-14,-11],[20,-9],[-32,-18],[43,-43],[1,-25],[-10,0],[9,-39],[9,0],[1,57],[34,-24],[-14,52],[11,10],[-25,38],[72,-34],[32,-77],[40,-8],[14,35],[30,-26],[98,5],[23,-25],[22,14],[-103,48],[-64,-2],[-8,72],[18,98],[29,-74],[25,38],[5,136],[11,20],[14,-9],[16,46],[-41,0],[-41,-120],[-16,108],[-12,-30],[-9,124],[9,26],[5,-22],[3,30],[-17,61],[24,0],[8,35],[52,-23],[4,56],[14,-36],[0,51],[17,22],[-21,3],[9,34],[-11,30],[31,-22],[-6,-30],[19,26],[13,-17],[-5,-22],[33,-4],[24,-39],[-4,-35],[12,9],[11,-21],[4,30],[41,-43],[-37,62],[5,45],[19,22],[-36,19],[-40,-36],[-11,27],[14,42],[27,5],[16,37],[-25,0],[-37,-55],[-9,68],[18,25],[26,-21],[16,22],[-7,81],[24,1],[-4,-39],[5,-18],[16,13],[14,-77],[0,94],[41,-80],[47,1],[-19,19],[-2,35],[21,27],[-81,40],[40,38],[-35,25],[-22,68],[55,63],[-23,13],[27,26],[11,47],[-1,-68],[16,42],[16,-62],[18,93],[20,-5],[-5,-35],[17,5],[5,198],[34,-39],[9,13],[-8,-39],[-17,0],[8,-108],[-15,-81],[22,88],[5,59],[5,-43],[21,22],[17,-15],[-11,-16],[4,-56],[27,-42],[5,76],[20,-17],[17,17],[-18,86],[27,20],[0,71],[27,26],[3,38],[-15,34],[-38,5],[-4,51],[13,-26],[9,30],[16,-26],[-25,66],[13,-7],[13,28],[-2,-24],[20,2],[-14,-60],[37,38],[-19,-34],[17,-18],[-17,-29],[16,3],[-7,-49],[32,-44],[19,28],[-17,30],[12,49],[66,81],[14,-8],[-39,-85],[25,3],[-11,-25],[25,-17],[11,-56],[16,103],[14,-35],[13,30],[5,39],[-9,-13],[-4,30],[40,1],[-6,21],[15,0],[-16,16],[-20,82],[22,15],[10,-31],[11,12],[-4,35],[16,-13],[13,25],[23,-34],[36,-119],[12,55],[10,-43],[14,36],[32,-44],[-1,38],[23,-39],[6,13],[11,-72],[72,-76],[52,-127],[1,-34],[15,8],[-5,-38],[33,-31],[-3,-25],[19,8],[21,-46],[55,-53],[-16,-12],[2,-58],[-24,-15],[-14,-265],[-11,-9],[10,-71],[-16,-57],[25,45],[8,152],[33,-49],[22,-89],[1,70],[-24,53],[-8,93],[39,95],[12,-83],[5,34],[18,-35],[10,-2],[-14,99],[11,22],[-17,29],[48,31],[189,-95],[27,-48],[6,-85],[-16,-66],[23,33],[-2,-42],[16,81],[-12,170],[12,-32],[20,16],[51,-45],[32,-75],[4,-73],[20,22],[11,-40],[16,3],[-38,158],[12,68],[46,-18],[49,49],[16,-14],[4,51],[-77,-59],[11,34],[-28,-13],[-41,108],[43,11],[24,40],[-41,-27],[-44,18],[-59,86],[5,50],[40,115],[-3,58],[34,-25],[7,60],[9,-24],[34,27],[-7,78],[34,66],[-11,3],[1,51],[35,149],[8,-46],[18,-12],[55,44],[39,85],[26,-14],[-69,114],[2,141],[17,24],[15,-25],[31,22],[12,147],[15,-6],[16,34],[23,-17],[-3,36],[26,-71],[35,6],[-44,45],[19,15],[-13,14],[14,91],[-14,23],[21,11],[48,-33],[2,-94],[7,30],[29,-64],[3,26],[20,-18],[-31,71],[31,-15],[-28,54],[-20,2],[0,30],[28,43],[48,-26],[-19,114],[10,27],[27,1],[50,-56],[-7,21],[20,99],[17,-110],[34,-44],[112,12],[37,34],[54,-56],[64,94],[9,-45],[34,7],[14,-55],[-12,-48],[21,50],[-3,92],[41,39],[64,-26],[-41,42],[6,136],[-19,41],[34,82],[-39,26],[-28,85],[-42,26],[-87,-56],[-21,25],[-1,41],[-31,15],[9,27],[-35,29],[-34,-4],[12,13],[-5,17],[17,-9],[-7,48],[17,-12],[4,30],[19,-49],[15,15],[-1,60],[35,-61],[9,12],[-2,-77],[11,18],[11,-65],[10,-2],[-5,37],[16,7],[-16,23],[-13,104],[13,3],[32,-85],[-2,66],[21,26],[12,-101],[22,44],[10,-14],[14,-65],[53,-106],[20,0],[32,68],[21,-12],[-9,50],[14,4],[55,-111],[30,-122],[32,-16],[28,26],[-7,-45],[27,23],[0,-27],[24,-15],[18,26],[0,-73],[9,34],[32,-6],[9,32],[23,0],[17,34],[38,-4],[7,-23],[-31,-30],[0,-31],[33,-36],[37,43],[11,-52],[16,30],[19,-43],[-9,-18],[6,-62],[33,68],[48,-56],[55,-5],[37,65],[21,8],[31,-112],[35,-12],[35,-71],[25,10],[24,-36],[4,17],[-20,29],[56,-11],[-39,34],[48,65],[31,-17],[26,33],[17,-23],[41,50],[-43,-24],[3,57],[61,29],[33,46],[-2,50],[11,4],[12,-11],[-11,-45],[-62,-96],[66,22],[-41,-43],[-47,-80],[0,-25],[27,-67],[49,100],[11,-20],[47,74],[-40,-93],[13,-32],[29,20],[-25,-82],[16,-64],[12,24],[35,-21],[37,28],[26,121],[-62,33],[91,143],[40,28],[-34,-56],[21,-4],[19,-114],[25,-55],[27,-2],[2,25],[-24,13],[27,26],[38,-37],[18,-79],[18,2],[-71,-122],[12,53],[-22,-12],[7,-62],[-20,-26],[-4,-61],[-27,-1],[1,-72],[-17,53],[-11,-6],[2,-31],[-20,19],[6,-48],[56,-91],[-19,8],[-7,-20],[-8,32],[-20,-7],[24,-52],[-12,-61],[-17,-7],[-3,-47],[-9,16],[-41,-58],[5,38],[17,14],[-5,100],[-13,12],[-9,-73],[-19,21],[-1,-42],[-29,-41],[-4,88],[-31,-68],[0,-51],[-15,60],[-17,-45],[-5,20],[-11,-18],[-9,-52],[29,-36],[-17,-24],[-13,21],[-8,-16],[-4,-91],[26,-47],[-12,-24],[28,-18],[22,55],[14,-5],[-29,-149],[-23,-37],[-4,-147],[-50,-44],[-31,-102],[-19,-15],[-29,-125],[-29,-43],[-22,-2],[33,-141],[252,-288],[16,-95],[85,-100],[22,5],[42,-94],[-2,-47],[24,23],[46,-22],[22,44],[123,-161],[128,-82],[40,-115]],[[102512,46918],[10,-62],[-20,34],[1,61],[9,-33]],[[102598,47002],[8,-52],[-27,52],[-2,55],[21,-55]],[[103003,47071],[-2,-18],[-15,45],[17,-27]],[[102970,47101],[19,-104],[-30,104],[11,0]],[[101961,47680],[37,-17],[-32,-2],[-5,19]],[[104750,48818],[14,-7],[-6,-31],[-18,50],[10,-12]],[[104777,48837],[7,-9],[-13,-9],[-13,20],[19,-2]],[[104259,49109],[25,-6],[-41,-37],[0,27],[16,16]],[[104282,49195],[11,-30],[-39,-26],[0,35],[28,21]],[[109112,29293],[-38,62],[-5,-45],[-25,-25],[-31,50],[16,36],[-40,40],[22,66],[23,-63],[41,2],[-15,83],[-50,4],[-32,46],[-20,-9],[-11,-29],[19,-59],[-41,-43],[-11,30],[22,-9],[3,65],[-18,-12],[-46,93],[25,-92],[-9,-73],[-26,9],[15,-35],[-17,-28],[3,-79],[-31,-10],[-24,24],[5,49],[-16,-30],[-14,56],[-15,-12],[-2,-42],[44,-63],[-45,-26],[31,-10],[-20,-41],[-25,-5],[32,-30],[-25,1],[2,-35],[-16,0],[9,-50],[-72,-11],[-52,100],[1,-34],[-15,-6],[-58,18],[-15,-17],[-18,30],[-17,-34],[-13,21],[-41,-30],[-1,63],[-26,55],[47,7],[25,-39],[6,32],[17,-19],[0,47],[-21,27],[-19,-37],[-14,34],[-14,-27],[-36,81],[-16,-49],[19,-10],[-31,-2],[-34,121],[-19,0],[5,31],[-30,49],[-29,8],[-48,126],[-5,67],[-29,29],[11,29],[-21,59],[-15,168],[82,-115],[12,-83],[3,61],[13,-8],[13,54],[-32,9],[-32,56],[-7,57],[-25,-48],[-14,17],[12,45],[-19,99],[-96,165],[-18,99],[-38,82],[10,30],[-58,231],[4,42],[28,37],[6,144],[15,-54],[73,-11],[44,-48],[5,19],[39,0],[6,44],[13,-22],[-12,-26],[24,-29],[60,-1],[16,-40],[52,-19],[27,-55],[181,-88],[64,22],[13,-30],[23,55],[30,17],[21,-57],[43,-6],[-37,42],[4,37],[62,40],[49,-19],[38,41],[53,-42],[69,112],[56,-40],[22,12],[33,86],[74,-65],[41,-101],[-20,-27],[12,-13],[-12,-86],[17,-41],[-21,-49],[32,35],[-25,-100],[12,-98],[-18,-121],[22,-72],[-10,-85],[22,-37],[-16,-38],[16,-21],[-14,-46],[-21,21],[20,78],[-52,38],[26,32],[-20,38],[4,-34],[-15,1],[-5,-39],[28,-20],[-41,-4],[-43,-150],[22,5],[-8,-114],[-39,-20],[21,-109],[-36,-92],[24,-14],[-12,11],[13,21],[28,-44],[-18,-103],[16,-99]],[[112737,22228],[23,26],[-42,-176],[19,150]],[[108892,29224],[9,-35],[-16,-65],[-26,10],[-7,43],[-22,-53],[-20,56],[27,-30],[1,62],[17,-16],[26,77],[11,-49]],[[108914,29355],[12,-67],[-26,-12],[9,39],[-32,27],[21,8],[2,41],[14,-36]],[[109160,29686],[11,-28],[-34,-12],[12,-31],[-32,-22],[4,87],[18,21],[21,-15]],[[109212,29872],[14,-30],[-36,34],[22,-4]],[[108119,30898],[18,-26],[-64,-4],[19,63],[27,-33]],[[109151,30988],[45,22],[-19,-67],[-26,45]],[[108045,31053],[-16,-108],[-11,65],[27,43]],[[108082,31022],[-23,26],[29,30],[11,-43],[-17,-13]],[[109256,31083],[18,-35],[-48,-47],[-4,42],[-82,-11],[-28,23],[25,41],[40,-9],[43,39],[36,-43]],[[109118,31222],[-43,75],[-2,85],[-18,-12],[-23,22],[35,39],[1,46],[29,20],[71,-140],[44,-17],[-5,-75],[-20,-28],[25,17],[11,-58],[-15,2],[14,-21],[-38,12],[-30,-42],[-25,18],[-11,57]],[[107817,31383],[13,-21],[-10,-65],[-70,-60],[-6,100],[-16,30],[8,137],[29,29],[-1,47],[55,-54],[-2,-143]],[[108656,32096],[11,0],[-40,-26],[-23,31],[52,-5]],[[108226,32250],[6,-39],[-29,33],[-51,-7],[56,49],[18,-36]],[[108262,32371],[15,-33],[-45,-37],[-23,16],[5,66],[48,-12]],[[105829,33937],[-27,-64],[-75,34],[-64,-29],[-9,-72],[-48,-36],[-29,45],[-48,19],[-29,-39],[-92,9],[-49,-22],[-20,56],[-41,39],[22,97],[158,53],[87,56],[37,-18],[59,18],[-14,-39],[22,-9],[-22,-42],[66,-8],[11,-45],[41,53],[64,-56]],[[105179,34441],[9,-40],[-38,80],[29,-40]],[[104637,35255],[-22,-45],[2,45],[20,0]],[[104311,36126],[5,38],[32,13],[-37,-51]],[[112787,36628],[21,-30],[-10,-16],[-11,46]],[[110938,39199],[21,0],[-31,-192],[-18,-3],[-1,146],[12,63],[17,-14]],[[110913,39246],[-17,171],[30,31],[-13,-202]],[[97542,40042],[-3,-44],[-85,229],[-11,156],[13,26],[16,-8],[15,-139],[28,-106],[-7,-48],[10,11],[24,-77]],[[97520,40757],[-11,-43],[11,150],[0,-107]],[[110899,40718],[-95,-424],[5,-57],[-14,-25],[-37,134],[41,159],[0,51],[-18,23],[70,115],[5,72],[-34,60],[48,77],[1,-114],[28,-71]],[[110235,41450],[3,-37],[-16,81],[13,-44]],[[110201,41547],[9,-52],[-28,-18],[-78,182],[31,25],[41,-54],[14,28],[-3,-74],[14,-37]],[[109688,42377],[12,-15],[-13,-47],[1,62]],[[109957,42418],[6,-20],[-24,-24],[-2,81],[20,-37]],[[109750,42564],[4,-74],[-13,-42],[-6,53],[15,63]],[[109876,42753],[25,8],[-9,-28],[-16,20]],[[109878,42791],[-18,0],[0,35],[18,-35]],[[98290,43386],[-19,-78],[-34,-10],[1,43],[40,83],[12,-38]],[[109477,43581],[7,-38],[-21,-31],[14,69]],[[109468,43646],[-9,17],[-20,-23],[-3,27],[-15,-4],[19,85],[28,-102]],[[109431,43753],[-11,-22],[-14,26],[27,60],[-2,-64]],[[108734,44397],[2,-30],[-16,-7],[-13,27],[27,10]],[[108554,44856],[11,-24],[-14,-36],[-29,8],[-8,57],[-34,81],[40,-20],[4,50],[24,-25],[-8,-44],[20,-34],[-6,-13]],[[106306,45697],[2,-38],[-35,0],[-13,-26],[-7,26],[30,72],[23,-34]],[[106149,45830],[22,0],[-16,-22],[-6,22]],[[106363,46071],[-9,-52],[-32,-17],[-19,44],[-22,-22],[12,-24],[-17,-1],[-9,-67],[-16,14],[-32,-51],[-25,2],[-16,36],[1,-44],[-12,-14],[7,87],[41,92],[98,47],[36,-43],[14,13]],[[105344,46559],[14,-25],[-16,-47],[-16,40],[18,32]],[[105387,46573],[12,-26],[-19,6],[4,-31],[-20,-14],[0,60],[23,5]],[[105479,46504],[10,-14],[-11,-46],[-24,38],[-7,47],[-15,-6],[20,80],[29,-37],[-2,-62]],[[105326,46637],[-10,-60],[-29,4],[9,59],[30,-3]],[[105419,46607],[-16,-30],[-2,51],[14,35],[4,-56]],[[101268,46816],[11,-7],[-6,-28],[-32,6],[27,29]],[[101320,46766],[25,-39],[-39,-28],[-5,17],[22,24],[-41,9],[36,73],[2,-56]],[[101438,46991],[-1,-35],[-21,36],[21,23],[1,-24]],[[105043,47057],[-1,-20],[-25,-2],[13,43],[13,-21]],[[101527,47307],[3,-77],[-23,-35],[-15,19],[2,43],[13,-6],[-7,39],[12,33],[15,-16]],[[105216,47785],[-17,-88],[-12,-4],[-7,56],[-7,-48],[-13,15],[-1,58],[17,-12],[10,46],[30,-23]],[[105437,47487],[0,-60],[-16,-13],[-56,27],[-31,-16],[-71,54],[-34,-22],[37,69],[-9,189],[34,-10],[6,30],[22,-16],[11,22],[-19,57],[15,0],[1,-20],[33,44],[-14,-61],[16,-12],[2,-48],[28,-6],[9,62],[20,-4],[7,-30],[-22,-69],[-29,-18],[-2,-33],[16,-20],[-36,-28],[0,-33],[11,-39],[16,1],[1,23],[31,-37],[12,39],[21,0],[-10,-22]],[[105166,47955],[-13,47],[35,-64],[-16,-7],[-4,-55],[-2,79]],[[103919,48809],[6,-39],[-22,22],[16,17]],[[105217,48869],[9,-7],[-16,-33],[-28,-24],[-18,13],[0,25],[37,-4],[16,30]],[[105322,49013],[-8,-33],[-20,5],[28,28]],[[105106,49037],[9,29],[24,7],[-16,-37],[-17,1]],[[103996,49075],[7,-28],[-19,-18],[-24,44],[36,2]],[[105262,49161],[18,30],[-1,-28],[-33,-54],[-66,-60],[30,72],[17,-19],[35,59]],[[103304,49038],[27,-27],[3,-35],[-44,-22],[-58,44],[-79,-37],[-23,32],[18,14],[1,53],[24,-18],[14,14],[4,107],[-17,11],[41,94],[25,13],[18,-72],[-4,-55],[25,-45],[-5,-68],[30,-3]],[[103636,49221],[-2,-38],[-20,-12],[1,-67],[-29,14],[-31,-92],[-110,-131],[-155,178],[-43,279],[11,32],[39,-90],[23,6],[-7,-67],[31,39],[12,-64],[10,31],[65,47],[28,-24],[6,-41],[9,62],[35,41],[22,-94],[-5,96],[23,35],[9,-55],[10,22],[32,-4],[15,-89],[21,-14]],[[105375,49455],[-16,-104],[-60,-149],[-19,-3],[70,170],[10,79],[15,7]],[[103953,49380],[7,46],[-14,35],[28,-1],[16,40],[4,-88],[-10,-28],[17,-13],[-11,-107],[-37,116]],[[107202,49689],[9,-30],[-32,-35],[-25,54],[27,58],[21,-47]],[[107204,49744],[21,-21],[-17,-18],[-4,39]],[[107215,50019],[13,-38],[-15,-38],[-23,12],[-2,55],[27,9]],[[107180,50056],[0,-40],[-16,-26],[-15,42],[15,43],[16,-19]],[[98299,36330],[20,-7],[-38,-10],[18,17]],[[97696,38549],[23,16],[-22,-37],[-1,21]],[[108664,44629],[11,-4],[-38,-6],[4,49],[23,-39]],[[107368,50501],[9,-10],[-23,-27],[-37,18],[51,19]],[[107186,50582],[24,-29],[-43,10],[19,19]],[[46281,97141],[2,-20],[-81,37],[44,-92],[-55,-14],[31,-48],[57,-12],[-37,-18],[129,-91],[15,-106],[-25,-30],[78,-31],[14,-37],[-58,-18],[-30,39],[-59,-2],[-92,-49],[-92,25],[-57,-15],[-14,-38],[41,-11],[19,-44],[100,-18],[34,-43],[22,53],[69,-4],[50,-32],[5,-31],[-34,-29],[15,-20],[-43,9],[-36,-26],[73,-18],[31,-143],[-156,5],[-119,49],[-44,49],[-47,-45],[11,-20],[42,7],[83,-46],[113,-23],[2,-48],[47,5],[-4,-32],[-19,-24],[-48,26],[-2,-17],[-21,32],[7,-27],[-50,4],[48,-39],[-15,-13],[-78,77],[35,-72],[58,-26],[-43,-14],[-95,111],[58,-102],[-83,80],[-3,-29],[-28,5],[155,-116],[-86,43],[-9,28],[-43,7],[-61,76],[-62,-52],[15,-44],[57,-29],[-41,-7],[16,-26],[39,9],[51,-49],[19,-70],[-41,-18],[-155,98],[162,-138],[-69,22],[3,-22],[-35,9],[-31,35],[-8,-21],[-63,85],[3,-49],[-23,-11],[66,-52],[127,-20],[-4,-42],[-47,4],[-14,-36],[23,-20],[-31,-9],[-55,29],[-3,-50],[-100,13],[5,80],[-43,-18],[-9,-34],[-45,6],[60,-27],[-23,-31],[-32,29],[31,-80],[-38,43],[13,-34],[-29,-17],[-15,59],[-4,-54],[-148,42],[11,-37],[129,-38],[17,-33],[22,27],[77,-37],[12,-61],[-70,42],[25,-39],[-24,-1],[59,-38],[41,13],[-7,-34],[37,4],[-59,-8],[-131,80],[-80,13],[-2,-29],[73,-29],[51,-60],[65,8],[50,-22],[-22,-29],[23,-26],[-18,-77],[-69,-40],[34,-17],[-43,-38],[73,42],[70,-8],[-30,-54],[-69,0],[74,-32],[-50,-69],[-82,-13],[-59,52],[-31,-23],[31,2],[58,-53],[103,16],[-38,-34],[24,-31],[-42,7],[25,-17],[-30,4],[10,-34],[-215,21],[50,-40],[135,2],[5,-61],[29,5],[2,-26],[-91,-56],[20,-13],[-74,28],[-131,2],[157,-38],[-43,-21],[82,8],[28,-39],[-201,9],[157,-39],[25,-30],[-326,17],[149,-12],[59,-17],[-9,-18],[102,4],[-20,-12],[36,-26],[-49,7],[26,-50],[-100,-31],[-151,38],[2,-19],[197,-41],[28,-26],[-242,23],[252,-66],[-54,-53],[-114,16],[11,-13],[112,-22],[53,44],[-27,-50],[-105,-2],[104,-17],[-104,-21],[33,-25],[-86,31],[53,-49],[-28,-5],[-105,46],[-49,113],[10,-107],[-141,25],[-36,31],[9,-42],[105,-23],[15,-60],[26,51],[133,-44],[-88,-93],[46,31],[32,-14],[-3,36],[63,6],[2,-28],[-62,13],[84,-39],[-25,-22],[27,-22],[-43,9],[-34,-26],[57,-1],[16,-37],[-32,9],[-2,-22],[41,-22],[-166,24],[-12,33],[-12,-23],[-110,23],[-58,-11],[57,83],[-36,51],[1,-65],[-20,-20],[-38,51],[16,-63],[-31,4],[19,-30],[-65,-29],[-44,-98],[-26,17],[0,58],[-16,-63],[-29,6],[-28,61],[14,22],[-27,-28],[27,-54],[-43,13],[-16,41],[-50,-11],[30,43],[109,30],[-26,13],[101,142],[21,73],[-137,-215],[-69,-17],[-30,-40],[-4,49],[87,72],[27,95],[-36,-5],[109,167],[-59,-33],[-66,-121],[-71,-33],[-18,35],[68,105],[-53,-18],[-2,-37],[-89,-51],[125,145],[-62,-30],[-14,30],[-78,-159],[-2,43],[-28,-5],[26,36],[-45,-1],[35,39],[-53,-15],[-32,-67],[-33,39],[134,77],[-44,-17],[-49,13],[93,43],[-15,13],[82,70],[40,6],[-36,14],[11,31],[-21,19],[0,-33],[-106,-117],[-54,-9],[40,44],[-38,13],[-37,-16],[-12,-56],[-63,9],[-3,21],[52,10],[69,62],[-112,-55],[8,17],[93,60],[125,32],[83,77],[15,67],[-50,-73],[-49,96],[8,-92],[-96,-88],[-85,-29],[-20,43],[129,54],[-24,18],[14,28],[38,1],[-51,2],[-33,47],[53,66],[-35,0],[-40,-59],[-58,12],[92,-63],[-39,-10],[13,-26],[-39,-26],[-83,20],[55,-39],[-14,-15],[-26,-13],[-11,43],[-48,26],[0,-48],[-55,-4],[12,-33],[-37,21],[25,-48],[-16,22],[-8,-26],[-33,30],[16,-26],[-61,17],[58,-31],[-50,-55],[-26,0],[18,22],[-31,-9],[44,39],[-66,-26],[44,56],[-10,18],[-45,-9],[16,19],[-73,-50],[-17,41],[-54,-12],[-21,-31],[-70,16],[-41,-31],[176,6],[-36,-32],[-164,9],[-3,26],[-32,-33],[-65,-6],[181,116],[-74,9],[-83,-35],[-16,19],[-65,-5],[188,35],[-32,29],[55,64],[-105,-64],[11,60],[-28,-33],[-27,34],[37,33],[-7,26],[71,30],[-84,-10],[-42,-84],[26,-22],[-26,-9],[-50,17],[46,18],[2,27],[-61,-31],[-21,12],[11,26],[-20,-17],[16,38],[-39,-36],[20,41],[67,21],[-44,-8],[9,30],[44,-2],[4,19],[-111,13],[7,30],[-112,-52],[17,26],[-42,0],[68,34],[210,56],[-82,-8],[44,20],[-8,26],[-54,-40],[-162,-54],[4,22],[-36,2],[23,28],[-85,13],[19,29],[97,-13],[119,31],[-155,-8],[-2,47],[61,17],[3,42],[-92,-42],[13,65],[36,13],[37,62],[47,6],[-12,21],[-53,-10],[-74,-75],[-18,-83],[-44,27],[59,85],[-37,-12],[-20,-43],[-27,4],[34,68],[-27,5],[88,24],[101,66],[-59,4],[11,30],[-32,-34],[16,82],[-46,-120],[-77,-22],[5,52],[-84,-50],[-10,28],[44,-4],[-27,19],[52,19],[-47,-7],[-31,25],[121,-22],[-32,22],[44,13],[2,25],[-26,-4],[7,25],[-42,-38],[-70,5],[36,42],[69,3],[26,23],[-88,-11],[-1,36],[-19,-34],[-91,-4],[31,37],[-32,-9],[-6,46],[-35,-27],[-101,116],[35,106],[113,139],[-87,-74],[-20,18],[-25,-64],[-16,21],[25,71],[33,54],[147,77],[-160,-65],[-69,-104],[21,88],[60,55],[-36,15],[-8,-41],[-63,-17],[-48,17],[41,22],[-12,26],[-4,-18],[-25,9],[2,34],[60,29],[9,30],[113,25],[-97,6],[-46,-35],[-34,30],[-63,-18],[-44,-37],[45,69],[-74,-56],[-16,28],[31,26],[-39,2],[23,22],[-29,6],[1,32],[269,34],[-41,14],[-215,-34],[15,63],[-44,-60],[-1,37],[-28,6],[32,32],[127,37],[-116,-15],[-17,51],[30,24],[50,-26],[110,22],[3,-22],[20,39],[-130,-26],[-60,21],[-36,-22],[7,-76],[-38,26],[-48,-5],[38,56],[-77,39],[64,21],[-71,-6],[21,40],[95,22],[96,77],[-178,-76],[28,46],[-21,41],[25,11],[-60,4],[-26,34],[97,-13],[-11,33],[160,19],[76,49],[72,-23],[75,42],[32,-8],[20,-53],[3,57],[-39,29],[-130,-42],[63,114],[-150,-114],[-208,-60],[-70,30],[43,26],[55,-17],[-34,28],[-71,-23],[-31,21],[117,21],[49,-26],[65,39],[39,-13],[35,26],[-66,13],[53,81],[41,11],[61,-28],[-39,43],[118,-39],[55,36],[-16,19],[-56,-33],[-77,26],[61,56],[-76,-18],[14,39],[-96,8],[27,27],[76,-9],[52,22],[-70,16],[60,13],[48,-18],[62,-124],[188,-90],[-33,50],[-126,67],[-19,68],[41,40],[-73,15],[67,92],[-60,-28],[-33,-50],[-94,24],[-39,137],[-27,13],[-22,66],[47,50],[-62,-37],[-33,39],[33,-144],[54,6],[7,-56],[-23,-21],[36,-12],[-15,-39],[22,-19],[-30,7],[-59,-53],[-52,-12],[19,-20],[-45,-11],[-24,5],[17,54],[42,44],[-71,-13],[-68,-156],[-84,-89],[16,-38],[-65,-55],[-72,-19],[-23,20],[11,106],[-28,50],[50,15],[-37,26],[44,37],[-39,-11],[-7,34],[39,-5],[-29,55],[51,15],[34,55],[89,42],[25,-14],[96,95],[-59,-8],[11,-13],[-105,-60],[50,64],[-46,20],[-49,-71],[27,-30],[-32,15],[-8,-32],[-70,-27],[48,52],[-37,29],[-42,-76],[-12,69],[69,43],[-30,4],[6,21],[-26,-10],[-37,62],[57,12],[-34,35],[66,86],[-90,-73],[27,78],[-42,-23],[-2,35],[-69,-95],[30,52],[-41,30],[283,167],[-62,22],[71,50],[221,39],[95,-52],[62,19],[-73,-9],[30,35],[-53,-9],[-34,26],[-165,-6],[-184,-63],[21,-73],[-187,-103],[-18,26],[34,53],[-57,-17],[48,114],[-75,-107],[-35,32],[46,41],[-37,-4],[76,42],[-75,-25],[43,47],[-17,59],[-44,-85],[-138,9],[121,76],[-78,-38],[-50,3],[80,40],[-22,0],[18,30],[67,10],[46,37],[131,-64],[21,62],[86,43],[79,-46],[-40,57],[43,34],[-159,-54],[-31,-53],[-77,3],[-14,61],[-46,-30],[-29,22],[7,-30],[-133,-55],[-13,19],[25,1],[-41,18],[131,64],[-128,-52],[-44,-2],[-27,28],[121,26],[-119,9],[242,141],[13,39],[113,73],[127,30],[-16,30],[50,66],[143,42],[-26,21],[80,64],[61,-4],[-5,27],[74,-32],[186,9],[-115,20],[-33,-15],[-78,34],[16,18],[94,46],[228,-17],[-212,21],[105,40],[-192,-54],[-358,-207],[-56,-91],[-193,-105],[-95,-93],[-116,-56],[-98,8],[54,22],[-59,-13],[45,59],[135,36],[-167,-24],[-23,67],[65,72],[-48,-35],[7,57],[85,21],[55,-31],[83,32],[178,-1],[-134,22],[-135,-16],[-61,12],[27,30],[-43,-8],[0,20],[66,38],[68,-16],[157,21],[-2,22],[-55,4],[-127,-17],[-23,17],[129,6],[56,27],[-11,20],[-60,-6],[-77,-36],[30,56],[171,-1],[64,-24],[21,18],[-77,21],[57,14],[0,17],[-68,-5],[16,39],[-51,-44],[-65,-12],[-99,25],[-183,-13],[-57,52],[200,0],[-199,21],[3,28],[136,25],[-189,-22],[41,62],[143,13],[-59,15],[363,56],[102,39],[212,-26],[126,-129],[115,36],[161,6],[-60,22],[-218,-51],[-112,137],[134,39],[-286,-42],[-58,29],[-321,-79],[-39,10],[14,30],[-52,-40],[-154,-46],[-25,35],[34,105],[226,105],[-46,-5],[110,61],[-59,-20],[13,25],[150,15],[21,14],[-98,0],[91,17],[145,-44],[19,14],[66,-53],[172,27],[217,-116],[166,-17],[41,31],[-160,-4],[-107,59],[197,84],[115,-24],[-116,28],[-125,-56],[-117,-19],[37,22],[-74,2],[-60,44],[100,-8],[121,65],[102,-13],[23,26],[-173,41],[-34,-33],[52,9],[27,-13],[-20,-17],[-159,-38],[-60,76],[97,14],[28,-18],[-16,64],[-108,-38],[-69,9],[82,-69],[-19,-47],[-72,3],[-35,-34],[-48,22],[68,29],[-196,-8],[-36,33],[61,44],[78,-4],[98,32],[7,26],[-113,-44],[-96,-4],[-130,-67],[-66,1],[-250,-173],[-34,-11],[-17,23],[-7,40],[64,32],[-46,-5],[52,46],[-49,58],[69,29],[-8,-30],[75,-3],[-50,21],[18,17],[-28,17],[92,-34],[-34,12],[77,17],[-68,5],[-19,13],[41,13],[-25,16],[126,13],[-123,5],[27,36],[45,10],[104,-60],[47,-15],[127,-10],[49,30],[-46,-15],[-185,23],[-127,76],[8,44],[-58,-31],[-1,25],[-56,-10],[50,21],[64,7],[222,-81],[-30,41],[-86,20],[6,18],[74,-5],[207,-88],[238,15],[216,-103],[30,18],[81,-14],[29,22],[-138,14],[5,21],[-59,0],[7,21],[-114,34],[37,22],[-55,-12],[-112,59],[160,-8],[-142,42],[76,25],[-8,71],[120,41],[-10,21],[-128,-58],[-139,-1],[55,-34],[57,4],[30,-43],[-406,-72],[-23,68],[-94,-8],[56,-22],[-29,-17],[-74,29],[116,56],[-250,-50],[-17,38],[47,13],[54,-22],[96,38],[8,28],[117,28],[3,31],[-67,5],[140,29],[24,-18],[79,31],[24,-9],[-51,-13],[34,-25],[98,4],[26,27],[-5,-19],[45,6],[8,24],[66,-13],[18,25],[19,-12],[-12,73],[70,-51],[19,38],[-41,-4],[-21,39],[112,60],[-44,6],[-109,-66],[-59,8],[25,60],[84,56],[-72,-35],[34,159],[110,-7],[-81,-52],[119,21],[37,-75],[48,-27],[19,10],[-52,62],[42,-17],[29,38],[14,-61],[16,40],[-28,35],[-55,-12],[-88,42],[124,-3],[51,24],[-1,43],[-26,-21],[-76,8],[0,60],[35,22],[-78,-39],[3,-39],[-31,11],[-76,-37],[-67,21],[82,48],[-40,29],[52,9],[-12,73],[61,20],[67,-28],[5,34],[88,13],[-64,16],[-65,-33],[-41,19],[-46,-28],[-9,16],[35,90],[122,-28],[-9,30],[-119,11],[-1,30],[67,44],[135,-17],[-48,80],[-86,23],[10,30],[87,7],[21,33],[-78,12],[-155,-59],[-107,-1],[57,47],[36,-26],[40,18],[-120,31],[-73,-67],[-44,10],[7,30],[-139,-13],[-31,26],[-86,0],[-96,104],[-207,85],[-262,37],[-172,153],[-31,-2],[23,46],[135,64],[240,-48],[214,3],[113,-34],[300,-170],[326,-61],[5,30],[-43,12],[51,85],[-81,-73],[-73,3],[-34,28],[43,9],[-75,11],[-52,44],[50,35],[103,-73],[-8,38],[58,-17],[-78,59],[31,15],[80,-27],[-5,19],[-88,24],[-61,-17],[7,64],[-43,-45],[-79,25],[65,51],[196,-63],[-25,45],[-59,20],[22,36],[-92,-19],[-277,113],[42,28],[207,-67],[70,2],[27,37],[-95,-4],[-91,29],[61,9],[-34,22],[57,21],[-150,-23],[-56,17],[-61,-24],[-72,17],[113,76],[118,10],[-31,65],[-261,-135],[-41,8],[17,39],[79,29],[1,58],[124,47],[154,-1],[25,28],[-112,16],[-247,-86],[-188,31],[96,65],[306,48],[45,72],[-37,8],[-48,-48],[-88,-25],[-135,15],[-3,37],[-228,9],[124,78],[-4,49],[74,61],[-111,-50],[11,-53],[-122,-45],[-16,168],[-99,52],[-50,117],[98,30],[-135,-21],[186,-301],[-80,-62],[-92,-6],[49,-11],[1,-50],[-48,0],[-64,44],[0,-47],[85,-56],[-35,-68],[-278,-53],[-152,90],[43,-68],[-57,-4],[-89,62],[-40,94],[35,6],[-111,26],[39,39],[75,0],[32,37],[60,-22],[-15,72],[158,19],[100,75],[57,119],[-49,-29],[-37,-99],[-93,-54],[-115,-3],[-114,39],[19,30],[90,17],[-35,26],[167,91],[-22,68],[88,4],[-86,15],[20,24],[-113,-42],[-31,68],[-8,-39],[-47,-8],[-56,34],[64,48],[190,-36],[198,9],[-136,10],[-33,33],[-70,-19],[34,54],[91,9],[-83,33],[98,14],[-54,25],[75,26],[-132,4],[107,31],[-71,64],[11,39],[-82,-1],[4,46],[-50,-37],[-33,25],[-143,11],[12,34],[69,-6],[39,43],[-31,8],[96,-3],[-24,34],[-82,13],[70,79],[53,-15],[-143,66],[-84,96],[-99,17],[75,18],[-66,5],[43,21],[-17,26],[76,-37],[41,9],[-45,2],[-66,86],[82,-12],[18,21],[-155,59],[-4,26],[51,10],[-147,25],[71,34],[-39,0],[64,99],[-146,-72],[-250,-39],[8,25],[67,0],[-23,21],[151,18],[127,52],[-87,3],[17,20],[-60,15],[191,17],[-11,22],[-130,-4],[-78,29],[217,26],[-26,44],[-66,-6],[-57,26],[40,34],[-77,-2],[-58,42],[-38,-25],[-21,46],[-34,-5],[14,39],[43,-22],[63,31],[-87,67],[-78,-9],[-134,71],[-148,20],[72,70],[-106,30],[-61,55],[59,65],[-150,-35],[164,60],[13,36],[-86,41],[29,57],[-82,4],[46,42],[-198,-19],[-19,47],[-61,-6],[-7,30],[55,17],[-45,24],[-166,-49],[60,73],[-47,32],[-77,-28],[-53,68],[-112,1],[-13,21],[-78,-43],[-46,100],[-261,15],[-94,35],[-75,-10],[-34,42],[-36,-28],[-120,8],[-18,-37],[-19,66],[-173,46],[-43,-5],[-77,-120],[-101,-26],[-53,47],[7,69],[-86,17],[16,-55],[-103,-5],[32,-73],[-143,26],[12,-45],[-83,19],[10,28],[-45,-3],[-4,-94],[-102,9],[-76,39],[39,69],[73,16],[-29,18],[-179,12],[-78,-126],[-108,51],[23,32],[-143,26],[-70,-60],[84,-15],[7,-47],[115,-36],[67,-61],[-639,104],[-52,22],[32,33],[-108,2],[-43,50],[-231,78],[-2,29],[239,66],[57,40],[234,-2],[15,63],[-417,-5],[-257,58],[-15,45],[171,104],[-71,3],[-255,-140],[-155,68],[103,26],[-134,18],[-5,-22],[-83,38],[51,91],[164,8],[-68,26],[389,30],[372,-43],[246,20],[487,-55],[-7,24],[79,14],[-146,-14],[-452,45],[-74,-12],[-295,43],[244,64],[311,4],[220,-17],[182,-65],[-145,104],[179,9],[24,38],[-76,78],[-147,39],[20,24],[-159,-29],[-36,-61],[-114,-32],[-255,-15],[-4,42],[-120,64],[40,-95],[-204,-40],[-354,76],[256,70],[4,46],[-187,-54],[-202,4],[154,92],[73,1],[-26,18],[-128,0],[-74,-48],[-211,-7],[-42,19],[63,54],[-92,-19],[-30,43],[-96,-23],[-112,32],[-18,73],[-95,4],[-158,60],[107,22],[25,62],[66,-2],[-130,17],[83,55],[4,74],[216,23],[129,53],[250,-28],[19,61],[252,36],[26,32],[183,-3],[70,51],[122,-28],[-122,50],[13,30],[356,71],[93,-24],[84,62],[93,-14],[38,26],[24,-26],[26,24],[11,-32],[61,26],[-17,-22],[145,21],[81,-25],[111,22],[-35,18],[352,226],[-99,202],[29,109],[420,80],[-126,7],[-21,58],[-84,-94],[-150,-21],[-127,15],[-185,-53],[-190,66],[-40,-27],[-165,-8],[-10,53],[-142,39],[7,72],[232,88],[10,56],[205,35],[30,36],[175,-2],[-55,33],[205,49],[95,123],[286,42],[91,58],[292,-245],[-181,190],[-17,61],[74,33],[318,-8],[216,-83],[15,26],[141,8],[61,28],[-139,125],[179,79],[-226,159],[57,44],[404,83],[409,-54],[52,-111],[345,-58],[151,-105],[245,-54],[-203,64],[-227,132],[-130,10],[-116,133],[-327,77],[385,80],[524,60],[90,6],[68,-44],[101,67],[228,-14],[53,-58],[-47,74],[-116,5],[387,56],[294,-161],[15,-129],[-103,-131],[46,-109],[70,-11],[-59,17],[36,85],[197,113],[8,117],[512,-84],[487,-184],[102,22],[-298,90],[-175,104],[402,-53],[131,35],[-381,142],[-175,223],[697,-35],[92,-60],[374,-79],[15,-40],[111,1],[407,-84],[-7,-56],[290,-98],[164,-22],[163,52],[-184,64],[75,0],[-4,27],[-137,8],[-5,30],[180,38],[-131,55],[77,63],[110,17],[642,-66],[-510,80],[23,48],[-223,48],[-436,176],[1230,-13],[-41,-30],[185,-143],[-94,156],[107,12],[315,-108],[134,-5],[141,-129],[15,88],[-65,120],[-340,51],[-1241,51],[-119,36],[32,-43],[-222,20],[-153,-18],[-265,71],[303,-26],[-240,52],[64,30],[179,28],[283,-68],[5,-33],[124,21],[415,-34],[-544,77],[-131,62],[128,19],[135,-38],[26,44],[597,-48],[-382,64],[369,4],[-123,35],[198,11],[76,-33],[106,9],[125,-30],[-63,-64],[87,30],[326,-97],[417,-15],[273,-135],[46,53],[-88,2],[-119,106],[608,4],[-503,36],[633,54],[-599,34],[-52,143],[341,-48],[-82,47],[48,40],[110,6],[378,-92],[-151,85],[54,26],[498,-1],[180,43],[60,-40],[53,38],[177,-88],[-60,79],[506,29],[62,-39],[184,23],[367,-4],[459,-43],[39,-35],[173,28],[38,-21],[-136,-8],[120,-35],[137,9],[-77,23],[909,-109],[-123,-51],[-1569,-49],[-474,-48],[-425,62],[316,-76],[-1025,-74],[91,-17],[-76,-89],[191,96],[308,10],[47,-79],[94,95],[591,30],[53,-39],[91,56],[431,66],[611,-26],[39,-23],[65,21],[442,-9],[465,63],[126,-35],[29,-71],[-131,-91],[-241,-49],[645,88],[-30,-96],[213,56],[180,-58],[65,28],[435,-111],[-21,-45],[-300,-80],[-44,-55],[-482,-38],[-1985,-87],[-180,35],[-395,15],[431,-31],[127,-45],[-884,-135],[-79,-34],[27,-85],[190,-7],[155,96],[630,71],[79,-36],[170,68],[366,16],[59,24],[1045,-47],[-29,-130],[-664,-150],[105,-71],[256,84],[394,45],[222,70],[120,-17],[70,190],[621,34],[101,-194],[-77,-156],[-338,-230],[-331,-159],[-1,-59],[-198,-137],[257,91],[40,95],[222,52],[34,39],[81,-2],[198,112],[137,22],[366,192],[-66,28],[114,68],[25,-40],[216,-14],[-159,-147],[312,82],[222,-64],[1,40],[102,-49],[133,15],[-24,42],[135,35],[-69,30],[186,29],[-8,75],[213,20],[17,31],[168,5],[455,-17],[449,-73],[181,-37],[115,-83],[101,-18],[-658,-285],[-398,-19],[140,-65],[-23,-42],[-140,-46],[-233,-19],[-33,-42],[-546,9],[-59,37],[-74,-3],[1,-48],[-287,-52],[-382,68],[-250,-62],[-207,-6],[154,-14],[9,-47],[288,109],[477,-89],[248,13],[137,44],[149,-65],[231,-37],[-171,-81],[-35,22],[-24,-67],[-225,-23],[-55,22],[-195,-35],[-532,62],[-102,-72],[-130,-26],[68,-13],[-87,-37],[50,-22],[-115,-94],[107,-11],[45,-89],[160,59],[92,-41],[-131,-331],[108,133],[12,-74],[121,-30],[-26,-48],[-72,13],[-20,-46],[-106,11],[-109,-51],[-1,-123],[-119,-6],[-67,21],[-70,-19],[28,-33],[-134,1],[43,-40],[-122,-51],[105,-4],[15,-22],[-151,-187],[-7,-136],[-102,-49],[24,-62],[-86,-30],[-51,-108],[173,-10],[-43,-71],[95,78],[-27,64],[145,124],[602,-182],[44,-52],[-121,-46],[-244,109],[-243,-30],[181,-75],[-64,-9],[1,-28],[-116,34],[-34,-12],[246,-59],[-107,-33],[257,-13],[151,-96],[71,-1],[-7,82],[182,-23],[89,-96],[-26,-183],[-55,-59],[-38,22],[-1,-47],[-144,85],[-110,-4],[-167,59],[-206,13],[-93,-48],[-81,21],[-231,-8],[317,-30],[-105,-34],[-64,13],[30,-18],[-157,-60],[15,-24],[-191,132],[-91,-13],[55,-52],[-113,-4],[-33,-30],[85,-28],[55,-87],[-5,46],[64,36],[113,-36],[-93,-21],[137,-17],[-121,-39],[105,22],[-23,-39],[-118,0],[-67,39],[-52,-31],[104,-25],[201,20],[-22,-129],[81,6],[3,29],[14,-19],[79,14],[179,-78],[-24,-23],[78,8],[-196,77],[-5,36],[178,-58],[183,21],[89,-76],[-14,-47],[-94,1],[-91,-44],[-461,-13],[-89,48],[-20,-35],[46,-22],[635,-15],[197,-126],[-68,2],[-21,-32],[90,-171],[-82,-169],[-138,28],[18,58],[-73,39],[-182,-26],[-317,183],[-198,49],[273,-138],[-353,64],[14,-27],[343,-48],[39,-43],[251,-104],[14,-35],[-221,-12],[-193,-86],[-55,61],[-170,55],[165,-73],[-26,-22],[83,-37],[87,13],[131,69],[162,-19],[-45,-138],[51,-66],[-61,-43],[-101,-7],[297,15],[161,-57],[105,64],[45,-26],[-39,-55],[137,-48],[-130,-134],[-87,-20],[-191,26],[-57,106],[-294,16],[-124,-17],[-162,92],[115,-112],[-94,-59],[-139,-5],[133,-12],[11,-26],[-100,-56],[43,4],[11,-36],[-104,-19],[166,-52],[59,-95],[-9,-120],[45,26],[-68,200],[106,26],[300,-107],[130,0],[3,-56],[-81,-55],[35,-145],[-39,-18],[-245,5],[-88,21],[-9,-60],[-247,-91],[-260,63],[-118,54],[-172,95],[-22,68],[17,17],[155,-8],[224,-94],[60,-8],[162,50],[-207,-38],[-251,105],[-104,6],[-65,47],[-93,-26],[-39,-148],[-161,44],[-19,66],[-144,66],[-86,84],[46,-91],[154,-72],[11,-60],[121,-44],[-3,-21],[-197,-15],[-68,-44],[15,-36],[-84,-46],[-148,-20],[-85,62],[-140,2],[-168,98],[-43,-35],[201,-86],[136,-16],[17,-26],[-62,-14],[-43,-51],[-126,35],[-211,-35],[107,-15],[13,-67],[-40,-49],[52,27],[23,99],[202,-15],[69,59],[148,3],[93,-40],[222,-34],[23,-36],[-51,-54],[-61,-29],[-140,2],[-114,-72],[-233,56],[-106,-28],[-95,12],[79,-26],[150,18],[101,-39],[-128,-34],[158,9],[-54,-96],[97,93],[98,9],[120,62],[268,-96],[-3,-62],[41,-22],[-34,-28],[-143,-45],[-258,-8],[206,-20],[-72,-167],[108,151],[118,44],[93,-8],[68,-57],[175,-49],[-18,-23],[37,17],[-16,-83],[62,28],[171,-56],[-12,-41],[46,6],[160,-60],[-178,-127],[-21,-50],[235,103],[-79,-80],[19,-60],[127,115],[25,-25],[82,17],[-108,-68],[23,-28],[-119,-24],[10,-181],[40,4],[17,91],[57,47],[64,-17],[16,34],[25,-17],[15,15],[-34,-41],[69,-30],[-63,-33],[47,8],[-34,-26],[70,4],[-118,-35],[24,-21],[50,11],[9,-73],[-45,36],[44,-47],[-205,-38],[211,12],[7,-38],[-104,-31],[88,15],[-22,-40],[73,17],[-62,-56],[5,-41],[-62,7],[35,-22],[61,15],[-50,-40],[58,4],[24,-21],[-73,0],[61,-22],[-63,-53],[39,6],[1,-23],[58,-11],[-63,-69],[-92,-28],[-27,68],[-119,-31],[-33,254],[-56,-83],[27,-94],[-22,-79],[-237,-3],[-240,156],[-43,202],[-158,162],[11,56],[-70,-34],[-82,-1],[-175,146],[-151,30],[-67,-10],[-42,45],[-33,-52],[-94,-8],[-382,291],[-24,-22],[-67,14],[-138,85],[-28,-30],[81,-15],[34,-34],[-33,-43],[198,-19],[20,-21],[-63,17],[-13,-17],[233,-98],[-26,-48],[-74,7],[-74,-29],[-43,15],[7,-26],[-177,-15],[195,3],[86,27],[175,-26],[-68,-34],[36,-23],[62,32],[115,-31],[80,17],[214,-12],[120,-69],[9,-60],[-32,-43],[-89,26],[59,-55],[-274,-122],[-134,-25],[-225,5],[-100,134],[-35,-26],[92,-107],[-127,33],[-127,-10],[159,-62],[-40,-106],[-50,-50],[-48,-4],[32,-17],[-24,-22],[-295,-60],[-3,-47],[308,73],[-23,-48],[39,-38],[496,70],[71,-6],[69,-60],[-126,-56],[-90,24],[-282,-143],[-145,29],[-57,-33],[-49,4],[13,-32],[143,14],[49,-38],[134,31],[16,-56],[55,0],[52,124],[100,55],[185,-36],[359,135],[3,-22],[-52,-12],[41,0],[-18,-51],[108,55],[37,-42],[24,16],[115,-64],[203,-56],[496,-11],[87,25],[-90,-115],[-29,26],[-38,-47],[-65,-7],[-35,22],[-16,-19],[41,-33],[-87,36],[7,-40],[-77,-8],[101,-12],[22,-17],[-30,-30],[-111,60],[27,-69],[-226,3],[83,-31],[34,-46],[-50,-17],[28,-26],[-56,-33],[-63,51],[-21,-22],[-96,26],[85,-42],[-3,-72],[-86,19],[-27,-54],[-95,45],[40,-72],[-51,-18],[47,-2],[-3,-19],[-60,-9],[-95,39],[-30,-13],[-26,-33],[95,-19],[-44,-34],[13,-23],[-83,14],[38,-42],[-25,-26],[-21,26],[-102,17],[36,-37],[-36,-15],[69,-26],[-84,-3],[38,-39],[-27,-19],[-40,11],[-52,-61],[-105,-2],[-21,-68],[-106,-16],[-34,33],[-101,-78],[-92,18],[29,-44],[-115,24],[-57,-35],[51,-17],[-60,-17],[-66,65],[-14,-73],[-29,-9],[-82,39],[20,-48],[-70,13],[-42,-53],[-63,12],[-10,-33],[-106,44],[25,-56],[-31,-30],[-47,30],[-9,-38],[-39,0],[32,-30],[-82,33],[5,27],[-54,7],[-27,67],[-72,-59],[25,-44],[-103,3],[60,-19],[23,-71],[-94,-8],[-22,77],[-138,21],[108,-44],[14,-77],[-108,14],[-80,-27],[-131,48],[24,17],[-22,11],[-33,-18],[30,-27],[-56,-9],[-40,17],[-15,69],[67,20],[-148,9],[-56,86],[11,48],[-43,-34],[-20,15],[-18,85],[-39,28],[29,-51],[-18,-25],[-39,4],[23,-50],[97,-51],[46,-96],[-122,29],[-5,-21],[134,-33],[18,-66],[-50,0],[37,-77],[-48,-3],[13,-44],[-63,21],[-71,-11],[7,-23],[-135,-89],[-91,3],[48,-38],[-51,-54],[-51,3],[30,-94],[-29,-27],[-25,22],[-54,-13],[59,-22],[-18,-13],[37,-43],[-79,5],[-22,-21],[50,-14],[-7,-77],[-38,13],[-67,-43],[34,-26],[-74,4],[38,-26],[-46,1],[-6,-80],[27,-36],[-18,-14],[-32,39],[12,-40],[-16,10],[-65,-118],[11,63],[-37,-48],[-15,96],[-38,-70],[41,-60],[-98,-77],[26,0],[-10,-30],[-23,22],[-25,-56],[-14,26],[-44,-43],[-50,29],[3,53],[-41,-61],[66,-39],[-59,-13],[-73,31],[-3,25],[-48,-25],[-70,77],[21,17],[-32,2],[-16,-15],[67,-55],[-21,-40],[63,-12],[-50,-26],[26,1],[13,-61],[-53,55],[11,-48],[-58,12],[-19,-24],[75,-8],[-63,0],[4,-47],[-65,-52],[-44,4],[7,26],[-20,-18],[0,35],[-28,-12],[7,-48],[-20,25],[9,87],[-65,-4],[26,-22],[-15,-36],[-129,-37],[19,-29],[-54,-29],[-22,140],[-2,-43],[-27,9],[15,-65],[-38,0],[50,-26],[-10,-29],[-52,8],[29,-35],[-164,107],[-59,-38],[41,60],[-22,43],[84,41],[17,58],[108,69],[-15,18],[-134,-11],[-62,30],[-16,43],[-7,-42],[-89,-5],[0,-18],[150,-46],[-25,-29],[-78,12],[48,-26],[-43,-56],[-41,3],[49,-24],[-13,-86],[-27,-12],[3,26],[-37,7],[11,-37],[-40,-5],[-41,64],[-30,5],[17,-71],[109,-57],[-2,-25],[-26,2],[4,-55],[-27,12],[13,-37],[-67,11],[-23,-44],[20,53],[-36,20],[-8,-47],[-8,27],[-34,-10],[-21,19],[47,-77],[-74,30],[-81,-39],[-22,70],[-66,51],[48,-97],[-37,10],[-9,-41],[-3,52],[-27,-54],[-41,49],[14,25],[-54,16],[11,-38],[-41,10],[4,-27],[-30,-9],[40,-17],[-31,0],[1,-30],[-80,47],[-23,-21],[25,-34],[-59,8],[28,-30],[115,-30],[-54,-32],[25,-56],[18,10],[21,-25],[-53,4],[-5,-35],[-33,-6],[30,-25],[-60,11],[18,-35],[43,-9],[-65,-5],[-10,-40],[-22,10],[-17,-24],[-32,51],[-8,-32],[-67,71],[-35,-73],[-56,42]],[[45043,93927],[28,8],[-10,-20],[-18,12]],[[45125,93940],[-25,-18],[16,78],[-39,-44],[25,87],[43,-13],[29,-47],[-38,-48],[-7,35],[-4,-30]],[[45174,94017],[-1,42],[20,-50],[46,-31],[-43,-3],[-22,42]],[[44808,94038],[20,30],[8,-25],[-28,-5]],[[44858,94189],[-10,-69],[-72,-52],[17,125],[34,-17],[31,13]],[[44891,94189],[-26,32],[44,11],[-18,-43]],[[44911,94208],[15,25],[-20,-66],[-36,-21],[41,62]],[[44585,94369],[64,-5],[-65,-24],[1,29]],[[44612,94386],[-65,-34],[-39,21],[104,13]],[[44485,94433],[9,-12],[-57,-22],[25,-30],[-53,21],[76,43]],[[44138,94459],[25,-28],[-38,15],[13,13]],[[44179,94476],[37,17],[-11,-26],[-26,9]],[[44392,94448],[-68,-26],[-29,11],[215,112],[8,-31],[-126,-66]],[[44400,94571],[34,-9],[-7,-33],[-27,42]],[[43858,94611],[-71,16],[44,12],[66,-21],[-39,-7]],[[43600,94742],[29,24],[42,-7],[-71,-17]],[[43682,94807],[43,2],[15,-23],[-44,-14],[-62,17],[48,18]],[[43524,95015],[22,-43],[-39,15],[17,28]],[[43018,95890],[18,-3],[-16,-44],[-26,28],[24,19]],[[43019,95906],[-45,-25],[-21,34],[36,33],[30,-42]],[[43080,95938],[10,-17],[-66,-13],[22,48],[34,-18]],[[42558,96558],[62,2],[-54,-40],[-8,38]],[[42978,96785],[-111,-165],[-58,-20],[-8,20],[40,-2],[-10,24],[28,1],[-6,61],[50,96],[75,-15]],[[42814,96693],[-72,9],[58,36],[25,69],[57,4],[-68,-118]],[[45339,93888],[21,-30],[-49,-24],[1,46],[-36,-61],[-6,66],[-31,-50],[-36,10],[52,91],[84,-48]],[[45506,93931],[-31,-26],[-7,22],[-17,-31],[18,56],[37,-21]],[[45239,93944],[-47,-56],[-1,53],[-18,-56],[-44,-14],[-20,22],[66,74],[64,-23]],[[45449,93944],[-6,-33],[-17,11],[-23,-29],[23,81],[23,-30]],[[45517,93996],[11,-27],[-27,-25],[-47,43],[-71,13],[31,-26],[-36,-73],[-27,47],[-16,-29],[-66,33],[65,37],[-72,-9],[-63,58],[19,22],[299,-64]],[[44004,94425],[23,0],[-83,-48],[2,30],[-58,-19],[-55,62],[74,15],[14,11],[24,-24],[47,3],[-23,-35],[35,5]],[[45649,94515],[51,-5],[-48,-21],[-62,9],[59,17]],[[45880,95125],[-30,-44],[18,-18],[-57,-12],[69,74]],[[45807,95562],[23,-15],[24,18],[12,-50],[-47,7],[-12,40]],[[45896,95682],[57,-17],[-114,-4],[58,0],[-1,-30],[-75,8],[-3,22],[-39,-29],[-20,42],[32,37],[105,-29]],[[45935,95712],[34,-4],[-34,-18],[-7,41],[22,-10],[-15,-9]],[[46045,95835],[45,2],[-44,-87],[-1,85]],[[46064,95879],[42,22],[31,-25],[-25,-18],[-48,21]],[[46169,95927],[-36,5],[45,-26],[-55,1],[-37,43],[53,3],[30,-26]],[[46191,96006],[8,-45],[-39,48],[7,-40],[-41,38],[-24,-33],[-149,150],[60,15],[33,-41],[52,-22],[-6,-29],[60,-2],[39,-39]],[[42839,96150],[-57,-30],[26,40],[31,-10]],[[46315,96232],[37,0],[-45,-22],[8,22]],[[46349,96592],[-115,-11],[-15,20],[78,50],[50,-11],[-18,-39],[20,-9]],[[46525,96760],[-18,-33],[-98,37],[-25,116],[-80,94],[-7,62],[37,3],[72,-65],[20,-55],[-36,-20],[57,-58],[-35,7],[1,-29],[112,-59]],[[46723,97281],[-8,-20],[27,0],[-26,-7],[-78,37],[17,26],[84,-27],[-16,-9]],[[47498,97446],[56,-3],[6,-25],[-55,-2],[-7,30]],[[42269,97494],[29,-11],[-35,-48],[-70,-3],[-10,40],[86,22]],[[47592,97506],[-23,-57],[-71,62],[47,30],[47,-35]],[[47642,97627],[-21,-84],[-50,49],[71,35]],[[47420,97577],[-15,11],[27,-47],[-27,-9],[62,-16],[-20,-34],[-23,10],[-17,-29],[-18,17],[-18,-25],[0,26],[-37,10],[28,-32],[-27,-19],[-66,9],[-27,71],[55,107],[73,18],[110,-87],[-60,19]],[[47827,97657],[10,-30],[-53,-32],[-5,38],[48,24]],[[47653,97648],[82,30],[-43,-98],[-34,3],[-5,65]],[[48052,97837],[55,26],[-32,-40],[-23,14]],[[48613,98223],[1,-17],[-36,5],[22,48],[13,-36]],[[48743,98451],[46,12],[-37,-41],[-9,29]],[[48818,98558],[-2,-38],[-25,25],[27,13]],[[49995,99099],[-41,-48],[-55,21],[18,37],[78,-10]],[[42215,99245],[42,-9],[-6,34],[39,-27],[-26,-52],[-85,19],[-6,22],[42,13]],[[42595,99358],[50,-6],[-97,-38],[-36,15],[-70,-13],[16,33],[103,9],[-5,-32],[39,32]],[[42464,99362],[-23,12],[-234,-56],[32,44],[126,46],[173,-5],[-74,-41]],[[42839,100159],[69,7],[118,-43],[-100,-79],[4,-107],[-62,-32],[-83,127],[127,110],[-119,-22],[46,39]],[[42280,99802],[-216,-68],[-97,18],[-27,36],[-97,26],[-10,53],[281,-6],[-60,23],[78,69],[-72,-10],[-31,-52],[-53,-18],[18,42],[-79,-14],[40,37],[-26,30],[-11,-32],[-116,2],[-132,17],[-75,55],[0,35],[92,15],[99,-47],[-174,87],[-7,29],[46,8],[-23,40],[67,19],[145,-33],[-189,82],[-16,77],[34,50],[137,44],[279,-52],[152,-77],[101,-119],[264,-95],[-30,-65],[63,-26],[-63,-70],[-292,-110]],[[41676,100450],[-69,-3],[-31,72],[74,-20],[26,-49]],[[42693,100665],[43,-42],[-109,42],[13,18],[53,-18]],[[42642,100803],[83,-39],[-22,-20],[-170,16],[10,60],[99,-17]],[[41950,100891],[-19,55],[113,94],[74,-104],[-11,-50],[-81,-27],[-76,32]],[[42419,101004],[-58,-60],[-99,-8],[-54,36],[-17,84],[66,25],[188,-21],[27,-34],[-53,-22]],[[42150,101176],[-47,13],[0,69],[225,-5],[-117,-75],[-61,-2]],[[41354,101413],[42,11],[50,-25],[-50,-46],[-82,38],[40,22]],[[41567,101665],[-109,-95],[-37,-12],[-66,26],[83,49],[-63,22],[68,-7],[125,57],[-1,-40]],[[41316,101897],[-34,21],[2,-38],[-55,-4],[-54,34],[84,39],[102,8],[-45,-60]],[[41337,101850],[-32,16],[66,31],[10,44],[120,38],[40,-13],[-25,30],[72,-15],[-127,-146],[-20,16],[-38,-38],[20,37],[-56,25],[-30,-25]],[[41380,102114],[29,10],[151,-59],[-77,-22],[-19,48],[-56,-29],[-56,29],[28,23]],[[41240,102449],[180,-74],[-33,-44],[-55,8],[30,56],[-30,-13],[-121,60],[29,7]],[[41208,102610],[-63,-26],[-7,34],[-107,-14],[0,38],[-39,2],[50,26],[220,-48],[-12,-26],[-42,14]],[[41078,103028],[-346,-2],[281,43],[65,-41]],[[36760,104342],[-60,-37],[-119,21],[179,16]],[[36068,104841],[62,7],[5,-26],[-109,-28],[-142,4],[-148,57],[113,29],[219,-43]],[[36474,104859],[100,-9],[-341,-17],[-74,47],[135,13],[180,-34]],[[42157,107836],[-22,55],[95,45],[616,-213],[-300,3],[-361,73],[-28,37]],[[45066,107988],[30,-38],[-210,-82],[112,-78],[-100,-24],[-130,78],[-483,110],[-284,174],[314,1],[-24,22],[178,3],[597,-166]],[[43960,108219],[-171,9],[27,62],[259,-43],[-8,-27],[-107,-1]],[[46760,108421],[-76,-69],[-127,48],[-104,8],[-57,52],[364,-39]],[[46538,108390],[80,-46],[-280,29],[-241,93],[190,-3],[124,-60],[127,-13]],[[46960,108464],[64,-35],[-91,-6],[-377,96],[-193,6],[47,59],[550,-120]],[[52082,100052],[60,-9],[6,-48],[-101,14],[-17,25],[52,18]],[[51161,100567],[44,-26],[-63,-43],[-39,43],[58,26]],[[50658,100676],[-1,93],[160,4],[-43,-48],[-116,-49]],[[51457,100680],[5,-56],[-174,-35],[-58,-41],[-79,34],[-113,-41],[-130,2],[-382,-57],[43,59],[-20,40],[131,41],[167,136],[280,38],[201,93],[-7,-60],[109,-48],[19,-65],[-46,-24],[54,-16]],[[51376,100906],[73,-18],[11,-38],[-84,56]],[[52577,101734],[-18,-27],[-84,40],[-167,-6],[9,-35],[135,-46],[8,-34],[27,19],[58,-10],[-50,-38],[-2,-53],[-107,6],[-25,17],[34,30],[-62,-24],[-127,86],[-295,102],[-37,-17],[13,48],[-116,52],[-31,149],[178,24],[99,-27],[165,1],[140,-128],[78,-5],[100,-51],[-7,-39],[72,11],[12,-45]],[[51629,102039],[-34,-84],[-139,41],[173,43]],[[52584,101927],[3,-33],[-55,3],[5,20],[-194,-15],[-23,12],[36,13],[-68,51],[-115,37],[-453,15],[-17,45],[446,64],[139,-23],[241,-68],[42,8],[27,-30],[-100,-52],[86,-47]],[[52785,102184],[52,-8],[-76,-22],[-22,14],[46,16]],[[51721,102122],[-180,44],[-122,2],[-92,39],[132,85],[22,57],[261,9],[416,-122],[-600,52],[415,-74],[291,-23],[-30,-32],[-513,-37]],[[53108,102876],[71,-25],[-7,-27],[-368,-51],[-239,100],[49,65],[197,66],[237,-31],[60,-97]],[[53647,103114],[-30,-53],[-116,-2],[-11,33],[100,49],[57,-27]],[[53768,103164],[15,-48],[-52,-4],[-37,60],[74,-8]],[[53289,103276],[25,-22],[-117,-95],[-115,19],[-77,44],[21,122],[87,34],[126,-34],[-72,-60],[49,16],[73,-24]],[[54118,103429],[-12,-69],[-88,-56],[2,39],[-89,24],[-189,-32],[-148,9],[18,165],[-36,45],[136,25],[74,-47],[88,75],[83,-66],[-135,-58],[64,5],[-2,-44],[69,-44],[70,6],[5,34],[90,-11]],[[53708,104004],[-26,-101],[-168,389],[25,50],[98,-3],[-74,17],[4,94],[100,-69],[41,-377]],[[53889,104996],[-87,12],[113,126],[68,15],[29,-63],[-57,-79],[-66,-11]],[[52766,105138],[16,51],[75,28],[-91,-79]],[[53453,105150],[3,-50],[-393,98],[164,25],[83,-66],[143,-7]],[[53501,105220],[20,42],[-69,52],[56,-23],[97,23],[-104,-142],[0,48]],[[53100,105308],[-145,25],[103,47],[42,-72]],[[53410,105348],[-67,41],[6,63],[61,-104]],[[53586,105501],[4,-64],[-53,-20],[61,-56],[-64,-22],[-66,29],[-15,73],[126,80],[7,-20]],[[53813,105610],[-109,-59],[37,64],[72,-5]],[[53823,105685],[30,60],[38,-42],[-68,-44],[0,26]],[[53517,105668],[-90,-3],[-72,40],[165,102],[32,-40],[-64,-47],[57,-9],[-80,-8],[87,-13],[-35,-22]],[[54046,105870],[-49,4],[-87,-56],[112,153],[67,-44],[-43,-57]],[[53637,106459],[340,74],[157,-51],[-188,-167],[-113,-31],[-103,-5],[-309,102],[164,53],[-27,51],[58,7],[21,-33]],[[53385,106495],[-61,17],[37,64],[129,32],[167,-53],[-272,-60]],[[53980,107475],[-164,88],[144,7],[152,-87],[-132,-8]],[[53406,107699],[-70,77],[86,28],[259,-188],[-138,3],[-137,80]],[[37665,106851],[-63,48],[126,-35],[-63,-13]],[[0,46009],[0,32],[3,9],[31,29],[-8,-42],[-26,-28]],[[0,45744],[0,112],[45,66],[16,-57],[-61,-121]],[[119758,45856],[0,-111],[-27,-22],[-8,37],[35,96]],[[119758,46255],[0,-13],[-173,-330],[0,-39],[23,-4],[130,189],[5,-23],[-35,-102],[33,-42],[-17,-5],[4,-17],[-61,30],[-48,-56],[-95,0],[18,47],[-28,26],[-67,-68],[-15,-60],[18,8],[-16,-26],[-39,47],[-58,-99],[-14,13],[-19,112],[-50,8],[33,81],[-17,22],[16,9],[37,-34],[32,45],[4,-24],[16,56],[27,21],[-4,27],[101,44],[61,-5],[-10,29],[48,73],[12,-17],[4,30],[21,-22],[45,49],[5,-31],[16,16],[9,-16],[48,51]],[[470,44392],[7,-17],[11,-4],[-1,-13],[-21,19],[1,12],[5,10],[9,2],[-11,-9]],[[342,44491],[9,24],[5,-28],[-14,4]],[[46,44491],[4,26],[21,-20],[-7,-19],[-10,23],[-7,-35],[-1,25]],[[410,44976],[1,-34],[-27,18],[19,28],[7,-12]],[[316,45123],[1,-32],[-11,26],[10,6]],[[568,45169],[15,-44],[-35,5],[5,37],[15,2]],[[344,45611],[18,-23],[-25,-62],[10,64],[-21,39],[18,-18]],[[119684,44392],[8,-38],[-19,-4],[11,42]],[[119236,44497],[18,-6],[4,-30],[-52,-22],[-2,26],[-18,0],[-35,-43],[1,-51],[-5,26],[-24,-26],[-47,17],[34,46],[25,-8],[33,66],[22,-6],[17,30],[29,-19]],[[119268,44547],[-6,-32],[-12,12],[8,28],[10,-8]],[[119739,44747],[-20,-66],[-17,46],[37,20]],[[118976,44787],[5,-60],[-15,48],[10,12]],[[119133,44864],[10,8],[-3,-34],[-11,5],[4,21]],[[119540,45096],[2,-75],[-28,75],[-4,-25],[-7,59],[21,5],[16,-39]],[[119569,45225],[-3,-36],[-10,36],[13,0]],[[119351,45328],[13,0],[7,-40],[-23,-34],[-9,46],[12,28]],[[119427,45333],[1,17],[11,-39],[-12,22]],[[119329,45101],[-9,-49],[-32,-42],[-20,29],[-30,-35],[-16,28],[-37,-28],[-36,-64],[-92,-15],[-185,105],[-28,96],[4,58],[32,15],[3,53],[22,0],[-16,69],[42,85],[42,42],[8,-38],[0,34],[28,8],[27,42],[-3,-33],[45,9],[65,35],[13,29],[32,-52],[-14,-55],[35,19],[18,-51],[62,-68],[-7,-78],[22,-68],[-13,-39],[27,-53],[11,12]],[[118791,45568],[23,-12],[-17,-28],[-6,40]],[[119576,45540],[-21,-66],[-6,85],[22,12],[5,-31]],[[118851,45671],[4,22],[1,-24],[-17,-40],[-20,-9],[14,56],[10,12],[8,-17]],[[118908,45805],[-16,-43],[0,44],[16,-1]],[[119204,45851],[0,-22],[-15,-3],[-3,30],[18,-5]],[[118947,45924],[6,-32],[-48,-70],[0,29],[41,45],[1,28]],[[119731,45938],[-12,0],[23,30],[-11,-30]],[[119288,45989],[12,0],[-21,-9],[9,9]],[[119546,46144],[9,-5],[-21,0],[12,5]],[[118802,48549],[-12,-19],[-28,17],[40,2]],[[366,44546],[-10,-3],[17,18],[-7,-15]],[[225,45240],[8,29],[6,-23],[-14,-6]],[[281,45427],[-7,20],[10,9],[-3,-29]],[[115146,24512],[30,-13],[-80,-12],[-21,33],[71,-8]],[[116182,23475],[-18,-51],[-60,37],[33,-3],[24,49],[35,-32],[-14,0]],[[115182,24677],[-20,-7],[-7,-47],[21,-4],[-34,-5],[36,-34],[3,-60],[-44,30],[-16,-17],[8,27],[-15,22],[4,-21],[-20,6],[10,-37],[-30,9],[-12,-19],[10,61],[51,49],[6,87],[63,-4],[-14,-36]],[[119372,25285],[-6,-56],[-27,3],[-4,34],[37,19]],[[1282,28656],[11,-11],[-35,-48],[-6,63],[22,13],[8,-17]],[[1204,28875],[3,83],[-54,6],[37,-31],[-26,-37],[15,-53],[20,7],[32,-66],[-94,-50],[-27,65],[49,61],[-17,53],[-24,24],[-28,-22],[-44,9],[23,40],[47,-5],[21,38],[63,-26],[74,8],[-11,-25],[-27,1],[-32,-80]],[[695,38032],[-16,35],[37,-35],[-21,0]],[[115313,26310],[0,-43],[-23,17],[23,26]],[[115962,27100],[-9,-43],[-7,26],[16,17]],[[115832,26902],[20,-23],[-22,11],[-4,-23],[-53,-8],[-40,-45],[-45,32],[-49,-47],[36,5],[-18,-35],[-4,15],[-46,-23],[8,53],[28,20],[-1,58],[39,23],[-2,45],[25,28],[-18,65],[9,69],[60,-2],[71,-103],[-4,-28],[-53,9],[-14,-49],[27,26],[34,-21],[-6,-17],[33,13],[5,-43],[-16,-5]],[[115337,27799],[10,-70],[-30,-7],[-9,50],[-39,-41],[20,55],[48,13]],[[115425,28083],[20,-86],[-47,35],[27,51]],[[117889,30623],[0,-55],[-61,-22],[51,34],[-9,31],[19,12]],[[117690,30748],[0,43],[21,-21],[-5,72],[18,1],[1,-31],[25,61],[-14,-99],[-46,-26]],[[117346,29262],[-1,-180],[29,-21],[-51,-24],[57,5],[8,-23],[6,34],[12,-45],[45,24],[16,-61],[-7,-69],[-32,-21],[-16,86],[6,-97],[-49,15],[-24,36],[6,20],[-114,-39],[75,45],[-50,38],[-26,-9],[-14,-80],[-42,-11],[-194,-146],[-107,-102],[-25,-113],[-32,-55],[10,-225],[-93,-209],[-20,-152],[-79,-141],[44,-44],[-67,-75],[73,73],[0,-60],[-148,-66],[-38,-120],[-106,-108],[-17,-76],[-63,-16],[32,-4],[-40,-50],[-23,9],[-28,-24],[7,-13],[-94,-23],[-13,28],[-9,-29],[-30,15],[-9,-28],[-49,17],[-15,60],[-60,-14],[16,13],[-31,9],[9,-35],[-18,-7],[-57,7],[13,19],[35,-8],[-66,28],[4,-50],[-37,59],[39,17],[-5,51],[-22,-38],[-44,89],[-37,-11],[0,-18],[-74,-7],[-32,45],[16,17],[-25,60],[-41,24],[-46,6],[-16,-63],[-36,-14],[-178,34],[-30,41],[94,132],[-50,-31],[-17,-49],[-6,24],[-39,-35],[14,55],[50,44],[-39,-6],[17,50],[-38,-66],[-49,-26],[3,125],[133,19],[43,50],[-82,-13],[39,43],[-38,-5],[-2,29],[37,29],[37,-7],[-13,18],[34,35],[-90,-52],[-28,11],[22,92],[62,-17],[-15,36],[-4,-14],[-29,28],[17,41],[33,-22],[-9,-18],[38,-4],[-12,-40],[29,27],[36,-60],[-53,95],[44,26],[27,-29],[16,11],[-22,6],[2,32],[-67,-10],[-14,75],[20,17],[38,-34],[-41,47],[21,39],[24,-60],[3,26],[25,0],[-31,23],[-6,41],[62,-22],[-47,34],[4,23],[66,59],[13,-94],[18,-1],[-18,128],[32,2],[4,-60],[9,55],[-15,37],[13,12],[30,-31],[-28,42],[53,59],[19,3],[41,-61],[-32,120],[63,115],[33,3],[-8,36],[68,69],[21,69],[92,46],[33,-28],[38,23],[186,202],[105,53],[47,99],[51,39],[29,59],[41,8],[21,48],[-34,-34],[30,69],[159,119],[152,291],[88,389],[-7,40],[57,6],[72,57],[46,135],[25,23],[7,72],[16,5],[-11,253],[133,186],[13,7],[-1,-30],[17,14],[11,24],[-23,0],[13,24],[81,16],[52,-14],[-84,2],[-28,-79],[12,-64],[54,-59],[53,29],[14,-104],[-21,-34],[24,-67],[-12,-15],[17,-25],[1,-69],[42,-2],[130,157],[24,-35],[24,44],[-22,2],[9,25],[48,43],[7,-32],[39,48],[15,-21],[-22,3],[-17,-46],[-46,-6],[-1,-60],[17,30],[42,0],[-42,-51],[10,-56],[-28,-34],[53,30],[-15,13],[39,-4],[43,29],[-79,-10],[17,71],[9,-43],[23,34],[-4,47],[-11,-22],[-17,26],[17,27],[31,-32],[30,29],[8,-61],[40,38],[-23,-73],[-17,-13],[-3,35],[-10,-15],[16,-46],[-94,-57],[71,27],[17,-18],[42,31],[-26,-67],[-24,-15],[8,24],[-22,-7],[-27,-74],[2,-50],[16,-27],[4,33],[36,-135],[22,-4],[-25,-79],[-71,-110],[-37,-131],[-63,-86],[7,-37],[-23,12],[-32,-46],[-90,-290],[-68,-71],[-56,-22],[-34,-41],[-21,-70]],[[118151,33358],[15,-11],[-11,-42],[-56,14],[2,26],[29,-13],[21,26]],[[118046,33576],[17,-36],[-20,1],[3,35]],[[118139,33712],[7,-24],[-18,-9],[11,33]],[[118274,33645],[9,-17],[-14,-27],[-63,81],[-3,15],[15,-13],[-12,55],[18,9],[-4,32],[51,-69],[-9,-40],[12,-26]],[[118745,31562],[55,-37],[-30,-61],[-56,-236],[-60,-84],[-18,-117],[-28,-15],[-63,-126],[-39,-142],[-29,-33],[-61,-176],[-172,-191],[-70,-42],[-19,126],[-49,24],[-35,-40],[-21,15],[8,122],[-35,-15],[9,-53],[-39,-4],[-28,30],[0,34],[73,94],[12,-10],[-8,38],[31,38],[69,193],[32,237],[-18,101],[-72,137],[-42,34],[-91,22],[-83,133],[-110,45],[-45,49],[-31,102],[31,105],[119,100],[68,7],[60,90],[38,447],[46,-30],[-3,18],[35,17],[-29,26],[-21,-18],[31,74],[-11,12],[-13,-34],[-9,10],[1,71],[9,30],[53,13],[0,34],[-42,-10],[-41,193],[-3,35],[40,64],[-44,-30],[-49,178],[36,-4],[24,-110],[-1,41],[23,8],[-30,9],[47,46],[31,-14],[-41,67],[-14,-9],[16,41],[-55,-1],[-19,-46],[-37,-9],[-30,170],[-75,193],[9,17],[-2,-35],[18,22],[44,-86],[-10,-30],[14,-9],[0,18],[10,-30],[19,56],[-13,38],[5,89],[-45,-12],[-20,34],[41,10],[44,51],[-58,-35],[-15,9],[19,0],[19,78],[10,-4],[-19,25],[-3,-40],[-17,-25],[6,13],[-27,21],[5,35],[-34,-17],[45,-60],[-19,-17],[-40,60],[-22,2],[-58,131],[15,27],[-13,29],[5,-35],[-14,-21],[108,-243],[-41,-32],[-19,82],[-205,436],[17,84],[13,12],[15,-21],[1,34],[9,-22],[29,75],[-21,11],[-1,-26],[-10,39],[1,-54],[-53,-19],[-13,-78],[-32,78],[15,56],[-23,-43],[-16,30],[19,26],[-27,-6],[-28,53],[35,61],[-13,103],[-119,246],[-42,45],[10,42],[40,-21],[85,22],[-14,-70],[-23,35],[-20,-47],[29,-12],[4,-56],[9,61],[12,-91],[39,-86],[-23,39],[1,-23],[59,-62],[-11,-62],[20,-4],[14,30],[-4,61],[29,46],[2,-34],[13,9],[5,-21],[-33,-21],[18,-49],[42,-21],[1,54],[65,-50],[-20,-35],[12,-21],[15,52],[29,9],[33,-74],[46,-11],[9,-29],[-33,19],[-14,-41],[26,-2],[19,-93],[6,25],[28,4],[-32,30],[40,4],[25,43],[-4,-70],[21,-7],[7,-32],[-30,28],[78,-166],[-1,-36],[-29,5],[23,-28],[-10,-20],[23,-26],[7,-51],[-37,47],[-37,-13],[-8,47],[-3,-80],[51,7],[-3,-98],[42,-35],[1,-40],[66,-107],[-6,-36],[25,-10],[-43,-2],[9,-83],[-21,47],[3,-114],[44,-11],[-44,-13],[32,-120],[-25,4],[-14,37],[-27,-24],[20,-4],[-11,-15],[10,-51],[24,40],[41,-4],[6,-67],[14,75],[9,-60],[21,8],[1,29],[17,-6],[5,-54],[49,18],[28,-43],[14,-123],[27,-11],[38,28],[15,-45],[-27,181],[-30,61],[22,2],[-16,15],[27,32],[-18,51],[5,46],[-42,45],[-5,43],[28,10],[22,-35],[9,15],[32,-161],[17,26],[57,3],[-44,-66],[-2,-32],[10,-10],[7,42],[29,-11],[5,-133],[18,-1],[-11,-117],[18,-25],[21,-104],[-10,-14],[34,-23],[31,-74],[-31,18],[8,16],[-28,34],[-25,-3],[18,-69],[45,-35],[15,13],[13,-33],[0,63],[19,-40],[82,-50],[66,-72],[127,-55],[12,-11],[-23,-1],[22,-23],[6,24],[44,-21],[91,64],[61,149],[84,53],[0,30],[95,-10],[21,-37],[70,-39],[4,-23],[-71,-185],[10,-41],[-20,-117],[14,-32],[-20,-135],[-74,-111],[-49,4],[11,-37],[-27,-203],[38,-28],[-29,-79],[-14,-21],[-6,126],[-146,19],[-115,-88],[-43,-94],[-11,-51],[17,-111]],[[114430,43813],[-2,-22],[-10,11],[1,40],[11,-29]],[[115607,42234],[11,-44],[-11,22],[-5,-42],[-29,16],[4,65],[30,-17]],[[115367,42341],[14,-16],[-14,-25],[-10,8],[10,33]],[[115812,42946],[-4,-119],[-44,-21],[-18,34],[-26,0],[10,37],[-28,99],[32,-5],[28,35],[-7,-36],[14,-37],[43,13]],[[115242,43392],[11,0],[-22,-4],[11,4]],[[115577,43199],[11,-22],[-25,-72],[-41,54],[-49,25],[-33,88],[34,6],[23,58],[-24,31],[-25,-5],[5,33],[51,27],[30,-26],[-7,-113],[35,-30],[1,-41],[14,-13]],[[115313,43577],[12,-24],[-21,-9],[-11,-45],[3,-32],[14,2],[-18,-55],[-27,-18],[37,160],[-14,35],[14,12],[11,-26]],[[115445,42442],[-11,-63],[-29,-36],[-25,61],[1,-51],[-22,-8],[-12,11],[7,19],[-65,42],[-7,25],[-36,-45],[3,38],[-16,13],[18,8],[-7,26],[-29,-34],[-5,52],[-20,-13],[-53,47],[14,11],[-12,28],[16,2],[-34,83],[-19,-45],[-44,64],[-20,2],[-26,87],[-18,-26],[-3,22],[-55,30],[-14,45],[-16,-11],[-41,29],[-11,39],[-28,20],[-22,70],[-27,-8],[5,23],[-19,29],[-11,-33],[-53,181],[-27,-16],[-25,74],[7,17],[-94,107],[10,31],[-94,197],[15,15],[0,34],[-31,24],[0,20],[-11,-24],[-15,22],[20,23],[-3,48],[-18,0],[0,43],[108,-148],[-4,53],[63,-41],[151,-240],[89,-51],[21,-75],[45,-40],[-3,-67],[60,-71],[10,-24],[-20,13],[22,-51],[53,-30],[25,-65],[13,37],[24,-89],[8,3],[-7,55],[31,-33],[4,-41],[13,7],[85,-89],[-5,-21],[121,-163],[-11,-17],[84,-63],[3,-52],[29,-46]],[[114510,43757],[5,-13],[-23,22],[-2,38],[20,-47]],[[114330,44006],[-4,-30],[-16,103],[20,-73]],[[74601,43607],[26,130],[47,115],[-1,66],[-34,67],[12,102],[25,79],[-82,248],[8,178],[-24,121],[-48,134],[-14,288],[12,105],[-37,140],[76,283],[92,247],[-6,79],[17,55],[-21,91],[15,91],[112,3],[29,-19],[132,186],[11,-118],[36,36],[-9,51],[63,19],[12,-68],[14,100],[-9,26],[14,29],[14,14],[33,-22],[48,27],[4,-41],[35,-14],[2,52],[-18,-9],[42,56],[31,-9],[-10,-64],[42,-98],[2,25],[15,-14],[1,36],[27,-35],[-8,48],[-48,41],[19,52],[-18,14],[10,50],[50,87],[66,47],[-13,24],[102,112],[16,-52],[26,-26],[-39,-142],[13,35],[78,38],[-22,86],[-18,-6],[3,30],[-21,40],[61,141],[44,49],[-1,28],[-20,-18],[-9,18],[54,109],[17,-25],[7,-67],[-32,-92],[2,-89],[45,77],[30,142],[48,120],[39,-60],[2,-30],[-2,44],[18,11],[11,-87],[4,82],[-29,40],[-28,-15],[-13,28],[-16,-34],[-18,96],[30,140],[51,-6],[-8,92],[31,-34],[-10,-116],[17,40],[-8,33],[13,78],[-36,50],[25,33],[-33,34],[-14,71],[3,35],[15,12],[-11,19],[3,47],[16,9],[11,52],[10,-46],[12,23],[-7,16],[12,0],[11,-51],[14,2],[17,-107],[26,-24],[23,31],[-2,131],[20,-25],[11,39],[21,17],[14,-15],[-17,101],[41,-54],[58,39],[20,77],[1,113],[33,95],[5,73],[-30,103],[7,52],[-16,0],[-22,81],[-14,0],[9,23],[31,-10],[17,-47],[14,6],[13,92],[56,52],[16,65],[-36,30],[23,30],[21,-35],[-14,39],[32,60],[31,-156],[-36,36],[-11,-51],[20,-11],[-3,-29],[9,19],[14,-27],[10,47],[25,-94],[14,17],[14,-20],[-16,-18],[12,-23],[10,14],[9,-38],[-7,-92],[30,-42],[0,-68],[30,38],[23,-77],[20,-14],[-7,-22],[30,-69],[0,-116],[11,-79],[19,-10],[3,-85],[34,-179],[7,-276],[16,-40],[-8,-95],[17,-167],[-10,-28],[93,-294],[-2,-140],[-49,-230],[-35,-100],[-21,-9],[-43,78],[-5,56],[-18,33],[2,57],[-23,41],[-2,87],[-61,-15],[-26,-61],[3,-87],[28,-140],[-14,-113],[44,-58],[9,-39],[1,-187],[-43,-105],[1,-29],[14,-39],[24,-7],[-77,-43],[-59,-243],[26,-278],[-50,-436],[-94,-402],[-72,-387],[-23,-194],[-14,17],[11,-44],[-117,-590],[8,-22],[-33,-213],[-136,-623],[-69,-568],[-40,-210],[-7,17],[-8,-22],[15,-26],[-17,-133],[-40,-121],[-26,-140],[-15,0],[-4,-136],[-39,-183],[-22,-42],[-1,-56],[-7,35],[-6,-56],[-106,-116],[-177,-28],[-154,-131],[-71,-95],[-138,-23],[-9,42],[-117,134],[-138,42],[-18,59],[29,-42],[7,21],[-125,118],[-10,84],[-27,77],[0,77],[-82,178],[-2,286],[-14,73],[6,77],[35,43],[5,67],[-44,74],[-16,169],[-73,145],[-46,369],[26,22],[-18,115],[18,107],[2,-42],[7,17],[6,97],[28,55],[14,-6],[11,227],[27,22],[49,-5],[26,36],[29,214],[21,72],[24,27],[30,142],[43,76]],[[76497,45860],[23,56],[-66,-253],[11,109],[32,88]],[[75957,48002],[6,-33],[-48,19],[-5,74],[29,0],[1,42],[15,-10],[2,-92]],[[100085,59861],[12,-48],[-25,22],[13,26]],[[100431,60149],[14,0],[-29,-20],[-27,47],[42,-27]],[[101725,60721],[-5,-34],[-20,100],[-14,11],[14,79],[22,-38],[3,-118]],[[100787,60994],[-43,-56],[-14,17],[9,69],[18,-21],[8,25],[22,-34]],[[101791,62436],[-2,-60],[-12,-15],[-11,33],[7,88],[12,-3],[6,-43]],[[101020,61360],[99,125],[87,29],[30,188],[28,59],[21,11],[38,-66],[25,-4],[-7,-51],[9,27],[30,16],[-3,106],[14,40],[7,172],[35,-9],[64,-103],[27,29],[7,132],[34,-58],[43,-9],[25,23],[8,119],[-47,309],[20,77],[44,-43],[18,-90],[68,-46],[28,-28],[6,-25],[7,17],[-2,-20],[-18,-27],[27,-4],[1,-46],[21,-49],[53,37],[-13,-133],[44,-86],[11,-64],[-15,-54],[-22,-21],[7,-31],[-19,2],[-29,-51],[16,-49],[37,17],[33,-8],[11,-25],[-23,-97],[19,-34],[-17,-49],[8,-18],[32,34],[2,-91],[-11,-31],[7,-41],[-23,-59],[34,-87],[32,-18],[9,-159],[-14,-24],[1,-79],[14,-27],[-54,-171],[-42,-4],[-7,-53],[12,-67],[-32,83],[-17,4],[0,-26],[-6,13],[28,-100],[-19,-289],[-35,145],[-5,205],[-32,49],[1,54],[-28,59],[-26,160],[-52,-62],[-10,-106],[-43,-45],[-40,-155],[3,-107],[12,-6],[-1,17],[53,-73],[40,-243],[-14,-101],[-88,-231],[-32,-1],[-6,79],[-36,58],[32,114],[-9,71],[-31,10],[-23,-141],[-41,-16],[-119,84],[-120,121],[-64,158],[-6,226],[-13,-8],[-11,29],[22,177],[51,70],[21,111],[-23,7],[-52,137],[-37,41],[-38,7],[-31,62],[-38,19],[-48,-24],[14,-87],[-44,-57],[33,-75],[-7,-52],[-30,32],[-20,63],[-33,-25],[-14,20],[-4,37],[19,34],[-22,72],[-23,-54],[-14,-114],[-19,8],[-11,39],[-14,-45],[-18,-10],[-12,20],[4,27],[10,-5],[-11,90],[7,45],[-37,29],[-29,-9],[-58,-104],[-3,-19],[17,0],[-6,-35],[-8,-14],[-1,26],[-31,-56],[9,-50],[-31,-49],[-12,-122],[-30,-107],[-20,-19],[-52,51],[-13,101],[12,48],[39,57],[-2,90],[33,86],[-11,9],[-5,88],[47,139],[40,47],[93,42],[14,35],[18,-30],[70,29],[23,44],[-19,47],[28,114],[51,33],[41,-6],[18,63],[21,10],[-13,46],[39,-15],[3,-48],[20,-25],[11,55],[48,-39],[28,-98],[13,-180],[-38,-66],[-28,-14],[-4,-43]],[[101560,62614],[-7,-32],[-43,95],[-3,60],[31,-28],[22,-95]],[[101255,63066],[0,-40],[-31,-15],[14,63],[17,-8]],[[101284,63080],[14,-45],[-33,4],[19,41]],[[101735,63093],[-17,-21],[-29,32],[1,33],[45,-44]],[[99676,63303],[5,-34],[-11,-5],[-11,56],[17,-17]],[[99670,63385],[4,-17],[-19,-18],[15,35]],[[101328,63612],[4,-48],[-46,-8],[-41,129],[58,4],[25,-77]],[[101400,63655],[14,-17],[-8,-43],[-31,72],[-2,44],[27,-56]],[[100563,67896],[3,-95],[-46,-95],[-4,-301],[31,-162],[55,-26],[9,-33],[-11,6],[2,-82],[12,-19],[16,16],[10,-31],[-36,-186],[-72,-225],[4,-25],[5,13],[-12,-77],[12,17],[-10,-52],[-68,-129],[46,144],[-16,-3],[-13,-47],[-99,-65],[-61,-101],[-4,-54],[29,-58],[-16,-39],[11,-8],[-44,-81],[-23,-99],[-12,2],[0,-70],[30,-52],[38,-203],[43,-80],[-37,-26],[-2,-37],[18,-133],[32,-107],[-9,-37],[68,-121],[99,-55],[-16,51],[36,-12],[7,29],[-35,45],[-15,50],[7,-13],[26,63],[13,-97],[38,146],[37,15],[39,-40],[15,4],[-3,37],[64,-54],[56,-104],[-3,-47],[16,-22],[3,-55],[-13,-78],[19,-34],[39,6],[26,36],[-7,74],[18,47],[-15,-30],[-24,37],[11,47],[21,-11],[6,31],[5,-53],[14,14],[9,-82],[9,34],[79,-48],[10,31],[31,-61],[44,-33],[10,-44],[-36,18],[-20,-34],[-76,22],[-14,-74],[3,-26],[43,-49],[63,-161],[-29,-3],[-8,-100],[18,-6],[28,57],[66,-85],[12,40],[22,-10],[-22,-88],[4,-150],[-14,-31],[3,-45],[-14,-12],[-24,6],[-34,62],[-13,97],[-16,19],[70,31],[7,47],[-43,12],[-18,-54],[-38,-27],[2,28],[-18,-4],[7,30],[-31,-24],[-55,90],[-44,-15],[-10,67],[7,72],[-36,78],[-8,56],[-103,98],[-14,30],[16,26],[-37,72],[-33,10],[-39,85],[-7,-17],[-34,9],[32,-81],[-4,-105],[46,-72],[-23,17],[35,-116],[6,-94],[-34,-34],[-27,41],[-2,80],[-43,114],[-59,46],[-44,114],[-24,3],[-88,100],[-80,-74],[-17,-34],[10,-64],[-61,-62],[-40,27],[-40,-4],[5,56],[-17,37],[-38,-55],[13,57],[-17,80],[-57,10],[6,-45],[-20,2],[0,-53],[-21,122],[11,14],[-5,70],[-15,44],[18,60],[114,146],[-11,103],[-32,59],[-66,16],[-7,54],[-9,-34],[-3,53],[-16,-113],[20,-136],[-11,-40],[-32,-13],[-29,37],[-4,88],[-38,49],[6,30],[-10,13],[17,36],[-28,34],[-11,-76],[-32,29],[-25,291],[-39,100],[5,34],[20,20],[-19,51],[5,59],[-18,33],[9,82],[-13,47],[-28,-21],[-5,18],[0,162],[15,97],[30,18],[12,-14],[-8,-71],[62,-59],[10,-63],[58,0],[2,-24],[23,30],[-14,0],[25,88],[-22,54],[-20,200],[10,1],[5,129],[38,102],[-11,141],[14,113],[-14,82],[-23,24],[7,76],[20,22],[-8,43],[29,140],[-2,53],[36,147],[-6,101],[17,33],[53,14],[14,52],[38,-49],[60,48],[161,-162],[19,-44],[-1,35],[69,-51],[44,1],[44,71],[12,72],[27,-2],[21,-70]],[[99882,59668],[-12,-95],[-11,56],[-12,-13],[-8,22],[-7,-39],[-25,3],[-24,-53],[-45,-10],[1,44],[122,134],[21,-49]],[[99994,60366],[-4,-81],[-27,-1],[31,82]],[[100562,60524],[13,-19],[-33,-20],[-16,-75],[-75,-29],[-27,62],[-2,45],[-23,27],[5,27],[82,49],[76,-67]],[[99312,60758],[-12,-22],[-25,29],[28,18],[9,-25]],[[98829,61416],[0,-116],[-25,-45],[-18,76],[2,88],[6,-22],[11,22],[24,-3]],[[98811,61423],[-12,22],[16,20],[8,-31],[-12,-11]],[[98909,61582],[11,-65],[-23,-21],[-4,79],[16,7]],[[98881,61578],[7,-9],[-24,-25],[17,51],[0,-17]],[[101390,62132],[8,-27],[-13,-50],[-44,66],[24,42],[25,-31]],[[101029,62110],[1,-23],[-23,-19],[-54,55],[57,67],[20,-37],[-1,-43]],[[101849,62526],[5,-26],[-44,-21],[-27,60],[16,9],[-10,23],[29,99],[22,-99],[-9,-28],[18,-17]],[[101317,62552],[20,-43],[-10,-41],[-32,20],[-29,-69],[-39,-32],[-119,6],[-22,18],[-3,55],[-20,15],[28,99],[55,40],[22,69],[35,39],[36,6],[8,-32],[14,26],[7,-28],[53,-46],[-4,-102]],[[101701,62578],[-7,-24],[-12,9],[-26,76],[11,31],[-7,19],[-25,-17],[-9,29],[7,62],[9,-5],[-7,73],[14,9],[0,30],[16,-5],[9,56],[15,-38],[-15,-95],[16,-47],[-2,-134],[13,-29]],[[99782,63011],[20,-24],[-9,-21],[-14,-11],[-11,26],[2,-47],[-42,-15],[-12,52],[28,61],[38,-21]],[[100700,63093],[9,-59],[-17,-84],[-17,-39],[-13,-7],[-1,17],[-19,-25],[-18,52],[24,29],[-6,36],[45,97],[13,-17]],[[100987,63153],[-29,-176],[-47,-126],[-18,-160],[-45,-141],[5,-108],[-12,-48],[14,-18],[-14,-23],[62,-132],[-1,-54],[-29,-93],[-66,-45],[-25,28],[-37,167],[-63,34],[-35,56],[-30,103],[-13,2],[3,35],[-9,-9],[-3,89],[27,83],[77,7],[55,72],[-1,156],[-18,103],[32,52],[20,78],[-7,79],[14,37],[89,55],[48,-26],[0,-21],[39,0],[17,-56]],[[101145,63155],[-11,-289],[-74,-91],[-47,-102],[-7,-111],[-50,-212],[-51,-88],[-4,62],[31,245],[-7,47],[112,326],[-1,35],[71,264],[4,79],[9,-12],[-5,61],[29,64],[8,-28],[-23,-97],[18,-9],[-2,-144]],[[101063,63371],[4,-19],[-27,4],[-9,54],[13,32],[19,-71]],[[99689,62979],[18,-21],[-50,-87],[-65,-23],[-31,-51],[-30,-129],[-140,-76],[1,-126],[-26,26],[19,-67],[-86,-222],[-45,-76],[-75,-39],[-41,-152],[-86,-124],[-63,-18],[-18,-96],[-56,-23],[-51,-83],[24,170],[130,281],[36,12],[7,46],[40,69],[29,4],[4,-21],[43,68],[76,198],[56,72],[81,224],[2,-47],[18,17],[-6,66],[40,13],[5,46],[25,17],[3,25],[-19,5],[8,25],[24,-4],[16,60],[5,-62],[47,75],[-9,30],[23,21],[8,84],[-40,80],[11,25],[-11,32],[23,-6],[-5,-36],[63,-89],[-3,61],[-34,30],[-12,77],[14,0],[-9,64],[27,-30],[5,42],[-14,40],[38,148],[21,-76],[-17,-115],[19,-64],[-18,-2],[-4,-80],[9,-41],[23,3],[-4,-95],[21,2],[6,-77]],[[99754,63582],[-11,-86],[0,30],[-21,-12],[-18,34],[18,-13],[5,34],[16,-21],[-3,30],[14,4]],[[101553,62835],[-5,-39],[-39,11],[3,-58],[-21,27],[-15,85],[-17,11],[13,-226],[-49,71],[-34,11],[4,109],[-19,59],[21,162],[-7,89],[-52,113],[-24,-11],[4,-33],[-16,-36],[-39,38],[2,231],[-16,16],[5,29],[-12,11],[-11,94],[13,5],[47,-104],[7,37],[43,-87],[38,15],[33,65],[44,-25],[-1,-72],[16,-31],[7,13],[3,-176],[-13,-134],[36,-32],[24,-62],[2,-107],[25,-69]],[[100853,63560],[-19,-134],[6,-52],[-8,-20],[-22,8],[-30,-80],[-4,17],[-50,-55],[3,-63],[-18,-50],[-38,-13],[-13,-48],[-121,-35],[-41,-46],[-29,-77],[-22,-8],[-6,47],[18,87],[-16,81],[36,151],[-1,177],[21,224],[-7,42],[-77,28],[14,78],[23,25],[43,-62],[94,-64],[82,-140],[12,37],[15,-16],[7,43],[35,-4],[38,-52],[-23,-35],[8,-18],[88,101],[0,-38],[-14,-18],[16,-18]],[[99807,63818],[19,-20],[-15,-27],[14,-17],[-11,-51],[-27,-28],[-3,44],[9,-13],[7,43],[-25,-4],[-25,112],[12,-9],[10,26],[13,-32],[24,-4],[-2,-20]],[[99914,63904],[-7,-21],[-30,-5],[-31,26],[-10,-39],[-37,28],[-36,123],[-15,-26],[8,53],[17,16],[-14,-5],[1,34],[104,-132],[11,66],[9,-54],[28,-32],[-9,-36],[11,4]],[[100692,64138],[-5,-54],[-20,-25],[-60,83],[-3,33],[70,14],[18,-51]],[[101699,63352],[22,-60],[-6,-19],[-37,80],[-17,-20],[-12,24],[-12,-41],[-19,24],[-15,-24],[-36,37],[-23,-36],[-25,108],[-57,16],[2,85],[-32,48],[-8,-23],[-19,27],[49,52],[7,57],[19,19],[-4,28],[-50,2],[-33,61],[10,30],[-21,-3],[-27,80],[-62,43],[-34,77],[-36,219],[132,-34],[66,11],[0,36],[57,-39],[39,31],[35,-50],[26,-62],[-12,-65],[14,13],[-2,-17],[14,9],[36,-35],[13,-41],[-27,-36],[22,-43],[-26,-68],[16,-99],[-15,-25],[11,5],[6,-36],[-11,-56],[18,-94],[39,-58],[-28,-98],[15,-14],[10,29],[28,-55]],[[101147,63760],[0,-46],[-66,117],[-38,9],[-10,17],[7,34],[-82,131],[-21,-11],[-88,-177],[19,135],[26,53],[-25,6],[18,123],[-13,106],[41,-27],[-10,-70],[36,50],[39,-38],[19,-45],[-7,-22],[16,12],[17,-20],[35,-94],[1,37],[31,-24],[54,-149],[-17,24],[18,-131]],[[100557,64265],[10,-43],[-10,-39],[-12,60],[12,22]],[[100502,64303],[14,-22],[-40,-261],[8,-26],[-16,-43],[-18,46],[14,42],[-27,36],[1,23],[23,64],[1,95],[40,46]],[[101058,64121],[1,-24],[-69,179],[9,40],[41,-60],[18,-135]],[[100890,64427],[31,-107],[-105,185],[-28,19],[-10,58],[16,26],[16,-16],[40,-119],[40,-46]],[[100306,64327],[7,-59],[-36,-56],[-9,-67],[11,-35],[-20,6],[4,-49],[-14,22],[-37,-69],[-43,23],[-4,50],[13,-13],[-53,70],[-22,56],[-1,77],[-19,51],[-19,8],[-13,171],[-31,96],[-50,47],[-21,119],[-42,-15],[-2,57],[27,25],[117,-38],[74,40],[-6,-17],[23,-51],[27,-4],[4,-27],[26,43],[77,-136],[2,-49],[39,-21],[-23,-61],[1,-154],[13,-40]],[[100497,64773],[7,-38],[-37,-95],[-65,92],[15,134],[16,-27],[30,18],[15,-41],[24,-13],[-5,-30]],[[99885,64958],[1,-24],[-52,64],[-7,53],[50,-35],[8,-58]],[[101268,65059],[-9,-18],[6,-111],[-18,-5],[-7,-64],[-27,26],[-22,-48],[-46,52],[-7,40],[34,93],[3,163],[26,5],[30,-112],[8,16],[29,-37]],[[100499,65202],[24,-59],[-71,85],[-13,49],[13,3],[47,-78]],[[100542,65638],[2,-39],[-45,68],[32,-3],[-2,-22],[13,-4]],[[100465,65771],[18,-17],[-18,4],[3,-36],[-15,-19],[19,-112],[-28,-52],[-11,19],[9,59],[-39,114],[3,41],[34,25],[25,-26]],[[100260,68209],[30,-13],[-66,-13],[36,26]],[[100454,68260],[6,-22],[-47,-78],[8,92],[25,25],[8,-17]],[[100201,68380],[11,-99],[-18,44],[7,55]],[[100306,68471],[7,-24],[-16,-15],[-33,28],[-16,45],[55,11],[3,-45]],[[100456,68631],[-5,-53],[-22,41],[27,12]],[[100411,69113],[17,-20],[-10,-25],[-7,45]],[[100467,69202],[7,-15],[-22,-36],[2,-24],[-16,-9],[29,84]],[[100423,69379],[-16,-45],[-14,2],[23,85],[7,-42]],[[99626,59408],[7,-54],[-15,-68],[-7,154],[15,-32]],[[100203,60015],[-27,-8],[9,25],[18,-17]],[[100258,60131],[13,-36],[-43,-56],[-21,52],[-49,-33],[-24,22],[-25,-24],[-21,47],[57,85],[46,-21],[12,-40],[18,17],[37,-13]],[[100340,60539],[-4,-60],[-11,44],[15,16]],[[100162,63194],[-2,-45],[-23,6],[25,39]],[[99893,63842],[-6,-72],[-21,83],[21,13],[6,-24]],[[100266,63925],[-7,-39],[-9,71],[16,-32]],[[100160,64844],[-15,23],[15,2],[0,-25]],[[99744,59415],[-14,37],[16,-10],[-2,-27]],[[99731,59537],[-17,-8],[17,48],[0,-40]],[[101601,59768],[0,-36],[-28,12],[28,24]],[[100084,59942],[8,-12],[-28,-11],[20,23]],[[101076,62409],[9,-14],[-21,-38],[-26,17],[38,35]],[[101331,62721],[-3,-29],[-23,-16],[-2,27],[28,18]],[[100289,63802],[17,-13],[-38,-4],[21,17]],[[101198,63936],[7,-11],[-26,-12],[19,23]],[[100170,64009],[1,-24],[-23,39],[3,36],[19,-51]],[[101178,64628],[-27,16],[24,15],[24,-25],[-21,-6]],[[101158,64675],[-21,-24],[-37,42],[58,-18]],[[101092,64684],[-5,-28],[-8,78],[24,-15],[-11,-35]],[[101063,64741],[-10,24],[25,-23],[-15,-1]],[[100601,65593],[-5,-25],[-26,-2],[31,27]],[[99800,66559],[-4,-24],[-22,41],[15,34],[11,-51]],[[101126,62836],[18,0],[-37,-44],[19,44]],[[87084,60543],[-33,-126],[-106,-148],[-184,-119],[-31,-49],[-42,-21],[-83,29],[-45,35],[-37,69],[-77,420],[-14,250],[9,-52],[5,28],[-12,27],[-16,245],[8,36],[-35,275],[0,75],[27,82],[-11,-43],[11,-13],[-17,-93],[2,-62],[26,-16],[-1,159],[22,186],[22,66],[-8,185],[44,55],[19,104],[4,68],[-21,57],[47,51],[-47,77],[60,-39],[17,-51],[47,30],[62,-34],[-47,51],[-34,2],[-61,74],[0,-41],[-76,64],[-16,52],[20,29],[51,2],[2,-26],[31,-14],[39,-78],[35,-34],[-66,112],[-36,28],[36,17],[54,-131],[112,-161],[18,-41],[-19,2],[24,-36],[3,19],[19,-79],[-16,-2],[21,-15],[21,-62],[-28,15],[20,-48],[-7,-14],[11,-6],[10,29],[85,-206],[-9,-26],[15,-40],[-13,17],[0,-41],[-18,17],[-8,-21],[12,12],[14,-30],[23,-3],[18,29],[10,-20],[8,-74],[-12,26],[1,-27],[14,-14],[17,-133],[-6,-15],[-9,55],[-3,-34],[13,-27],[10,14],[18,-73],[14,0],[9,-90],[42,-90],[-29,30],[-10,-21],[21,-2],[17,-63],[13,0],[7,-104],[12,-29],[9,34],[16,-86],[1,-218],[-35,-198]],[[87067,61204],[26,-75],[0,-75],[-26,150]],[[86464,62020],[-21,13],[11,-41],[-62,77],[33,-4],[39,-45]],[[86402,62320],[-21,-6],[-3,40],[24,-34]],[[86457,62393],[-18,52],[14,38],[4,-45],[28,-40],[-28,-5]],[[36998,63947],[14,-28],[-25,-6],[-54,51],[-61,105],[-2,59],[32,-29],[22,-75],[56,-31],[18,-46]],[[36594,64247],[24,-36],[12,-64],[-57,75],[-1,55],[22,-30]],[[35595,69805],[-18,-16],[-8,51],[29,34],[27,-35],[-30,-34]],[[35548,70376],[-8,7],[11,54],[103,-48],[25,-33],[-11,-27],[-39,47],[-81,0]],[[35379,69561],[-6,34],[38,9],[13,36],[41,29],[15,-43],[30,-19],[31,22],[36,100],[14,1],[-8,-109],[-39,-110],[-53,-28],[-12,17],[-48,-25],[-41,13],[-10,-20],[-19,67],[18,26]],[[35264,70561],[-7,17],[13,-8],[14,16],[-7,14],[34,8],[-9,-38],[-6,16],[22,-98],[-11,-39],[-50,-93],[-35,-21],[-52,-79],[1,34],[30,18],[1,30],[26,19],[6,36],[68,71],[-2,45],[-48,30],[12,22]],[[35167,70608],[-20,65],[39,-13],[21,-43],[50,-17],[-25,-39],[-53,39],[-10,-17],[-2,25]],[[35373,70831],[-44,-10],[-6,19],[50,-9]],[[34664,71112],[46,-53],[-45,11],[-50,73],[-31,6],[12,11],[-10,34],[14,11],[27,-26],[37,-67]],[[34976,70763],[7,-76],[-46,134],[-84,62],[9,21],[11,-35],[34,-21],[-24,54],[3,96],[-32,57],[-17,85],[-11,-4],[0,43],[-14,-13],[7,39],[46,-108],[33,-131],[11,-102],[50,-47],[17,-54]],[[34963,71218],[41,-5],[-14,-30],[-41,5],[14,30]],[[35106,71415],[-8,-38],[-22,-5],[10,92],[21,28],[13,-38],[-16,-65],[2,26]],[[33971,71518],[-27,-21],[-5,21],[59,43],[-27,-43]],[[33958,71566],[-5,-22],[-27,13],[32,9]],[[34089,71360],[-13,-121],[-71,4],[10,20],[24,-11],[33,54],[-47,-39],[-15,24],[34,38],[-46,-17],[-11,103],[-36,47],[88,129],[15,-34],[-42,-47],[18,-38],[-13,-48],[45,114],[27,-155],[-25,-41],[25,18]],[[34009,71606],[-13,0],[29,28],[12,-12],[-28,-16]],[[34825,71538],[8,-46],[-73,-2],[31,45],[2,37],[-23,23],[-36,128],[-20,10],[-2,37],[-34,45],[8,24],[35,-34],[31,-125],[73,-142]],[[34104,72022],[-21,7],[-2,23],[36,25],[59,-13],[-72,-42]],[[33814,71814],[14,32],[-5,-78],[18,29],[11,-47],[3,34],[11,-4],[-22,85],[-1,-42],[-13,35],[49,170],[-19,115],[56,-1],[23,-28],[-1,-85],[81,-189],[6,-125],[-103,-143],[-17,67],[-18,15],[0,62],[-31,-23],[-68,85],[-4,15],[30,21]],[[34543,72132],[16,-32],[-15,-96],[-1,-199],[-25,69],[-33,38],[39,-3],[12,24],[2,29],[-10,-19],[-1,23],[18,65],[-3,78],[-69,121],[-39,18],[-47,51],[-51,-4],[16,86],[20,-4],[-4,-44],[5,12],[70,-95],[37,-10],[63,-108]],[[34085,72846],[-11,-24],[-3,44],[14,-20]],[[33735,72990],[-32,-28],[-27,10],[-77,121],[64,-77],[31,-5],[47,72],[-23,19],[16,60],[24,-51],[67,-27],[116,27],[19,29],[-5,-86],[-15,15],[-106,-26],[-99,-53]],[[33994,73222],[-50,-9],[31,23],[87,-5],[119,-146],[-18,-9],[11,-30],[74,-68],[11,-126],[-50,-44],[-8,-206],[-12,-20],[-30,66],[-31,25],[62,72],[-9,105],[30,157],[-57,26],[-13,58],[-19,-2],[-36,106],[-92,27]],[[34689,70276],[-4,-18],[-2,30],[6,-12]],[[33975,71619],[12,1],[-11,-18],[-1,17]],[[33977,72283],[-15,1],[24,16],[-9,-17]],[[33516,72513],[1,-25],[-7,-1],[0,18],[-9,-26],[12,-13],[-14,-1],[0,12],[7,25],[10,11]],[[34183,72954],[-4,-25],[-7,17],[11,8]],[[33980,73030],[-5,-23],[-8,25],[13,-2]],[[35774,69964],[9,-16],[-16,-31],[7,47]],[[36091,69964],[-27,31],[36,-18],[7,-38],[-16,25]],[[35993,70016],[-16,43],[57,-9],[16,-43],[-16,30],[11,-47],[-52,26]],[[35815,70024],[2,39],[33,-44],[36,14],[-12,-26],[-44,-15],[6,15],[-14,13],[-8,-17],[10,34],[-9,-13]],[[35920,70089],[2,33],[35,-5],[3,-52],[15,-14],[-32,14],[2,48],[-25,-24]],[[100432,71997],[-33,-108],[3,-84],[22,-29],[-13,-5],[-1,-68],[-20,-31],[-2,-77],[-55,-145],[7,-39],[-76,-545],[-74,-230],[-49,-75],[-27,-82],[-22,-114],[-14,-276],[-24,34],[-18,-13],[-6,110],[-25,114],[-36,81],[-44,37],[-16,22],[-16,38],[16,-34],[-6,32],[-25,52],[-32,201],[8,32],[-18,-15],[-2,26],[-17,-4],[15,34],[-14,34],[19,104],[11,3],[-9,12],[14,13],[-13,99],[20,153],[172,528],[41,37],[33,137],[45,103],[106,68],[21,-14],[-15,29],[13,37],[48,26],[41,-79],[63,-27],[9,-57],[28,-13],[-33,-32]],[[100318,70177],[8,-20],[-24,14],[-7,29],[24,0],[-1,-23]],[[99264,71729],[19,-11],[4,-46],[-60,-19],[0,47],[33,-2],[4,31]],[[99681,71153],[7,-34],[-35,-20],[-12,14],[20,6],[-12,26],[32,8]],[[99624,71153],[8,29],[-3,-49],[-16,-6],[11,26]],[[100284,70562],[13,10],[-1,-26],[-12,16]],[[103053,76287],[5,-34],[-34,-78],[-14,24],[43,88]],[[103677,76711],[10,-35],[-20,-22],[-61,-319],[17,-51],[-14,-109],[-39,-156],[-29,10],[-13,42],[-47,-4],[-19,-54],[30,-21],[-10,-30],[20,-1],[-42,-37],[-22,-62],[-94,-74],[2,41],[26,33],[17,139],[-30,72],[-3,55],[-34,25],[32,21],[23,-35],[18,54],[-12,38],[-44,2],[-38,-126],[11,-112],[33,-39],[-7,-53],[-18,-20],[-21,8],[-24,51],[-76,-2],[-14,51],[9,6],[-29,45],[36,-17],[35,113],[-3,50],[-51,93],[6,28],[15,-10],[-13,24],[-5,148],[23,25],[10,-21],[13,11],[50,143],[14,-5],[20,71],[-7,25],[16,9],[-11,25],[34,64],[-73,-17],[59,52],[-5,51],[-56,87],[-7,102],[-60,63],[-38,-42],[32,-91],[-39,-62],[16,-21],[30,20],[32,-11],[7,-106],[-65,-60],[-12,57],[26,43],[-10,26],[-28,1],[-45,-19],[-21,-64],[-51,-59],[24,59],[-6,19],[21,20],[-73,126],[14,105],[26,-29],[-6,-35],[8,17],[19,-24],[-9,-66],[17,-23],[12,24],[40,-19],[-24,52],[5,54],[-21,30],[-45,1],[4,46],[-10,-10],[-7,25],[-14,-38],[-5,56],[-33,22],[9,91],[22,-6],[9,23],[9,-28],[36,-4],[15,-42],[5,73],[-27,36],[11,19],[17,-26],[-6,68],[30,-13],[-1,-32],[26,-21],[50,55],[-25,25],[38,57],[28,-57],[33,19],[3,41],[-17,-18],[-20,25],[19,-12],[33,35],[15,86],[88,55],[53,-32],[31,46],[-15,-93],[15,-2],[32,-119],[88,-31],[51,64],[49,-6],[23,-114],[-10,-47],[-22,4],[-15,-42],[-30,9],[1,-56],[131,-5],[-31,-87],[34,-1],[-10,-32],[20,11],[11,-20],[7,20],[4,-26],[-26,-2],[-9,-40],[19,-24],[40,-1],[-33,-34],[-9,-39],[14,-10],[-38,-17],[-9,-61],[-11,10],[-39,-76],[-6,-37],[17,-19],[-26,-9]],[[104685,77557],[20,4],[-57,-44],[-89,-120],[-45,-211],[-83,162],[-62,27],[-44,-14],[-47,-38],[-9,-33],[-49,-23],[-22,-129],[-20,-14],[-23,-71],[-14,10],[-18,-33],[1,-73],[-16,-11],[24,-71],[-8,-17],[-29,41],[-41,-23],[-27,31],[-28,-24],[27,99],[-50,17],[-18,-28],[-11,93],[-30,-13],[9,31],[25,-1],[-11,29],[13,12],[-31,44],[30,-22],[21,37],[-22,31],[14,23],[-49,4],[14,78],[-37,12],[-59,-63],[-7,15],[-33,-24],[133,116],[88,114],[12,118],[14,4],[5,53],[50,46],[-7,34],[15,11],[61,-130],[65,36],[63,-16],[43,71],[0,66],[-27,47],[47,-17],[79,90],[48,-17],[20,27],[8,-42],[17,19],[13,-38],[61,-54],[69,20],[-18,-132],[34,-48],[-16,-62],[23,-3],[-9,-13]],[[104148,78998],[-10,-46],[-32,4],[42,42]],[[104263,77943],[-46,-77],[11,28],[-23,38],[-20,-92],[-37,-13],[-1,37],[32,23],[-25,22],[-11,-36],[-69,-28],[-6,15],[-24,-26],[3,-22],[-38,-22],[-34,-5],[-13,101],[-57,-3],[-41,-69],[-3,-156],[-26,-32],[9,-60],[-35,-41],[14,60],[-82,79],[-24,-18],[14,35],[-27,19],[-49,-12],[-5,-32],[-32,29],[-14,-33],[-16,4],[-1,34],[-44,-72],[-26,3],[-25,63],[-23,11],[-39,-84],[-13,15],[13,46],[-18,63],[20,45],[-17,60],[7,40],[47,24],[-33,9],[8,19],[58,-9],[13,-28],[0,39],[36,-14],[-17,6],[-7,-30],[68,34],[61,148],[87,34],[68,121],[85,97],[30,71],[77,75],[11,56],[-12,35],[111,48],[40,53],[22,-25],[51,10],[-15,-51],[45,-26],[60,49],[50,-19],[169,27],[99,79],[130,-19],[52,61],[48,21],[26,-63],[-39,-79],[20,29],[-3,-31],[32,-22],[-6,-38],[28,22],[-21,35],[41,41],[22,-69],[40,31],[-9,-35],[34,2],[8,27],[-19,8],[16,15],[32,-22],[-8,68],[36,-22],[20,14],[-8,61],[21,23],[3,-52],[14,-12],[10,71],[-35,68],[-10,72],[53,159],[86,86],[102,213],[26,157],[-31,122],[16,93],[40,47],[31,0],[107,78],[31,-11],[0,-38],[-32,-11],[-8,-85],[-40,-6],[-32,-61],[-21,31],[-30,-99],[40,-19],[22,33],[-14,-165],[51,-47],[47,-2],[28,27],[21,83],[150,78],[67,71],[49,8],[101,121],[66,138],[37,144],[70,80],[49,22],[69,101],[23,190],[35,121],[58,106],[48,279],[26,40],[21,251],[-31,96],[-68,-14],[-20,92],[40,-28],[52,103],[16,144],[-26,40],[-6,95],[-23,24],[62,100],[25,-15],[50,43],[17,134],[16,-26],[12,25],[-27,10],[-9,44],[-17,7],[24,17],[7,72],[40,-51],[29,27],[28,-20],[23,-214],[32,-9],[18,28],[12,80],[79,-87],[34,72],[17,105],[-24,69],[-15,8],[-34,-59],[-98,-24],[47,246],[123,-116],[61,49],[-24,-251],[17,-226],[18,-67],[66,-75],[46,-120],[-5,-42],[21,-28],[-12,-43],[36,-46],[19,-141],[-15,-101],[25,18],[11,-56],[-39,-56],[35,3],[-51,-85],[26,13],[-28,-47],[16,-16],[-22,-27],[12,-23],[-24,-11],[23,-34],[-32,-5],[18,-17],[-16,-4],[8,-22],[-40,9],[1,-53],[-12,27],[-18,-6],[11,-83],[-28,19],[0,-40],[-22,-32],[15,-40],[-35,-27],[24,-18],[-22,-39],[26,-32],[-25,-56],[26,-28],[-16,-8],[8,-65],[-32,70],[-42,18],[-33,-14],[-11,-40],[-13,31],[-17,-7],[-11,-32],[11,-9],[-38,-78],[-15,-129],[34,-149],[-5,-371],[-16,-105],[-52,-51],[-21,-73],[-39,-165],[-2,-105],[-18,-34],[27,-169],[78,-184],[-6,-20],[-11,16],[-56,-16],[-59,-76],[-32,-116],[9,-50],[-12,-78],[-19,-29],[-62,-5],[-47,-64],[-22,-71],[-28,-5],[-28,36],[37,27],[-17,99],[16,55],[-28,45],[21,37],[16,-8],[2,37],[68,90],[-40,64],[-21,-4],[-8,-30],[-30,15],[-6,-22],[-8,31],[8,-87],[-48,-37],[15,-14],[-1,-20],[-17,1],[5,-65],[32,-31],[-26,-34],[6,-34],[-23,-4],[2,49],[-26,60],[-43,7],[-77,-35],[-13,-18],[4,-61],[-12,8],[-15,-47],[22,-128],[-48,-86],[-1,-52],[-18,7],[-35,-41],[-29,60],[2,118],[12,17],[-9,45],[8,30],[40,2],[-35,57],[-35,11],[-47,-27],[-19,-40],[5,-32],[-49,-40],[-8,-57],[-42,-71],[-7,-44],[13,-30],[-89,45],[-58,-17],[-81,24],[-177,-62],[19,54],[12,-25],[57,67],[8,-26],[12,23],[-20,51],[-29,-1],[-8,-27],[-50,12],[-20,31],[7,58],[-22,-93],[19,-50],[-38,27],[-11,135],[21,84],[-13,-31],[-6,24],[3,-29],[-13,10],[-47,-40],[-46,-190],[10,-49],[122,-105],[0,-37],[-14,-4],[12,-9],[-5,-55],[-20,-13],[-14,4],[-7,13],[23,-9],[1,30],[-47,-7],[1,24],[-33,-44],[-28,6],[-3,-27],[-59,-29],[-9,-59],[-19,12],[-11,-21],[18,-65],[-14,13],[-1,-34],[-41,-29],[-56,-172],[8,-15],[-67,-100],[2,30],[-107,43],[-39,76],[22,26],[-53,43],[-38,70],[-20,-8],[5,61],[29,29],[-22,27],[9,44],[22,7],[-42,74],[103,136],[14,130],[-53,6],[-12,-7],[8,-25],[-19,15],[-47,-31],[-100,89],[-75,-4],[-9,17],[-46,-52],[-48,15],[23,-19],[-41,-38],[12,0],[-14,-25],[-70,-6],[1,-21],[35,17],[-37,-82],[-47,-5],[-23,53],[-85,-65],[18,37],[-34,-24]],[[107748,84027],[26,-6],[-54,13],[28,-7]],[[108370,83544],[19,-8],[-65,-40],[-33,-89],[-76,3],[-54,-28],[-5,-25],[15,-6],[-31,-28],[-24,7],[4,-35],[-38,-6],[-34,42],[-21,-42],[16,-28],[-14,-7],[-92,8],[-47,41],[-146,-99],[-103,-151],[-75,-178],[-6,-133],[-30,-112],[-94,111],[-166,104],[-97,118],[-35,7],[-82,81],[-60,10],[-69,-32],[-150,-166],[-16,18],[19,7],[-84,141],[-92,0],[-44,-83],[-11,-108],[85,-97],[55,18],[87,-138],[75,-71],[-65,-55],[-60,37],[-39,-16],[6,41],[-22,10],[-18,-57],[-51,-34],[-7,-94],[-52,-31],[-22,-51],[-57,26],[-19,87],[49,146],[6,106],[-39,76],[-80,89],[18,238],[25,32],[45,10],[44,73],[32,-33],[80,149],[-11,55],[-50,80],[7,71],[43,30],[102,-111],[72,21],[4,-34],[48,-21],[45,35],[40,76],[5,56],[-26,73],[10,34],[-18,84],[16,49],[48,32],[37,60],[5,212],[46,201],[-13,181],[-60,201],[31,152],[8,-30],[44,13],[41,61],[344,-585],[141,-168],[124,-80],[-32,-5],[16,-43],[69,-11],[21,24],[40,-3],[17,-15],[-22,-46],[16,-8],[30,63],[45,-102],[121,-26],[153,182],[46,87],[11,-60],[-76,-185],[-24,-112],[49,-116],[31,-140],[27,-38],[-45,14],[86,-62],[-7,26],[29,41],[61,32]],[[101067,71647],[40,-15],[-20,-69],[-68,24],[24,15],[9,61],[15,-16]],[[100797,71699],[-1,-22],[-20,3],[21,19]],[[101238,71767],[-29,-138],[-33,-13],[-21,58],[17,21],[27,-14],[39,86]],[[106903,71896],[-22,-39],[3,37],[19,2]],[[101590,71891],[22,-23],[-64,-7],[0,95],[42,-65]],[[103542,72576],[0,-35],[-14,6],[14,29]],[[102064,72875],[-7,-31],[-31,41],[24,12],[14,-22]],[[107181,73059],[-11,-9],[-16,56],[27,-47]],[[102572,73153],[-10,-60],[-21,-42],[-29,-9],[-6,-41],[-28,-2],[-36,-62],[-32,-7],[23,-82],[-30,4],[-20,-62],[2,-20],[16,1],[-9,-29],[-48,-35],[-5,82],[35,66],[-7,68],[28,11],[51,73],[-24,36],[-3,46],[36,-1],[3,-34],[21,4],[56,98],[9,53],[28,-56]],[[107181,73338],[16,-5],[-7,-27],[-9,32]],[[102693,73565],[-29,-56],[-27,-2],[0,34],[56,24]],[[102789,73788],[11,-34],[-31,-43],[-13,34],[1,94],[18,14],[14,-65]],[[102891,73982],[18,-21],[-43,8],[-14,57],[30,-10],[-6,-19],[15,-15]],[[103135,74141],[-12,-52],[-27,4],[39,48]],[[103028,74196],[2,-20],[-32,-18],[-40,-71],[-17,2],[-9,-26],[16,-21],[-39,-35],[8,-25],[-35,68],[-41,13],[41,4],[7,18],[-21,13],[12,15],[70,58],[14,-18],[37,56],[6,-27],[9,44],[12,-30]],[[103030,74943],[13,-6],[-11,-24],[-2,30]],[[103090,75081],[8,-35],[-18,4],[-11,30],[21,1]],[[103349,75394],[-23,-76],[-39,-17],[-16,8],[-21,97],[41,47],[58,-59]],[[103475,75686],[12,-36],[-10,-108],[-25,-57],[-7,-92],[-31,-18],[-6,79],[26,44],[3,82],[38,106]],[[103176,76540],[14,-17],[-15,-42],[-13,52],[14,7]],[[103261,76733],[20,0],[-36,-86],[-2,31],[-38,-18],[-7,38],[48,44],[15,-9]],[[103178,76754],[15,-130],[-70,-92],[5,38],[-16,0],[34,34],[-28,17],[17,93],[-9,32],[52,8]],[[102752,76834],[7,-19],[-40,2],[-2,-47],[-58,27],[18,33],[2,72],[13,-24],[37,35],[23,-79]],[[106382,77123],[29,-30],[-14,-30],[-31,50],[16,10]],[[102825,77031],[28,-2],[-27,-41],[-12,-64],[-11,73],[-18,9],[25,19],[-2,38],[12,-10],[8,90],[-3,-112]],[[102977,77296],[-21,-104],[-26,-42],[-24,1],[3,21],[19,-12],[-10,13],[22,83],[37,40]],[[103871,77535],[10,-15],[-28,7],[18,8]],[[103051,77523],[7,-14],[-26,-34],[-21,28],[10,81],[27,-17],[3,-44]],[[103869,77583],[-17,32],[13,20],[34,-35],[47,26],[-28,-28],[-3,-32],[-19,26],[-27,-9]],[[106281,77703],[12,32],[17,-14],[-13,-33],[-16,15]],[[103975,77709],[-33,11],[25,56],[15,-37],[-7,-30]],[[104123,77795],[-15,-6],[25,61],[7,-46],[-17,-9]],[[102896,77840],[12,4],[-24,-98],[-18,-26],[-17,12],[12,139],[35,-31]],[[106209,77913],[10,13],[-11,-59],[1,46]],[[104789,78046],[9,-19],[-44,-129],[20,-64],[-76,-50],[-2,39],[-22,22],[9,25],[106,176]],[[102943,78053],[4,-41],[-34,-93],[15,-34],[-28,-29],[8,32],[-14,-8],[1,26],[-7,-26],[-20,7],[28,66],[-12,1],[17,46],[-13,22],[12,49],[47,33],[8,-41],[-12,-10]],[[106258,78154],[8,-65],[-30,27],[1,48],[21,-10]],[[104245,79089],[4,-41],[-18,-32],[-44,30],[6,58],[27,28],[25,-43]],[[105939,80214],[39,3],[-25,-105],[-44,-49],[-49,-17],[40,103],[-9,19],[-22,-11],[-2,58],[90,157],[-18,-158]],[[106301,82828],[-31,-120],[-13,75],[44,45]],[[108218,83673],[18,-24],[-27,-23],[16,30],[-43,30],[36,-13]],[[106893,84662],[-25,-46],[-34,31],[-6,39],[24,24],[41,-48]],[[106802,84836],[-6,-116],[-23,125],[29,-9]],[[102396,73115],[1,-18],[-18,4],[17,14]],[[103198,75455],[14,-23],[-16,-9],[-24,43],[26,-11]],[[104578,78012],[-7,-77],[-9,23],[-25,-32],[-1,29],[-27,10],[5,25],[64,22]],[[102611,73310],[-2,-17],[-18,13],[20,4]],[[101529,71931],[1,-25],[-22,7],[21,18]],[[103103,76329],[-15,-35],[-23,21],[8,22],[22,-22],[8,14]],[[103274,76786],[-7,-37],[-9,35],[12,17],[4,-15]],[[102759,76925],[-6,-34],[-14,8],[-1,35],[12,-22],[-3,23],[12,-10]],[[102777,76960],[-5,-44],[-19,36],[24,8]],[[102802,76976],[-2,-33],[-18,16],[5,35],[15,-18]],[[102837,77226],[-2,-33],[-18,8],[20,25]],[[104154,77774],[-25,-35],[5,44],[20,-9]],[[104036,77788],[0,-23],[-17,19],[17,4]],[[104097,77838],[-2,-34],[-22,-4],[24,38]],[[105470,79639],[-34,-35],[-14,30],[48,5]],[[41200,85678],[-6,-23],[-24,5],[30,18]],[[41159,85742],[8,-34],[-36,-38],[-13,35],[23,49],[-20,85],[7,56],[3,-29],[35,-25],[-9,-40],[-24,3],[26,-62]],[[55034,97948],[-142,-62],[13,-58],[-76,-51],[35,-9],[0,-30],[74,-7],[44,20],[35,-45],[-12,-69],[-80,-79],[35,22],[-7,-43],[159,34],[-22,-38],[40,-31],[-27,-10],[-68,-97],[80,95],[43,-14],[-19,21],[73,-34],[53,6],[27,-61],[34,21],[26,-26],[-21,-86],[-55,-8],[36,-23],[-92,-28],[106,15],[39,-29],[-28,-25],[-127,-13],[136,0],[-40,-39],[40,-21],[35,43],[6,-57],[-48,-59],[-51,4],[-78,56],[2,-28],[-68,-2],[105,-13],[73,-56],[-118,5],[95,-50],[-66,-11],[42,-23],[-58,2],[-11,-52],[-86,-9],[-69,61],[79,-94],[-72,4],[28,-30],[-55,-9],[14,-25],[62,31],[-65,-124],[-69,-15],[60,21],[-48,9],[-79,-68],[24,-26],[-17,-11],[-59,23],[-40,-21],[6,21],[-27,21],[-11,-19],[-15,41],[-35,18],[36,-38],[-11,-40],[-198,-81],[-159,-150],[-104,-26],[-4,-39],[-31,40],[-9,-37],[-5,38],[-12,-49],[-1,83],[-12,-77],[-67,11],[-118,-40],[4,23],[-14,-26],[-43,-26],[32,26],[-30,22],[-84,-66],[57,-3],[-57,-31],[36,-8],[-35,-54],[-77,-32],[26,39],[-66,9],[17,-52],[27,-1],[-182,-42],[-185,26],[-149,69],[-150,-3],[-121,105],[17,32],[62,-19],[-43,35],[10,30],[-55,-76],[-65,37],[55,-4],[-36,9],[10,51],[-44,-51],[-117,59],[-9,35],[50,9],[-64,4],[-20,-22],[29,-21],[-46,0],[-6,-22],[-322,9],[-118,-32],[-14,49],[32,37],[-31,16],[9,69],[61,-66],[159,45],[26,15],[-24,23],[40,7],[-44,22],[82,-13],[-6,21],[38,13],[-75,26],[58,70],[104,12],[-2,21],[-61,3],[-110,-66],[-46,11],[80,47],[-62,9],[24,62],[65,24],[-13,13],[38,30],[69,-26],[-62,30],[57,22],[-64,-13],[14,22],[-116,-89],[-9,26],[-42,-66],[-31,17],[4,55],[-31,-12],[-35,69],[26,-15],[59,61],[-71,-40],[27,49],[-39,8],[10,35],[-83,-35],[-5,22],[-35,0],[13,-17],[-169,35],[-70,-23],[-33,16],[-39,-49],[-54,-10],[-75,104],[70,24],[71,-20],[80,43],[44,-25],[32,59],[27,-4],[-25,-38],[18,-22],[29,59],[26,-16],[75,56],[-11,-31],[57,-29],[-17,21],[28,24],[239,-11],[20,108],[-89,-58],[-174,34],[33,6],[-31,4],[41,52],[244,116],[-94,-9],[-4,43],[-24,-15],[-18,28],[-46,-59],[-44,36],[74,31],[19,35],[-124,-56],[-22,79],[0,-46],[-15,-16],[-14,19],[-8,-23],[-8,60],[-26,3],[9,-80],[-52,25],[29,37],[-18,11],[-17,-32],[-16,27],[-10,-37],[-66,16],[-16,-56],[-59,17],[-163,-69],[-29,9],[0,35],[-184,21],[78,82],[137,-73],[28,8],[-93,73],[93,-26],[-91,60],[-4,62],[155,-62],[22,-58],[92,41],[-58,2],[-27,26],[98,11],[19,26],[-180,-5],[-45,63],[21,32],[197,-52],[-122,39],[-79,66],[21,41],[107,-29],[18,-26],[-16,30],[-82,51],[91,-13],[-68,30],[46,37],[103,-36],[15,-44],[27,20],[16,-47],[-27,-42],[43,52],[9,-26],[21,9],[-34,-47],[40,36],[1,-58],[18,86],[27,4],[35,-52],[-23,-87],[43,89],[32,-31],[-3,-50],[23,46],[-41,69],[35,42],[-36,-13],[-126,52],[-37,47],[76,17],[66,-25],[61,34],[-59,0],[18,29],[-73,-17],[34,48],[-71,-34],[-4,26],[-35,-36],[-53,11],[-30,23],[55,23],[-37,25],[87,-5],[-26,27],[34,0],[51,-30],[40,29],[45,-25],[3,24],[76,-80],[-5,-43],[79,4],[19,-21],[-22,-17],[80,-17],[27,-103],[40,47],[4,-45],[62,-3],[10,-20],[-96,-17],[102,-16],[-9,-79],[-49,-26],[48,-17],[-37,-32],[-46,2],[-35,48],[-31,-1],[56,-79],[65,-3],[-23,-47],[54,25],[1,-50],[-52,-47],[53,21],[35,-27],[40,-170],[-3,175],[61,-64],[-24,102],[23,60],[81,58],[10,-87],[12,22],[45,-60],[15,34],[-34,17],[40,13],[8,-43],[39,85],[-60,229],[14,38],[105,25],[71,-141],[57,-21],[26,-75],[58,-15],[1,205],[105,31],[26,-22],[-3,59],[41,17],[8,-24],[31,32],[7,-39],[38,18],[11,-50],[38,-5],[1,-68],[64,-15],[44,-52],[51,-139],[-1,116],[-77,116],[0,103],[128,-17],[121,-151],[-9,39],[27,9],[-39,4],[53,0],[13,-21],[21,85],[68,78],[51,-14],[23,-55],[55,24],[2,-23],[17,20],[35,-30],[-30,43],[52,21],[-31,-21],[36,9],[30,-22],[-39,227],[37,8],[6,-24],[16,21],[17,-21],[97,34],[44,-26],[-16,-44],[77,-18],[-23,-66],[25,-35],[57,-4],[50,-49],[16,70],[74,11],[61,67],[120,-1]],[[17189,41135],[10,-56],[-14,26],[4,30]],[[13169,44085],[12,-14],[-12,-17],[9,14],[-9,17]],[[8671,45849],[5,-22],[-10,37],[5,-15]],[[11246,46749],[-3,-18],[-5,41],[8,-23]],[[10152,41740],[6,-24],[-18,1],[12,23]],[[14963,41890],[26,22],[-14,-35],[-12,13]],[[13083,42804],[23,-30],[-19,-4],[-4,34]],[[13081,45233],[-36,-49],[-17,3],[18,64],[53,41],[-18,-59]],[[10251,45264],[12,-44],[-14,-42],[-28,15],[-24,79],[-34,-26],[-42,14],[-19,115],[38,35],[44,-12],[17,-29],[10,-93],[40,-12]],[[10047,45431],[-15,-64],[-34,47],[49,17]],[[9645,45867],[9,-20],[-11,-13],[-9,20],[11,13]],[[9488,45886],[16,-6],[26,-69],[-42,-20],[0,95]],[[9638,45905],[7,-20],[-14,-16],[7,36]],[[9495,45954],[-2,-28],[-26,24],[2,26],[21,9],[5,-31]],[[11182,46281],[16,-4],[0,-31],[-18,10],[2,25]],[[13739,49839],[21,-9],[0,-63],[-16,0],[-5,72]],[[13612,50169],[11,-14],[-27,-58],[-5,47],[21,25]],[[13693,50268],[-18,-37],[-52,-2],[-4,-31],[-28,15],[-10,35],[53,50],[24,-30],[35,0]],[[13281,50530],[16,-13],[-21,-65],[-22,48],[27,30]],[[13468,50805],[2,-17],[-36,-27],[-5,37],[12,24],[27,-17]],[[13290,50843],[10,-46],[-12,12],[-43,-47],[-25,81],[14,27],[63,-5],[-7,-22]],[[13076,51350],[-11,-9],[6,41],[23,2],[-18,-34]],[[11881,39096],[-18,-34],[0,46],[18,-12]],[[14533,44740],[-55,60],[49,-35],[6,-25]],[[12449,45333],[-21,55],[27,-41],[-6,-14]],[[12180,45929],[-23,28],[-32,2],[37,1],[18,-31]],[[12036,46010],[-38,56],[24,-10],[14,-46]],[[10630,46976],[-43,47],[29,-9],[14,-38]],[[11578,47186],[-21,-25],[10,51],[-9,-45],[20,19]],[[11225,47289],[6,26],[-11,13],[13,-13],[-8,-26]],[[11642,47281],[38,58],[-38,-15],[41,19],[-41,-62]],[[11362,47371],[-23,13],[26,2],[-3,-15]],[[83147,25340],[-36,26],[28,2],[29,-50],[-21,22]],[[82764,25464],[-50,0],[16,18],[34,-18]],[[83029,25554],[-19,5],[48,25],[-29,-30]],[[82897,25688],[59,64],[-19,-34],[32,6],[-33,-88],[-35,-11],[-4,63]],[[82988,25752],[-21,35],[39,-18],[-18,-17]],[[83348,25565],[-9,-78],[-19,-31],[-35,12],[-16,-26],[51,-38],[-59,0],[-15,50],[-34,13],[-106,-7],[34,-26],[7,-25],[-16,-7],[-27,32],[0,-38],[-41,30],[40,-80],[108,-54],[-29,62],[82,-7],[9,-27],[-53,-28],[37,-22],[-10,-20],[-59,-18],[-71,22],[-39,113],[-15,-1],[4,-22],[-22,19],[25,-48],[-17,-52],[-64,21],[-32,41],[-31,2],[-18,47],[2,-53],[-30,36],[3,-68],[-22,52],[6,-65],[-26,-41],[-64,-5],[-23,27],[20,119],[26,33],[-11,40],[-21,1],[39,49],[-29,-10],[-24,72],[15,-10],[41,38],[-44,8],[17,13],[-34,21],[2,19],[24,-4],[-5,55],[30,-6],[-37,81],[35,14],[20,95],[20,11],[20,-3],[13,-42],[-69,-105],[81,87],[12,-11],[-26,-23],[18,0],[0,-23],[-28,-38],[-26,-115],[22,-13],[13,74],[36,-80],[74,66],[5,-46],[46,85],[9,-39],[-16,-21],[29,-9],[-25,-17],[21,-21],[-81,6],[-39,-44],[63,20],[-31,-19],[51,-40],[-41,-18],[105,18],[-48,-35],[44,-3],[25,33],[4,-21],[52,81],[44,24],[35,-23],[47,65],[62,-27],[9,-54]],[[77122,27323],[12,-21],[-15,-26],[-40,8],[-16,37],[27,32],[32,-30]],[[76570,27518],[31,13],[8,-45],[-30,1],[-9,31]],[[85661,32680],[24,-13],[-3,-31],[-20,7],[-1,37]],[[73312,42387],[-4,-24],[-10,2],[-1,25],[10,1],[-1,-20],[6,16]],[[75346,50509],[10,-15],[-23,-28],[-52,-15],[-22,-2],[-9,42],[38,-24],[49,24],[-7,30],[16,-12]],[[78309,53451],[-11,13],[29,48],[0,-40],[24,-34],[3,-77],[-45,90]],[[78414,53657],[-13,22],[36,-22],[-9,-17],[-14,17]],[[117442,57210],[-9,-3],[53,23],[-44,-20]],[[8017,52852],[14,-6],[-25,10],[11,-4]],[[8313,53835],[23,9],[-4,-39],[-19,30]],[[2768,54595],[-11,7],[16,-8],[10,-17],[2,4],[-9,31],[-4,8],[-18,4],[2,18],[22,-24],[6,-19],[2,-18],[0,-8],[-18,22]],[[118291,55196],[-1,-31],[-12,65],[13,-34]],[[118114,55470],[1,-60],[-16,-11],[3,31],[8,10],[-6,-36],[10,22],[0,44]],[[118430,55534],[3,-34],[-25,65],[22,-31]],[[118017,55616],[4,-38],[-21,81],[17,-43]],[[117921,55925],[2,-69],[-7,108],[5,-39]],[[117908,55976],[8,-10],[-27,32],[19,-22]],[[117706,56651],[30,-44],[-39,35],[9,9]],[[117455,56975],[-29,-83],[27,80],[-27,39],[29,-36]],[[117441,57483],[1,-22],[-3,-16],[-12,-3],[10,6],[4,14],[-3,42],[3,-21]],[[117423,57548],[14,-38],[-29,76],[15,-38]],[[7588,57474],[4,-28],[-23,-3],[-106,94],[-4,28],[19,12],[-6,-38],[37,-18],[-16,26],[9,13],[12,-26],[-3,44],[13,-17],[9,28],[-51,49],[28,-3],[38,-30],[-12,-70],[52,-61]],[[117346,58269],[46,25],[-39,-38],[-7,13]],[[6891,58796],[12,-34],[-20,-22],[-17,22],[22,-9],[2,20],[-21,45],[-14,-13],[9,-30],[-15,13],[12,45],[30,-37]],[[117526,57643],[-8,7],[-3,-30],[1,29],[6,10],[13,-51],[-4,-10],[-16,8],[1,12],[16,-12],[-6,37]],[[116295,60003],[22,89],[26,44],[-48,-133]],[[116895,60823],[-53,-27],[-66,55],[63,-50],[56,22]],[[116018,60947],[24,0],[-51,8],[27,-8]],[[39586,63071],[-10,-10],[6,-93],[-9,-16],[6,-72],[21,-40],[-14,-52],[2,-69],[-65,-40],[-144,-11],[-56,18],[-45,-18],[86,80],[14,40],[40,-4],[15,26],[-9,218],[-59,48],[100,60],[153,21],[-32,-86]],[[39743,63479],[-1,-53],[-90,-77],[-15,13],[56,83],[50,34]],[[39383,64020],[-6,-107],[-22,-26],[-31,4],[39,142],[20,-13]],[[39444,64170],[-22,-9],[22,56],[0,-47]],[[39522,64535],[-16,-39],[-12,9],[28,30]],[[39531,64603],[-37,44],[3,47],[27,56],[15,-4],[6,-41],[-14,-102]],[[40110,64612],[-27,-64],[-38,23],[-8,144],[17,7],[19,-65],[37,-45]],[[39624,65144],[-1,-110],[-21,-75],[-40,53],[-1,51],[48,145],[15,-64]],[[39466,65891],[-42,209],[7,62],[53,-35],[17,-66],[0,-118],[-35,-52]],[[39205,66857],[-1,-39],[-23,4],[6,82],[18,-47]],[[39293,67048],[-4,32],[23,43],[53,-56],[-10,0],[4,-32],[-17,4],[-1,-29],[-38,12],[-10,26]],[[39308,67389],[-12,61],[14,-48],[-2,71],[28,-37],[8,-60],[-14,-17],[-22,30]],[[39055,67144],[17,-12],[0,-49],[-22,-1],[5,62]],[[39038,67184],[1,-31],[-19,45],[-43,26],[-7,40],[11,14],[34,-36],[23,-58]],[[38403,67488],[-112,-43],[6,58],[35,11],[27,-30],[44,4]],[[38355,67858],[-1,-25],[-32,16],[18,28],[29,-23],[-14,4]],[[38299,67841],[-57,24],[39,8],[-8,13],[36,-44],[-10,-1]],[[38975,67570],[-9,29],[25,-8],[-16,-21]],[[37306,67715],[-6,-38],[-21,26],[27,12]],[[38140,67715],[-45,-17],[-32,22],[60,30],[41,-21],[-24,-14]],[[38163,67818],[-18,39],[26,-11],[-8,-28]],[[38047,67818],[8,-40],[-44,-20],[-31,-98],[-36,-35],[-89,-30],[-2,22],[-68,-5],[-18,27],[-51,-18],[-50,24],[-52,-46],[-46,27],[-37,-4],[-2,-19],[-10,37],[17,18],[-13,20],[17,93],[-39,99],[37,37],[-4,41],[23,23],[65,-24],[174,4],[79,-14],[12,-30],[16,10],[-20,23],[76,-12],[65,-52],[25,11],[-2,-69]],[[38919,67814],[11,2],[-9,-30],[-55,-36],[53,64]],[[38377,67897],[-26,-12],[24,41],[42,-7],[-40,-22]],[[38462,67945],[-21,-24],[10,43],[29,0],[-18,-19]],[[38477,68097],[-24,13],[29,1],[17,-29],[-22,15]],[[34509,67651],[25,-60],[-58,-35],[-80,5],[-35,49],[-41,-6],[36,8],[-42,27],[-31,-100],[-32,8],[-8,34],[-26,-12],[-11,-64],[-14,-4],[25,-5],[3,-34],[-15,-4],[-80,99],[-104,-4],[-36,59],[-2,42],[-37,10],[-31,95],[-61,5],[-47,46],[13,61],[35,51],[86,-1],[23,47],[209,-37],[45,-31],[81,0],[37,-83],[144,-76],[29,-90]],[[32888,68492],[16,-12],[-6,-25],[-93,-20],[-10,67],[13,11],[9,-54],[26,16],[-5,26],[50,-9]],[[33254,68711],[24,0],[-50,-29],[26,29]],[[33309,68711],[48,20],[-56,-35],[8,15]],[[38364,76656],[7,-24],[-18,0],[10,-10],[-44,-49],[-22,1],[-1,29],[16,-28],[52,81]],[[84408,23104],[25,-4],[-112,-44],[-37,95],[-42,34],[20,13],[27,-35],[7,17],[9,-22],[46,6],[57,-60]],[[56577,31098],[0,-31],[-38,42],[26,18],[12,-29]],[[55785,33152],[38,-13],[-28,-37],[-19,28],[9,22]],[[57976,46405],[18,5],[4,-39],[-36,-33],[-8,20],[22,47]],[[55103,51431],[21,-38],[-37,-18],[5,53],[11,3]],[[79105,43703],[-4,-70],[-37,-90],[-98,-18],[-23,40],[19,18],[12,134],[30,38],[12,69],[23,30],[28,-11],[38,-140]],[[80995,44045],[-2,-28],[-34,-28],[-12,19],[19,32],[29,5]],[[74446,48661],[23,-40],[-64,12],[-10,72],[51,-44]],[[74692,48708],[-6,-93],[-42,81],[-59,57],[55,-12],[13,59],[18,13],[21,-105]],[[74339,48965],[10,-37],[-20,-32],[-22,45],[-33,20],[-18,49],[19,232],[27,12],[13,-25],[-6,-128],[30,-136]],[[62102,56625],[21,-44],[4,-55],[-32,-89],[-45,-52],[-18,152],[20,51],[50,37]],[[62362,57418],[-21,-89],[-23,21],[18,80],[26,-12]],[[51661,65702],[7,-36],[-12,-24],[-13,39],[18,21]],[[51796,65713],[-1,-34],[-25,-30],[-24,14],[-26,54],[12,42],[42,34],[22,-80]],[[52076,65779],[-13,-65],[-12,-7],[-61,38],[-26,73],[14,93],[-10,49],[26,1],[2,-30],[62,-87],[18,-65]],[[52185,65960],[6,-88],[-28,-31],[-21,33],[2,51],[21,48],[20,-13]],[[52334,66462],[0,-32],[-42,-48],[-22,-1],[-30,43],[17,45],[-1,75],[21,-24],[43,4],[14,-62]],[[51873,66775],[11,-32],[-79,16],[-18,-66],[-35,98],[23,27],[98,-43]],[[52251,66762],[-20,140],[23,28],[13,-105],[-16,-63]],[[51589,66951],[15,-28],[-5,-22],[-33,-18],[-35,25],[39,61],[19,-18]],[[51547,67039],[-47,-67],[-37,-7],[-20,87],[85,88],[44,-56],[-25,-45]],[[51638,66893],[29,-37],[-18,-5],[-11,42]],[[64719,78849],[-7,-56],[-35,14],[-26,33],[-8,61],[19,12],[-10,-12],[67,-52]],[[64622,78965],[25,-26],[-49,0],[-1,19],[25,7]],[[59186,87223],[21,-16],[-1,-40],[-38,21],[-32,-13],[-3,48],[53,0]],[[59021,87369],[26,8],[-11,-44],[-45,-3],[30,39]],[[58345,90227],[-59,4],[26,99],[60,91],[54,33],[19,-83],[-100,-144]],[[66625,94038],[-4,-51],[-23,27],[8,29],[12,-26],[7,21]],[[66412,94088],[11,-40],[-27,25],[-15,-39],[-1,64],[17,14],[15,-24]],[[66675,94116],[-12,-43],[-15,35],[27,8]],[[66805,94095],[-11,34],[22,-13],[-11,-21]],[[66602,94090],[-16,-36],[-24,18],[33,31],[-44,-34],[-11,77],[-2,-82],[-34,22],[32,-39],[11,13],[2,-49],[-34,-9],[0,-23],[-13,34],[-49,-17],[-38,120],[14,-17],[36,38],[5,-68],[27,72],[13,-15],[-15,39],[-10,-20],[-27,27],[35,31],[15,-30],[55,-1],[30,-43],[32,-5],[-23,-34]],[[66735,93977],[-7,-23],[-29,3],[15,27],[21,-7]],[[66706,93979],[-18,6],[22,10],[-4,-16]],[[66791,94154],[-15,-8],[10,34],[5,-26]],[[66626,93935],[19,27],[36,-16],[-47,-26],[-8,15]],[[66543,93989],[44,15],[8,-70],[-52,55]],[[57665,94824],[-72,66],[-30,79],[17,12],[-1,-33],[66,-17],[-30,-8],[43,-47],[-36,-9],[34,-5],[9,-38]],[[57679,95090],[-16,-47],[-28,47],[-41,11],[-13,44],[98,-55]],[[57423,95261],[-16,34],[34,-12],[38,22],[59,-48],[-55,-43],[-6,29],[1,-20],[-55,38]],[[57476,95309],[9,90],[41,-15],[25,-67],[50,-26],[-18,-25],[30,1],[11,-24],[-22,-7],[43,-13],[5,-56],[-174,142]],[[57532,95384],[-7,19],[49,9],[7,-60],[-2,26],[33,8],[26,-20],[-16,-19],[59,-18],[-38,-7],[52,-35],[-34,9],[25,-21],[-21,-35],[-33,76],[-19,6],[24,-57],[-72,56],[-33,63]],[[57704,95322],[0,112],[18,-47],[32,-22],[-36,-5],[30,-38],[-39,24],[-5,-24]],[[57688,95383],[-3,-17],[-23,70],[26,-53]],[[57665,95367],[-1,-17],[-40,90],[41,-73]],[[57747,95405],[-5,-21],[-20,12],[-19,56],[44,-47]],[[92102,48740],[-11,1],[-3,33],[14,-34]],[[95043,49836],[-4,-84],[-10,30],[-26,1],[3,39],[20,-10],[17,24]],[[83986,51745],[-11,-30],[-3,68],[-22,34],[25,-30],[0,-68],[11,26]],[[83992,51811],[-2,-52],[-13,84],[15,-32]],[[94463,57241],[14,-11],[-10,-25],[-45,-42],[-66,35],[23,67],[41,11],[43,-35]],[[115761,38195],[-6,-39],[-13,8],[0,44],[19,-13]],[[7340,42667],[16,-31],[-24,2],[8,29]],[[7416,43989],[-5,-56],[-7,32],[12,24]],[[6720,43100],[19,-10],[0,-33],[-35,13],[16,30]],[[7547,43746],[-9,-13],[-3,20],[12,-7]],[[7292,43847],[-12,-14],[-6,25],[18,-11]],[[2010,44740],[14,-37],[-12,4],[-13,-53],[-7,47],[-6,-21],[-14,19],[38,41]],[[1692,43034],[-2,-102],[-21,40],[23,62]],[[1642,43139],[4,-19],[-32,-71],[-59,59],[-13,37],[20,32],[-12,-25],[33,-7],[6,-36],[53,30]],[[1876,43967],[18,22],[-5,-33],[-13,11]],[[1640,44023],[4,-56],[-14,33],[10,23]],[[1894,44010],[16,31],[-4,-41],[-12,10]],[[1909,44074],[4,-14],[-15,38],[11,-24]],[[1453,46624],[5,-26],[-17,-13],[-5,25],[17,14]],[[618,47448],[32,-47],[-37,9],[-9,36],[14,2]],[[1279,48096],[10,-34],[-11,-54],[-14,37],[15,51]],[[2594,47856],[9,-55],[-15,-78],[-26,22],[-75,-22],[-86,178],[146,36],[47,-81]],[[2806,47633],[32,-13],[9,-52],[-104,1],[-57,31],[-46,73],[33,42],[43,7],[83,-48],[7,-41]],[[113272,49019],[26,-37],[-32,-31],[-66,99],[-5,33],[-34,-12],[-29,38],[-19,-5],[-18,61],[11,26],[28,-21],[138,-151]],[[113040,49298],[16,-21],[-25,25],[9,-4]],[[113684,49936],[-4,41],[13,-29],[-9,-12]],[[113895,49590],[-88,0],[-33,34],[-73,22],[-73,112],[-16,-5],[7,39],[-18,21],[6,65],[-75,25],[5,74],[68,-28],[110,-123],[43,4],[15,-23],[35,13],[58,-147],[-6,-77],[35,-6]],[[113763,50200],[-17,82],[17,21],[0,-103]],[[113569,50474],[-14,47],[64,-167],[4,-116],[-23,61],[-13,-27],[-16,41],[-2,161]],[[113380,50208],[-10,-29],[-51,-33],[-70,30],[-38,46],[-161,13],[-37,55],[-41,116],[5,142],[43,22],[65,-109],[142,13],[45,-77],[42,-29],[15,-73],[37,-18],[14,-69]],[[113048,50624],[-8,27],[9,17],[-1,-44]],[[113189,50633],[21,61],[33,-44],[-16,-34],[-21,16],[-25,-20],[8,21]],[[112837,50697],[14,21],[-1,-49],[-20,-23],[7,51]],[[113137,50697],[17,42],[37,-12],[14,-33],[-12,-44],[-56,47]],[[112828,50721],[9,-3],[-16,-50],[-16,-9],[-20,31],[25,24],[-7,22],[25,-15]],[[113131,50718],[5,52],[6,-34],[-11,-18]],[[112312,50899],[11,-19],[-9,-20],[-57,47],[33,18],[22,-26]],[[112516,50874],[7,-18],[-21,-21],[-11,25],[18,74],[7,-60]],[[112458,51028],[26,-11],[-23,-41],[18,-4],[-4,-46],[-23,-41],[-27,0],[-26,46],[7,76],[19,-9],[0,30],[18,17],[1,-28],[14,11]],[[112226,50998],[-10,-46],[28,-48],[-33,19],[-37,82],[48,96],[22,-54],[-18,-49]],[[113001,51041],[-9,-20],[-37,43],[3,51],[26,3],[17,-77]],[[113557,50346],[-20,23],[-40,125],[-46,42],[-57,101],[-59,251],[-13,93],[22,31],[-42,106],[3,37],[34,-24],[9,9],[-8,27],[17,-6],[79,-180],[2,-37],[-20,-19],[2,-76],[68,-85],[-3,-24],[29,-72],[-9,-22],[27,-30],[-13,-12],[11,-53],[-14,6],[48,-143],[4,-63],[-11,-5]],[[112148,51187],[10,-39],[-44,90],[26,-7],[8,-44]],[[112176,51178],[-37,81],[30,-16],[7,-65]],[[112044,51324],[10,-36],[-19,17],[9,19]],[[112372,51007],[7,-35],[-21,56],[-59,58],[-4,70],[6,-39],[10,-16],[6,15],[-27,79],[-68,-8],[-16,-39],[-23,13],[-1,62],[30,20],[3,41],[39,88],[20,12],[34,-30],[12,-146],[35,8],[31,-68],[22,-97],[-6,-57],[-30,13]],[[111977,51313],[-7,-79],[-17,68],[4,95],[20,-84]],[[112142,51281],[-34,24],[-19,67],[18,65],[30,16],[26,-38],[11,-57],[-12,-84],[-20,7]],[[112043,51534],[-35,-103],[6,-29],[-20,-5],[-15,84],[-33,53],[-4,57],[35,38],[37,-82],[29,-13]],[[111631,51783],[16,-26],[-7,-12],[-30,5],[21,33]],[[111713,51972],[17,-17],[-5,-32],[-39,-16],[-21,22],[21,78],[27,-35]],[[111814,52036],[11,-8],[-37,-30],[15,49],[-13,31],[10,23],[-5,-28],[19,-37]],[[115408,49078],[20,-43],[-47,-2],[-25,60],[34,18],[22,-12],[-4,-21]],[[115286,49302],[-16,-16],[-10,39],[21,21],[5,-44]],[[115150,49672],[-31,-46],[-40,-6],[-24,-58],[-7,34],[-28,2],[-1,37],[16,27],[7,-33],[18,66],[50,6],[40,-29]],[[112601,51603],[13,-30],[-39,30],[5,-21],[-20,4],[-15,36],[20,11],[36,-30]],[[113058,51039],[9,-32],[-86,128],[-94,60],[-86,108],[-46,25],[-34,48],[-5,34],[-82,103],[0,53],[-43,58],[-1,28],[100,-38],[111,-195],[40,-5],[31,-47],[34,3],[146,-215],[-12,-38],[-16,-3],[20,-18],[14,-57]],[[112561,51642],[-32,51],[55,-38],[-4,-21],[-19,8]],[[112310,51732],[3,-30],[-48,25],[45,5]],[[112534,51727],[-12,-38],[-18,22],[19,27],[11,-11]],[[112365,51730],[7,-41],[-39,16],[14,40],[18,-15]],[[112283,51777],[-27,-62],[-41,25],[-3,34],[-13,-21],[-53,18],[-20,46],[-14,-9],[-109,242],[-75,102],[-3,65],[31,12],[78,-103],[87,-76],[26,-53],[22,-124],[31,-21],[35,-69],[42,14],[6,-20]],[[113316,51427],[4,-22],[-13,24],[9,-2]],[[115185,49940],[9,-5],[-14,-24],[0,61],[5,-32]],[[111956,51489],[3,-16],[-13,0],[10,16]],[[84345,59027],[-12,-51],[-26,15],[27,1],[11,35]],[[115413,56062],[0,-38],[-11,17],[11,21]],[[114111,59715],[-2,-43],[-34,9],[25,55],[11,-21]],[[112536,60715],[16,-37],[-11,-8],[3,-36],[-45,-4],[-15,87],[16,24],[36,-26]],[[110307,60994],[16,2],[2,-32],[-25,5],[18,14],[-11,11]],[[110402,61041],[14,0],[-20,-21],[6,21]],[[105850,62367],[4,-34],[-20,0],[-25,-68],[19,96],[8,-16],[14,22]],[[50813,19129],[39,13],[-6,-21],[-33,8]],[[50788,19142],[9,-21],[-35,25],[26,-4]],[[51020,19412],[44,-17],[-44,-18],[0,35]],[[51143,19769],[5,-39],[-70,45],[8,26],[40,2],[17,-34]],[[51089,20160],[-30,25],[18,21],[34,-30],[-22,-16]],[[50847,20872],[19,-19],[-34,-8],[15,27]],[[50694,21112],[28,5],[-14,-23],[-14,18]],[[47543,22256],[21,-23],[-22,-5],[1,28]],[[47934,22117],[41,-48],[-51,-28],[-56,28],[61,-55],[-64,-20],[-128,234],[-43,-3],[-60,42],[-25,70],[-43,-4],[-46,54],[-83,-8],[27,25],[-30,30],[58,21],[-97,9],[-2,-17],[-52,-8],[-11,25],[22,22],[-22,4],[36,34],[-139,-8],[0,26],[78,1],[20,22],[16,-19],[102,13],[-27,-30],[13,-12],[67,-12],[34,24],[-9,-52],[48,38],[-5,-42],[35,32],[36,-15],[1,-32],[8,28],[41,-5],[7,-26],[-27,-16],[75,-7],[-62,-58],[62,27],[-2,-70],[20,23],[27,-31],[-13,73],[45,-27],[1,-53],[31,-2],[-7,-32],[56,-44],[-28,-32],[10,-13],[61,10],[-7,-86]],[[40021,23670],[-21,-41],[-12,90],[33,-23],[0,-26]],[[39522,23915],[-8,-28],[-33,23],[41,5]],[[39604,23833],[-32,5],[-36,60],[55,43],[14,-24],[-29,-33],[26,8],[30,58],[-14,-87],[13,0],[-27,-30]],[[39497,24001],[25,-9],[-24,-6],[-4,-32],[-13,17],[16,30]],[[40042,23963],[-85,-136],[-36,-23],[-23,34],[-10,-37],[-55,9],[-3,-61],[-34,-48],[-27,-4],[-33,33],[18,-47],[-32,-31],[-29,27],[14,0],[-17,53],[-43,3],[32,-43],[-25,1],[-80,78],[6,22],[54,-33],[-5,22],[43,13],[-34,34],[104,-28],[42,57],[-66,-12],[42,8],[11,82],[25,9],[-12,-17],[15,3],[8,-42],[13,68],[25,-20],[13,13],[1,34],[-52,-1],[-71,-51],[-25,75],[55,-19],[80,29],[48,-25],[-142,110],[-1,23],[36,-5],[-2,16],[-69,29],[-12,42],[164,-86],[55,13],[-31,13],[22,45],[7,-24],[41,22],[36,-26],[-22,-4],[9,-13],[105,34],[-32,-30],[15,-10],[48,15],[-17,20],[8,39],[55,-31],[14,-16],[-22,-22],[15,1],[-46,-30],[-5,-60],[-45,-17],[-36,-77]],[[39953,24237],[-21,-26],[-20,30],[41,-4]],[[39863,24181],[-40,5],[12,22],[47,-6],[-59,61],[28,-26],[44,2],[8,-29],[-23,-37],[-17,8]],[[40646,23992],[27,5],[-86,-41],[-89,-2],[38,-22],[-70,-22],[57,9],[-78,-51],[-112,1],[-61,59],[-10,-36],[53,-61],[59,-10],[-3,-88],[-49,49],[-45,-45],[-23,45],[-48,29],[-44,-5],[-9,-18],[32,-2],[30,-26],[-11,-16],[22,-5],[-25,-29],[39,-1],[-21,-17],[17,-25],[-12,-12],[-46,16],[-48,57],[-13,-25],[-17,8],[9,-47],[26,-15],[4,-63],[-80,71],[8,18],[-22,2],[-33,56],[27,-6],[23,38],[-20,31],[25,-5],[-12,21],[23,13],[-27,25],[39,-8],[0,56],[37,7],[56,79],[50,13],[5,-82],[17,8],[0,99],[-59,46],[19,45],[27,-52],[7,17],[-11,29],[18,1],[-46,33],[9,27],[78,34],[-30,69],[109,-59],[17,23],[56,-11],[25,-65],[-32,-14],[-25,34],[-6,-60],[33,9],[1,-45],[39,-5],[24,-60],[-2,38],[21,-12],[-23,32],[8,21],[-19,-2],[-11,30],[-17,-14],[23,51],[128,29],[46,-74],[-3,-30],[-85,24],[1,-20],[-39,-4],[122,-48],[-2,-22],[-38,-12],[28,-13]],[[40003,24249],[-18,21],[71,-3],[14,-21],[15,17],[18,-39],[-35,-9],[-65,34]],[[39996,23596],[26,14],[-17,-34],[33,-6],[-17,-24],[-42,30],[17,20]],[[40446,23804],[-15,-26],[11,-41],[-39,47],[43,20]],[[40026,23822],[-13,-7],[7,24],[6,-17]],[[40004,24221],[49,-33],[-42,-18],[-1,23],[-34,14],[28,14]],[[39742,24249],[2,-20],[-23,33],[21,-13]],[[39568,24382],[-23,4],[2,23],[21,-27]],[[116378,43755],[20,-32],[-9,-30],[-45,19],[6,41],[28,2]],[[116243,44161],[23,-22],[-22,-81],[-53,49],[-20,55],[9,93],[31,17],[7,-88],[25,-23]],[[116211,44510],[-21,-40],[-95,77],[6,142],[24,19],[24,-11],[7,-56],[32,-28],[-25,-10],[48,-93]],[[115949,45289],[12,-6],[-13,-52],[-21,-23],[-32,-2],[-15,27],[-11,-8],[2,21],[-23,-17],[21,35],[-19,22],[-22,-27],[-12,13],[58,116],[43,-8],[32,-91]],[[115834,45358],[12,37],[18,-3],[-30,-34]],[[115873,45442],[6,20],[11,-40],[-17,20]],[[115896,45680],[-23,-14],[34,27],[-11,-13]],[[115952,45757],[-8,31],[14,11],[-6,-42]],[[115830,45839],[-24,65],[8,85],[15,-4],[19,-69],[17,5],[24,-53],[37,-21],[-2,-30],[-47,39],[-47,-17]],[[115876,46010],[-12,26],[18,0],[-6,-26]],[[115837,46049],[16,30],[-6,-40],[-11,-7],[1,17]],[[115827,46130],[-54,14],[-36,58],[52,34],[34,62],[20,-92],[33,-49],[-14,-24],[-35,-3]],[[115704,46086],[10,-24],[-28,-56],[-46,33],[-33,-54],[-21,8],[-25,125],[-3,109],[-17,49],[-30,-34],[-29,54],[13,121],[14,14],[36,-26],[21,-111],[24,-30],[0,20],[5,-38],[16,0],[79,-108],[6,-84],[8,32]],[[115502,46504],[-39,30],[2,46],[46,-7],[-9,-69]],[[115486,46637],[12,2],[0,-45],[-28,13],[16,30]],[[115828,46650],[28,-248],[-5,-39],[-17,-10],[-28,207],[11,124],[11,-34]],[[115746,46729],[-34,-58],[-55,22],[44,81],[66,24],[-21,-69]],[[115474,46997],[-9,22],[21,-17],[-12,-5]],[[115798,46987],[5,40],[27,-182],[-4,-118],[-16,0],[-12,260]],[[115480,46639],[-21,-36],[-56,4],[-31,-45],[-20,19],[0,41],[-46,111],[11,105],[-42,242],[11,116],[18,7],[25,-91],[20,-24],[22,-214],[36,3],[14,32],[1,96],[39,14],[-14,-60],[16,-73],[18,8],[-1,-76],[17,-35],[-6,-38],[25,-82],[-36,-24]],[[115605,47513],[29,-30],[-14,-69],[-53,-4],[2,69],[36,34]],[[115584,47652],[-21,88],[33,44],[34,-93],[-35,-19],[0,-35],[-11,15]],[[115667,47839],[4,-30],[-26,-16],[22,46]],[[115543,47908],[14,-5],[-5,-22],[-17,10],[1,29],[14,-1],[-7,-11]],[[115292,48079],[23,4],[-10,-24],[-13,20]],[[115292,48131],[-7,-22],[-8,12],[-3,66],[13,-9],[5,-47]],[[3376,44491],[23,-65],[-39,-46],[-17,35],[6,46],[27,30]],[[3130,47435],[-52,-69],[-28,35],[44,37],[36,-3]],[[3505,47461],[6,-20],[-19,-10],[-13,22],[26,8]],[[104546,60801],[3,-34],[-15,-23],[12,57]],[[104610,60938],[-24,-44],[-14,9],[0,21],[17,-16],[13,44],[8,-14]],[[104612,60981],[17,-32],[-14,22],[-10,-11],[7,21]],[[104671,61204],[4,-80],[-19,-130],[-25,-16],[-13,70],[15,10],[-7,26],[15,46],[26,18],[-5,63],[9,-7]],[[103505,58278],[16,1],[-17,-19],[1,18]],[[104509,60682],[-7,31],[11,-6],[-4,-25]],[[108077,64913],[22,-34],[-56,-104],[-16,-107],[-18,-2],[-19,116],[53,53],[18,73],[16,5]],[[108183,65252],[29,0],[-27,-45],[-30,12],[28,33]],[[108330,65810],[7,-56],[-14,-43],[-16,64],[23,35]],[[108377,65932],[12,-3],[-28,-79],[4,-25],[-22,4],[4,63],[30,40]],[[108351,66621],[-14,-18],[-13,16],[27,2]],[[108371,67753],[18,-4],[4,-25],[-39,-47],[17,76]],[[108335,68097],[-10,39],[19,13],[7,-37],[-16,-15]],[[108198,68902],[-4,26],[12,-12],[-8,-14]],[[76707,72806],[6,-28],[-17,-2],[31,-31],[-27,-223],[-32,106],[7,56],[-13,82],[6,36],[39,4]],[[76644,72764],[9,-35],[-13,2],[4,33]],[[76712,72829],[18,-2],[6,-46],[-24,48]],[[76770,72480],[8,6],[-14,-95],[6,89]],[[97647,70250],[14,-1],[-3,-33],[-11,34]]],"transform":{"scale":[0.003006062225488067,0.0015966060454336473],"translate":[-179.99999999999991,-89.99999999999994]},"objects":{"countries":{"type":"GeometryCollection","geometries":[{"arcs":[[[0,1]],[[2,3,4,5]],[[6,7]],[[8,9]],[[10]],[[11]],[[12]],[[13]],[[14]],[[15]],[[16]],[[17]],[[18]],[[19]],[[20]],[[21]],[[22]],[[23]],[[24]],[[25]],[[26]],[[27]],[[28]],[[29]],[[30]],[[31]],[[32]],[[33]],[[34]],[[35]],[[36]],[[37]],[[38]],[[39]],[[40]],[[41]],[[42]],[[43]],[[44]],[[45]],[[46]],[[47]],[[48]],[[49]],[[50]],[[51]],[[52]],[[53]],[[54]],[[55]],[[56]],[[57]],[[58]],[[59]],[[60]],[[61]],[[62]],[[63]],[[64]],[[65]],[[66]],[[67]],[[68]],[[69]],[[70]],[[71]],[[72]],[[73]],[[74]],[[75]],[[76]],[[77]],[[78]],[[79]],[[80]],[[81]],[[82]],[[83]],[[84]],[[85]],[[86]],[[87]],[[88]],[[89]],[[90]],[[91]],[[92]],[[93]],[[94]],[[95]],[[96]],[[97]],[[98]],[[99]],[[100]],[[101]],[[102]],[[103]],[[104]],[[105]],[[106]],[[107]],[[108]],[[109]],[[110]],[[111]],[[112]],[[113]],[[114]],[[115]],[[116]],[[117]],[[118]],[[119]],[[120]],[[121]],[[122]],[[123]],[[124]],[[125]],[[126]],[[127]],[[128]],[[129]],[[130]],[[131]],[[132]],[[133]],[[134]],[[135]],[[136]],[[137]],[[138]],[[139]],[[140]],[[141]],[[142]],[[143]],[[144]],[[145]],[[146]],[[147]],[[148]],[[149]],[[150]],[[151]],[[152]],[[153]],[[154]],[[155]],[[156]],[[157]],[[158]],[[159]],[[160]],[[161]],[[162]],[[163]],[[164]],[[165]],[[166]],[[167]],[[168]],[[169]],[[170]],[[171]],[[172]],[[173]],[[174]],[[175]],[[176]],[[177]],[[178]],[[179]],[[180]],[[181]],[[182]],[[183]],[[184]],[[185]],[[186]],[[187]],[[188]],[[189]],[[190]],[[191]],[[192]],[[193]],[[194]],[[195]],[[196]],[[197]],[[198]],[[199]],[[200]],[[201]],[[202]],[[203]],[[204]],[[205]],[[206]],[[207]],[[208]],[[209]],[[210]],[[211]],[[212]],[[213]],[[214]],[[215]],[[216]],[[217]],[[218]],[[219]],[[220]],[[221]],[[222]],[[223]],[[224]],[[225]],[[226]],[[227]],[[228]],[[229]],[[230]],[[231]],[[232]],[[233]],[[234]],[[235]],[[236]],[[237]],[[238]],[[239]],[[240]],[[241]],[[242]],[[243]],[[244]],[[245]]],"type":"MultiPolygon","properties":{"ISO_A3":"IDN","NAME":"Indonesia","NAME_AR":"إندونيسيا","NAME_EN":"Indonesia","NAME_FR":"Indonésie"}},{"arcs":[[[246,-1]],[[247,248]],[[249,-8,250,251,252,253]],[[254]],[[255]],[[256]],[[257]],[[258]],[[259]],[[260]],[[261]],[[262]],[[263]],[[264]],[[265]],[[266]]],"type":"MultiPolygon","properties":{"ISO_A3":"MYS","NAME":"Malaysia","NAME_AR":"ماليزيا","NAME_EN":"Malaysia","NAME_FR":"Malaisie"}},{"arcs":[[[267,268,269,270,271,272]],[[273,274,275,276]],[[277]],[[278]],[[279]],[[280]],[[281]],[[282]],[[283]],[[284]],[[285]],[[286]],[[287]],[[288]],[[289]],[[290]],[[291]],[[292]],[[293]],[[294]],[[295]],[[296]],[[297]],[[298]],[[299]],[[300]],[[301]],[[302]],[[303]],[[304]],[[305]],[[306]],[[307]],[[308]],[[309]],[[310]],[[311]],[[312]],[[313]],[[314]],[[315]],[[316]],[[317]],[[318]],[[319]],[[320]],[[321]],[[322]],[[323]],[[324]],[[325]],[[326]],[[327]],[[328]],[[329]],[[330]],[[331]],[[332]],[[333]],[[334]],[[335]],[[336]],[[337]],[[338]],[[339]],[[340]],[[341]],[[342]],[[343]],[[344]],[[345]],[[346]],[[347]],[[348]],[[349]],[[350]],[[351]],[[352]],[[353]],[[354]],[[355]],[[356]],[[357]],[[358]],[[359]],[[360]],[[361]],[[362]],[[363]],[[364]],[[365]],[[366]],[[367]],[[368]],[[369]],[[370]],[[371]],[[372]],[[373]],[[374]],[[375]],[[376]],[[377]],[[378]],[[379]],[[380]],[[381]],[[382]],[[383]],[[384]],[[385]],[[386]],[[387]],[[388]],[[389]],[[390]],[[391]],[[392]],[[393]],[[394]],[[395]],[[396]],[[397]],[[398]],[[399]],[[400]],[[401]],[[402]],[[403]],[[404]],[[405]],[[406]],[[407]],[[408]],[[409]],[[410]],[[411]],[[412]],[[413]],[[414]],[[415]],[[416]],[[417]],[[418]],[[419]],[[420]],[[421]],[[422]],[[423]],[[424]],[[425]],[[426]],[[427]],[[428]],[[429]],[[430]]],"type":"MultiPolygon","properties":{"ISO_A3":"CHL","NAME":"Chile","NAME_AR":"تشيلي","NAME_EN":"Chile","NAME_FR":"Chili"}},{"arcs":[[431,432,433,434,-268]],"type":"Polygon","properties":{"ISO_A3":"BOL","NAME":"Bolivia","NAME_AR":"بوليفيا","NAME_EN":"Bolivia","NAME_FR":"Bolivie"}},{"arcs":[[[-273,435,436,437,438,-432]],[[439]]],"type":"MultiPolygon","properties":{"ISO_A3":"PER","NAME":"Peru","NAME_AR":"بيرو","NAME_EN":"Peru","NAME_FR":"Pérou"}},{"arcs":[[[-435,440,441,442,443,444,-271,445,-269]],[[-274,446]],[[-276,447]],[[448]],[[449]],[[450]],[[451]],[[452]]],"type":"MultiPolygon","properties":{"ISO_A3":"ARG","NAME":"Argentina","NAME_AR":"الأرجنتين","NAME_EN":"Argentina","NAME_FR":"Argentine"}},{"arcs":[[453,454,455,456,457,458,459]],"type":"Polygon","properties":{"ISO_A3":"-99","NAME":"Dhekelia","NAME_AR":"ديكيليا كانتونمنت","NAME_EN":"Dhekelia Cantonment","NAME_FR":"Dhekelia"}},{"arcs":[[[-455,460,461,462,463,464,465]],[[466,467,-459]]],"type":"MultiPolygon","properties":{"ISO_A3":"CYP","NAME":"Cyprus","NAME_AR":"قبرص","NAME_EN":"Cyprus","NAME_FR":"Chypre"}},{"arcs":[[[468,469,470,471,472,473,474,475,476,477]],[[478]],[[479]],[[480]],[[481]],[[482]],[[483]],[[484]],[[485]],[[486]],[[487]],[[488]],[[489]],[[490]],[[491]],[[492]],[[493]],[[494]],[[495]],[[496]],[[497]],[[498]]],"type":"MultiPolygon","properties":{"ISO_A3":"IND","NAME":"India","NAME_AR":"الهند","NAME_EN":"India","NAME_FR":"Inde"}},{"arcs":[[[499,500,501,502,503,504,505,506,507,508,509,510,511,512,513,514,-473,515,-471,516,-469]],[[517]],[[518]],[[519]],[[520]],[[521]],[[522]],[[523]],[[524]],[[525]],[[526]],[[527]],[[528]],[[529]],[[530]],[[531]],[[532]],[[533]],[[534]],[[535]],[[536]],[[537]],[[538]],[[539]],[[540]],[[541]],[[542]],[[543]],[[544]],[[545]],[[546]],[[547]],[[548]],[[549]],[[550]],[[551]],[[552]],[[553]],[[554]],[[555]],[[556]],[[557]],[[558]],[[559]],[[560]],[[561]],[[562]],[[563]],[[564]],[[565]],[[566]],[[567]],[[568]]],"type":"MultiPolygon","properties":{"ISO_A3":"CHN","NAME":"China","NAME_AR":"الصين","NAME_EN":"People's Republic of China","NAME_FR":"République populaire de Chine"}},{"arcs":[[569,570,571,572,573,574,575,576,577]],"type":"Polygon","properties":{"ISO_A3":"ISR","NAME":"Israel","NAME_AR":"إسرائيل","NAME_EN":"Israel","NAME_FR":"Israël"}},{"arcs":[[[-570,578,579]],[[580,-575]]],"type":"MultiPolygon","properties":{"ISO_A3":"PSE","NAME":"Palestine","NAME_AR":"فلسطين","NAME_EN":"Palestine","NAME_FR":"Palestine"}},{"arcs":[[581,582,-572]],"type":"Polygon","properties":{"ISO_A3":"LBN","NAME":"Lebanon","NAME_AR":"لبنان","NAME_EN":"Lebanon","NAME_FR":"Liban"}},{"arcs":[[583,584,585,586,587,588,589]],"type":"Polygon","properties":{"ISO_A3":"ETH","NAME":"Ethiopia","NAME_AR":"إثيوبيا","NAME_EN":"Ethiopia","NAME_FR":"Éthiopie"}},{"arcs":[[590,591,592,593,594,-590]],"type":"Polygon","properties":{"ISO_A3":"SSD","NAME":"S. Sudan","NAME_AR":"جنوب السودان","NAME_EN":"South Sudan","NAME_FR":"Soudan du Sud"}},{"arcs":[[595,596,597,-588]],"type":"Polygon","properties":{"ISO_A3":"SOM","NAME":"Somalia","NAME_AR":"الصومال","NAME_EN":"Somalia","NAME_FR":"Somalie"}},{"arcs":[[[-589,-598,598,599,600,-591]],[[601]]],"type":"MultiPolygon","properties":{"ISO_A3":"KEN","NAME":"Kenya","NAME_AR":"كينيا","NAME_EN":"Kenya","NAME_FR":"Kenya"}},{"arcs":[[[602,603,604]],[[605]],[[606]]],"type":"MultiPolygon","properties":{"ISO_A3":"MWI","NAME":"Malawi","NAME_AR":"مالاوي","NAME_EN":"Malawi","NAME_FR":"Malawi"}},{"arcs":[[[607,608,609,610,611,-600,612,613,-605]],[[614]],[[615]],[[616]],[[617]]],"type":"MultiPolygon","properties":{"ISO_A3":"TZA","NAME":"Tanzania","NAME_AR":"تنزانيا","NAME_EN":"Tanzania","NAME_FR":"Tanzanie"}},{"arcs":[[-573,-583,618,619,620,621]],"type":"Polygon","properties":{"ISO_A3":"SYR","NAME":"Syria","NAME_AR":"سوريا","NAME_EN":"Syria","NAME_FR":"Syrie"}},{"arcs":[[-596,-587,622,623]],"type":"Polygon","properties":{"ISO_A3":"-99","NAME":"Somaliland","NAME_AR":"صوماليلاند","NAME_EN":"Somaliland","NAME_FR":"Somaliland"}},{"arcs":[[[624,625,626]],[[627,628,629,630,631,632,633,634,635,636,637,638]],[[639]],[[640]],[[641]],[[642]],[[643]],[[644]],[[645]],[[646]],[[647]],[[648]],[[649]],[[650]],[[651]]],"type":"MultiPolygon","properties":{"ISO_A3":"-99","NAME":"France","NAME_AR":"فرنسا","NAME_EN":"France","NAME_FR":"France"}},{"arcs":[[652,653,654,-625]],"type":"Polygon","properties":{"ISO_A3":"SUR","NAME":"Suriname","NAME_AR":"سورينام","NAME_EN":"Suriname","NAME_FR":"Suriname"}},{"arcs":[[[655,656,657,-654]],[[658]]],"type":"MultiPolygon","properties":{"ISO_A3":"GUY","NAME":"Guyana","NAME_AR":"غيانا","NAME_EN":"Guyana","NAME_FR":"Guyana"}},{"arcs":[[[659,660]],[[661]],[[662]],[[663]],[[664]],[[665]],[[666]],[[667]],[[668]],[[669]],[[670]],[[671]],[[672]],[[673]],[[674]],[[675]],[[676]],[[677]],[[678]],[[679]],[[680]],[[681]],[[682]],[[683]],[[684]],[[685]],[[686]],[[687]],[[688]],[[689]],[[690]],[[691]],[[692]],[[693]],[[694]],[[695]],[[696]],[[697]],[[698]],[[699]],[[700]],[[701]]],"type":"MultiPolygon","properties":{"ISO_A3":"KOR","NAME":"South Korea","NAME_AR":"كوريا الجنوبية","NAME_EN":"South Korea","NAME_FR":"Corée du Sud"}},{"arcs":[[[-661,702,-509,703,704]],[[705]],[[706]],[[707]]],"type":"MultiPolygon","properties":{"ISO_A3":"PRK","NAME":"North Korea","NAME_AR":"كوريا الشمالية","NAME_EN":"North Korea","NAME_FR":"Corée du Nord"}},{"arcs":[[708,709,710,711,712,713,714,715]],"type":"Polygon","properties":{"ISO_A3":"MAR","NAME":"Morocco","NAME_AR":"المغرب","NAME_EN":"Morocco","NAME_FR":"Maroc"}},{"arcs":[[716,717,718,-715]],"type":"Polygon","properties":{"ISO_A3":"ESH","NAME":"W. Sahara","NAME_AR":"الصحراء الغربية","NAME_EN":"Western Sahara","NAME_FR":"Sahara occidental"}},{"arcs":[[[719,720,721,722,723,724]],[[725]]],"type":"MultiPolygon","properties":{"ISO_A3":"CRI","NAME":"Costa Rica","NAME_AR":"كوستاريكا","NAME_EN":"Costa Rica","NAME_FR":"Costa Rica"}},{"arcs":[[[726,727,728,-725]],[[730]]],"type":"MultiPolygon","properties":{"ISO_A3":"NIC","NAME":"Nicaragua","NAME_AR":"نيكاراغوا","NAME_EN":"Nicaragua","NAME_FR":"Nicaragua"}},{"arcs":[[731,732,733,734,735,736]],"type":"Polygon","properties":{"ISO_A3":"COG","NAME":"Congo","NAME_AR":"جمهورية الكونغو","NAME_EN":"Republic of the Congo","NAME_FR":"République du Congo"}},{"arcs":[[[737,-593,738,739,740,-609,741,742,743,744,-732]],[[745]]],"type":"MultiPolygon","properties":{"ISO_A3":"COD","NAME":"Dem. Rep. Congo","NAME_AR":"جمهورية الكونغو الديمقراطية","NAME_EN":"Democratic Republic of the Congo","NAME_FR":"République démocratique du Congo"}},{"arcs":[[-472,-516]],"type":"Polygon","properties":{"ISO_A3":"BTN","NAME":"Bhutan","NAME_AR":"بوتان","NAME_EN":"Bhutan","NAME_FR":"Bhoutan"}},{"arcs":[[[746,747,748,749,750,751,752,753,754,755,756],[757]],[[758]],[[759]]],"type":"MultiPolygon","properties":{"ISO_A3":"UKR","NAME":"Ukraine","NAME_AR":"أوكرانيا","NAME_EN":"Ukraine","NAME_FR":"Ukraine"}},{"arcs":[[760,761,762,763,-757]],"type":"Polygon","properties":{"ISO_A3":"BLR","NAME":"Belarus","NAME_AR":"بيلاروسيا","NAME_EN":"Belarus","NAME_FR":"Biélorussie"}},{"arcs":[[764,765,766,767,768]],"type":"Polygon","properties":{"ISO_A3":"NAM","NAME":"Namibia","NAME_AR":"ناميبيا","NAME_EN":"Namibia","NAME_FR":"Namibie"}},{"arcs":[[[769,770,771,772,773,774,-769],[777]],[[775]],[[776]]],"type":"MultiPolygon","properties":{"ISO_A3":"ZAF","NAME":"South Africa","NAME_AR":"جنوب أفريقيا","NAME_EN":"South Africa","NAME_FR":"Afrique du Sud"}},{"arcs":[[778,779]],"type":"Polygon","properties":{"ISO_A3":"MAF","NAME":"St-Martin","NAME_AR":"تجمع سان مارتين","NAME_EN":"Saint Martin","NAME_FR":"Saint-Martin"}},{"arcs":[[-779,780]],"type":"Polygon","properties":{"ISO_A3":"SXM","NAME":"Sint Maarten","NAME_AR":"سينت مارتن","NAME_EN":"Sint Maarten","NAME_FR":"Saint-Martin"}},{"arcs":[[[781]],[[782,783]],[[784,785,786,787]],[[788]],[[789]]],"type":"MultiPolygon","properties":{"ISO_A3":"OMN","NAME":"Oman","NAME_AR":"سلطنة عمان","NAME_EN":"Oman","NAME_FR":"Oman"}},{"arcs":[[[790]],[[791,792,793,794,795]],[[796]]],"type":"MultiPolygon","properties":{"ISO_A3":"UZB","NAME":"Uzbekistan","NAME_AR":"أوزبكستان","NAME_EN":"Uzbekistan","NAME_FR":"Ouzbékistan"}},{"arcs":[[[-505,797,-795,798,799,800],[806]],[[801]],[[802]],[[803]],[[804]],[[805]]],"type":"MultiPolygon","properties":{"ISO_A3":"KAZ","NAME":"Kazakhstan","NAME_AR":"كازاخستان","NAME_EN":"Kazakhstan","NAME_FR":"Kazakhstan"}},{"arcs":[[[807,-503,808,-792]],[[809]]],"type":"MultiPolygon","properties":{"ISO_A3":"TJK","NAME":"Tajikistan","NAME_AR":"طاجيكستان","NAME_EN":"Tajikistan","NAME_FR":"Tadjikistan"}},{"arcs":[[[-762,810,811,812,813]],[[814,815]]],"type":"MultiPolygon","properties":{"ISO_A3":"LTU","NAME":"Lithuania","NAME_AR":"ليتوانيا","NAME_EN":"Lithuania","NAME_FR":"Lituanie"}},{"arcs":[[[816,-442,817,-433,-439,818,819,-656,-653,-627,820,821]],[[822]],[[823]],[[824]],[[825]],[[826]],[[827]],[[828]],[[829]],[[830]],[[831]],[[832]],[[833]],[[834]],[[835]],[[836]],[[837]],[[838]],[[839]],[[840]],[[841]],[[842]],[[843]],[[844]],[[845]],[[846]],[[847]],[[848]],[[849]],[[850]],[[851]],[[852]],[[853]],[[854]],[[855]],[[856]],[[857]],[[858]],[[859]],[[860]]],"type":"MultiPolygon","properties":{"ISO_A3":"BRA","NAME":"Brazil","NAME_AR":"البرازيل","NAME_EN":"Brazil","NAME_FR":"Brésil"}},{"arcs":[[-822,861,-444,862]],"type":"Polygon","properties":{"ISO_A3":"URY","NAME":"Uruguay","NAME_AR":"الأوروغواي","NAME_EN":"Uruguay","NAME_FR":"Uruguay"}},{"arcs":[[-507,863]],"type":"Polygon","properties":{"ISO_A3":"MNG","NAME":"Mongolia","NAME_AR":"منغوليا","NAME_EN":"Mongolia","NAME_FR":"Mongolie"}},{"arcs":[[[-506,-801,864,865,866,867,-747,-764,868,869,870,871,872,873,-704,-508,-864]],[[874,875,-815,876,-812]],[[-749,877]],[[878]],[[879,880]],[[881]],[[882]],[[883]],[[884]],[[885]],[[886]],[[887]],[[888]],[[889]],[[890]],[[891]],[[892]],[[893]],[[894]],[[895]],[[896]],[[897]],[[898]],[[899]],[[900]],[[901]],[[902]],[[903]],[[904]],[[905]],[[906]],[[907]],[[908]],[[909]],[[910]],[[911]],[[912]],[[913]],[[914]],[[915]],[[916]],[[917]],[[918]],[[919]],[[920]],[[921]],[[922]],[[923]],[[924]],[[925]],[[926]],[[927]],[[928]],[[929]],[[930]],[[931]],[[932]],[[933]],[[934]],[[935]],[[936]],[[937]],[[938]],[[939]],[[940]],[[941]],[[942]],[[943]],[[944]],[[945]],[[946]],[[947]],[[948]],[[949]],[[950]],[[951]],[[952]],[[953]],[[954]],[[955]],[[956]],[[957]],[[958]],[[959]],[[960]],[[961]],[[962]],[[963]],[[964]],[[965]],[[966]],[[967]],[[968]],[[969]],[[970]],[[971]],[[972]],[[973]],[[974]],[[975]],[[976]],[[977]],[[978]],[[979]],[[980]],[[981]],[[982]],[[983]],[[984]],[[985]],[[986]],[[987]],[[988]],[[989]],[[990]],[[991]],[[992]],[[993]],[[994]],[[995]],[[996]],[[997]],[[998]],[[999]],[[1000]],[[1001]],[[1002]],[[1003]],[[1004]],[[1005]],[[1006]],[[1007]],[[1008]],[[1009]],[[1010]],[[1011]],[[1012]],[[1013]],[[1014]],[[1015]],[[1016]],[[1017]],[[1018]],[[1019]],[[1020]],[[1021]],[[1022]],[[1023]],[[1024]],[[1025]],[[1026]],[[1027]],[[1028]],[[1029]],[[1030]],[[1031]],[[1032]],[[1033]],[[1034]],[[1035]],[[1036]],[[1037]],[[1038]],[[1039]],[[1040]],[[1041]],[[1042]],[[1043]],[[1044]],[[1045]],[[1046]],[[1047]],[[1048]],[[1049]],[[1050]],[[1051]],[[1052]],[[1053]],[[1054]],[[1055]],[[1056]],[[1057]],[[1058]],[[1059]],[[1060]],[[1061]],[[1062]],[[1063]],[[1064]],[[1065]],[[1066]],[[1067]],[[1068]],[[1069]],[[1070]],[[1071]]],"type":"MultiPolygon","properties":{"ISO_A3":"RUS","NAME":"Russia","NAME_AR":"روسيا","NAME_EN":"Russia","NAME_FR":"Russie"}},{"arcs":[[1072,1073,1074,1075]],"type":"Polygon","properties":{"ISO_A3":"CZE","NAME":"Czechia","NAME_AR":"التشيك","NAME_EN":"Czech Republic","NAME_FR":"Tchéquie"}},{"arcs":[[[1076,1077,-630,1078,1079,1080,1081,1082,1083,1084,-1076]],[[1085,1086]],[[1087]],[[1088]],[[1089]],[[1090]],[[1091]],[[1092]],[[1093]],[[1094]],[[1095]],[[1096]]],"type":"MultiPolygon","properties":{"ISO_A3":"DEU","NAME":"Germany","NAME_AR":"ألمانيا","NAME_EN":"Germany","NAME_FR":"Allemagne"}},{"arcs":[[[1097,-870,1098]],[[1099]],[[1100]],[[1101]],[[1102]],[[1103]]],"type":"MultiPolygon","properties":{"ISO_A3":"EST","NAME":"Estonia","NAME_AR":"إستونيا","NAME_EN":"Estonia","NAME_FR":"Estonie"}},{"arcs":[[-869,-763,-814,1104,-1099]],"type":"Polygon","properties":{"ISO_A3":"LVA","NAME":"Latvia","NAME_AR":"لاتفيا","NAME_EN":"Latvia","NAME_FR":"Lettonie"}},{"arcs":[[[1105,1106,-873,1107]],[[1108]],[[1109]],[[1110]],[[1111]],[[1112]],[[1113]],[[1114]],[[1115]],[[1116]],[[1117]],[[1118]],[[1119]],[[1120]],[[1121]],[[1122]],[[1123]],[[1124]],[[1125]],[[1126]],[[1127]],[[1128]],[[1129]],[[1130]],[[1131]],[[1132]],[[1133]],[[1134]],[[1135]],[[1136]],[[1137]],[[1138]],[[1139]],[[1140]],[[1141]],[[1142]],[[1143]],[[1144]],[[1145]],[[1146]],[[1147]],[[1148]],[[1149]],[[1150]],[[1151]],[[1152]],[[1153]],[[1154]],[[1155]],[[1156]],[[1157]],[[1158]],[[1159]],[[1160]],[[1161]],[[1162]],[[1163]],[[1164]],[[1165]],[[1166]],[[1167]],[[1168]],[[1169]],[[1170]],[[1171]],[[1172]],[[1173]],[[1174]],[[1175]],[[1176]],[[1177]],[[1178]],[[1179]],[[1180]],[[1181]],[[1182]],[[1183]],[[1184]],[[1185]],[[1186]],[[1187]],[[1188]],[[1189]],[[1190]],[[1191]],[[1192]],[[1193]],[[1194]],[[1195]],[[1196]],[[1197]],[[1198]],[[1199]],[[1200]],[[1201]],[[1202]],[[1203]],[[1204]],[[1205]],[[1206]],[[1207]],[[1208]],[[1209]],[[1210]],[[1211]],[[1212]],[[1213]],[[1214]],[[1215]],[[1216]]],"type":"MultiPolygon","properties":{"ISO_A3":"-99","NAME":"Norway","NAME_AR":"النرويج","NAME_EN":"Norway","NAME_FR":"Norvège"}},{"arcs":[[[1217,1218,-1106]],[[1219]],[[1220]],[[1221]],[[1222]],[[1223]],[[1224]],[[1225]],[[1226]],[[1227]],[[1228]],[[1229]],[[1230]],[[1231]],[[1232]],[[1233]],[[1234]],[[1235]],[[1236]],[[1237]],[[1238]],[[1239]],[[1240]],[[1241]],[[1242]],[[1243]],[[1244]],[[1245]],[[1246]],[[1247]],[[1248]]],"type":"MultiPolygon","properties":{"ISO_A3":"SWE","NAME":"Sweden","NAME_AR":"السويد","NAME_EN":"Sweden","NAME_FR":"Suède"}},{"arcs":[[[-872,1249,-1218,-1108]],[[1250]],[[1251]],[[1252]],[[1253]],[[1254]],[[1255]],[[1256]],[[1257]],[[1258]],[[1259]],[[1260]],[[1261]],[[1262]],[[1263]],[[1264]],[[1265]],[[1266]],[[1267]],[[1268]],[[1269]],[[1270]],[[1271]],[[1272]],[[1273]],[[1274]]],"type":"MultiPolygon","properties":{"ISO_A3":"FIN","NAME":"Finland","NAME_AR":"فنلندا","NAME_EN":"Finland","NAME_FR":"Finlande"}},{"arcs":[[[1275,-513,1276,1277]],[[1278]],[[1279]],[[1280]],[[1281]],[[1282]],[[1283]],[[1284]],[[1285]],[[1286]],[[1287]],[[1288]],[[1289]],[[1290]],[[1291]],[[1292]],[[1293]],[[1294]],[[1295]],[[1296]],[[1297]],[[1298]]],"type":"MultiPolygon","properties":{"ISO_A3":"VNM","NAME":"Vietnam","NAME_AR":"فيتنام","NAME_EN":"Vietnam","NAME_FR":"Viêt Nam"}},{"arcs":[[[-1278,1299,1300,1301]],[[1302]],[[1303]],[[1304]],[[1305]],[[1306]]],"type":"MultiPolygon","properties":{"ISO_A3":"KHM","NAME":"Cambodia","NAME_AR":"كمبوديا","NAME_EN":"Cambodia","NAME_FR":"Cambodge"}},{"arcs":[[-1079,-629,1307]],"type":"Polygon","properties":{"ISO_A3":"LUX","NAME":"Luxembourg","NAME_AR":"لوكسمبورغ","NAME_EN":"Luxembourg","NAME_FR":"Luxembourg"}},{"arcs":[[[1308,-788,1309,1310,-784,1311],[-782]],[[1312]],[[1313]],[[1314]],[[1315]],[[1316]],[[1317]],[[1318]],[[1319]]],"type":"MultiPolygon","properties":{"ISO_A3":"ARE","NAME":"United Arab Emirates","NAME_AR":"الإمارات العربية المتحدة","NAME_EN":"United Arab Emirates","NAME_FR":"Émirats arabes unis"}},{"arcs":[[1320,1321,1322,1323,-1080,-1308,-628]],"type":"Polygon","properties":{"ISO_A3":"BEL","NAME":"Belgium","NAME_AR":"بلجيكا","NAME_EN":"Belgium","NAME_FR":"Belgique"}},{"arcs":[[-867,1324,1325,1326,1327]],"type":"Polygon","properties":{"ISO_A3":"GEO","NAME":"Georgia","NAME_AR":"جورجيا","NAME_EN":"Georgia","NAME_FR":"Géorgie"}},{"arcs":[[1328,1329,1330,1331,1332]],"type":"Polygon","properties":{"ISO_A3":"MKD","NAME":"North Macedonia","NAME_AR":"مقدونيا الشمالية","NAME_EN":"North Macedonia","NAME_FR":"Macédoine du Nord"}},{"arcs":[[-1333,1333,1334,1335,1336]],"type":"Polygon","properties":{"ISO_A3":"ALB","NAME":"Albania","NAME_AR":"ألبانيا","NAME_EN":"Albania","NAME_FR":"Albanie"}},{"arcs":[[[-1325,-866,1337,1338,1339],[1343]],[[1340,1341,1342]]],"type":"MultiPolygon","properties":{"ISO_A3":"AZE","NAME":"Azerbaijan","NAME_AR":"أذربيجان","NAME_EN":"Azerbaijan","NAME_FR":"Azerbaïdjan"}},{"arcs":[[1344,1345,-1329,-1337]],"type":"Polygon","properties":{"ISO_A3":"-99","NAME":"Kosovo","NAME_AR":"كوسوفو","NAME_EN":"Kosovo","NAME_FR":"Kosovo"}},{"arcs":[[[1346,-1342,1347,1348,-620,1349,-1327]],[[1350,1351,1352]],[[1353]],[[1354]],[[1355]],[[1356]]],"type":"MultiPolygon","properties":{"ISO_A3":"TUR","NAME":"Turkey","NAME_AR":"تركيا","NAME_EN":"Turkey","NAME_FR":"Turquie"}},{"arcs":[[[-710,1357]],[[1358,-712]],[[-638,1359,-636,1360,1361,1362,1363,1364]],[[1365]],[[1366]],[[1367]],[[1368]],[[1369]],[[1370]],[[1371]],[[1372]],[[1373]],[[1374]],[[1375]],[[1376]],[[1377]]],"type":"MultiPolygon","properties":{"ISO_A3":"ESP","NAME":"Spain","NAME_AR":"إسبانيا","NAME_EN":"Spain","NAME_FR":"Espagne"}},{"arcs":[[-1276,-1302,1378,1379,-514]],"type":"Polygon","properties":{"ISO_A3":"LAO","NAME":"Laos","NAME_AR":"لاوس","NAME_EN":"Laos","NAME_FR":"Laos"}},{"arcs":[[-504,-808,-796,-798],[-791],[-797],[-810]],"type":"Polygon","properties":{"ISO_A3":"KGZ","NAME":"Kyrgyzstan","NAME_AR":"قيرغيزستان","NAME_EN":"Kyrgyzstan","NAME_FR":"Kirghizistan"}},{"arcs":[[[-1340,1380,-1343,-1347,-1326]],[[-1344]]],"type":"MultiPolygon","properties":{"ISO_A3":"ARM","NAME":"Armenia","NAME_AR":"أرمينيا","NAME_EN":"Armenia","NAME_FR":"Arménie"}},{"arcs":[[[1381,-1083,1382]],[[1383]],[[1384]],[[1385]],[[1386]],[[1387]],[[1388]],[[1389]],[[1390]],[[1391]],[[1392]],[[1393]],[[1394]],[[1395]],[[1396]]],"type":"MultiPolygon","properties":{"ISO_A3":"DNK","NAME":"Denmark","NAME_AR":"الدنمارك","NAME_EN":"Denmark","NAME_FR":"Danemark"}},{"arcs":[[1397,1398,1399,1400,1401,1402,1403,1404]],"type":"Polygon","properties":{"ISO_A3":"LBY","NAME":"Libya","NAME_AR":"ليبيا","NAME_EN":"Libya","NAME_FR":"Libye"}},{"arcs":[[[-1404,1405,1406]],[[1407]],[[1408]],[[1409]]],"type":"MultiPolygon","properties":{"ISO_A3":"TUN","NAME":"Tunisia","NAME_AR":"تونس","NAME_EN":"Tunisia","NAME_FR":"Tunisie"}},{"arcs":[[-753,1410,-751,1411,1412,1413,1414]],"type":"Polygon","properties":{"ISO_A3":"ROU","NAME":"Romania","NAME_AR":"رومانيا","NAME_EN":"Romania","NAME_FR":"Roumanie"}},{"arcs":[[-1415,1415,1416,1417,1418,1419,-754]],"type":"Polygon","properties":{"ISO_A3":"HUN","NAME":"Hungary","NAME_AR":"المجر","NAME_EN":"Hungary","NAME_FR":"Hongrie"}},{"arcs":[[-755,-1420,1420,-1074,1421]],"type":"Polygon","properties":{"ISO_A3":"SVK","NAME":"Slovakia","NAME_AR":"سلوفاكيا","NAME_EN":"Slovakia","NAME_FR":"Slovaquie"}},{"arcs":[[-1073,-1085,1422,-1086,1423,-875,-811,-761,-756,-1422]],"type":"Polygon","properties":{"ISO_A3":"POL","NAME":"Poland","NAME_AR":"بولندا","NAME_EN":"Poland","NAME_FR":"Pologne"}},{"arcs":[[[1424,1425]],[[1426]],[[1427]],[[1428]]],"type":"MultiPolygon","properties":{"ISO_A3":"IRL","NAME":"Ireland","NAME_AR":"جمهورية أيرلندا","NAME_EN":"Ireland","NAME_FR":"Irlande"}},{"arcs":[[[1429,-1425]],[[1430]],[[1431]],[[1432]],[[1433]],[[1434]],[[1435]],[[1436]],[[1437]],[[1438]],[[1439]],[[1440]],[[1441]],[[1442]],[[1443]],[[1444]],[[1445]],[[1446]],[[1447]],[[1448]],[[1449]],[[1450]],[[1451]],[[1452]],[[1453]],[[1454]],[[1455]],[[1457]],[[1458],[1456]],[[1459]],[[1460]],[[1461]],[[1462]],[[1463]],[[1464]],[[1465]],[[1466]],[[1467]],[[1468]],[[1469]],[[1470]],[[1471]],[[1472]]],"type":"MultiPolygon","properties":{"ISO_A3":"GBR","NAME":"United Kingdom","NAME_AR":"المملكة المتحدة","NAME_EN":"United Kingdom","NAME_FR":"Royaume-Uni"}},{"arcs":[[[-1332,1473,-1352,1474,-1334]],[[1475]],[[1476]],[[1477]],[[1478]],[[1479]],[[1480]],[[1481]],[[1482]],[[1483]],[[1484]],[[1485]],[[1486]],[[1487]],[[1488]],[[1489]],[[1490]],[[1491]],[[1492]],[[1493]],[[1494]],[[1495]],[[1496]],[[1497]],[[1498]],[[1499]],[[1500]],[[1501]],[[1502]],[[1503]],[[1504]],[[1505]],[[1506]],[[1507]],[[1508]],[[1509]],[[1510]],[[1511]],[[1512]],[[1513]],[[1514]],[[1515]],[[1516]],[[1517]],[[1518]],[[1519]],[[1520]],[[1521]],[[1522]],[[1523]],[[1524]],[[1525]],[[1526]],[[1527]],[[1528]],[[1529]],[[1530]],[[1531]],[[1532]],[[1533]],[[1534]]],"type":"MultiPolygon","properties":{"ISO_A3":"GRC","NAME":"Greece","NAME_AR":"اليونان","NAME_EN":"Greece","NAME_FR":"Grèce"}},{"arcs":[[-604,1535,1536,-767,1537,-742,-608]],"type":"Polygon","properties":{"ISO_A3":"ZMB","NAME":"Zambia","NAME_AR":"زامبيا","NAME_EN":"Zambia","NAME_FR":"Zambie"}},{"arcs":[[[1538,1539,1540]],[[1541]]],"type":"MultiPolygon","properties":{"ISO_A3":"SLE","NAME":"Sierra Leone","NAME_AR":"سيراليون","NAME_EN":"Sierra Leone","NAME_FR":"Sierra Leone"}},{"arcs":[[1542,1543,1544,1545,1546,1547,-1541]],"type":"Polygon","properties":{"ISO_A3":"GIN","NAME":"Guinea","NAME_AR":"غينيا","NAME_EN":"Guinea","NAME_FR":"Guinée"}},{"arcs":[[-1539,-1548,1548,1549]],"type":"Polygon","properties":{"ISO_A3":"LBR","NAME":"Liberia","NAME_AR":"ليبيريا","NAME_EN":"Liberia","NAME_FR":"Liberia"}},{"arcs":[[1550,-594,-738,-737,1551,1552]],"type":"Polygon","properties":{"ISO_A3":"CAF","NAME":"Central African Rep.","NAME_AR":"جمهورية أفريقيا الوسطى","NAME_EN":"Central African Republic","NAME_FR":"République centrafricaine"}},{"arcs":[[[1553,-1400,1554,1555,1556,1557,1558,1559,1560,-584,-595,-1551]],[[1561]]],"type":"MultiPolygon","properties":{"ISO_A3":"SDN","NAME":"Sudan","NAME_AR":"السودان","NAME_EN":"Sudan","NAME_FR":"Soudan"}},{"arcs":[[-623,-586,1562,1563]],"type":"Polygon","properties":{"ISO_A3":"DJI","NAME":"Djibouti","NAME_AR":"جيبوتي","NAME_EN":"Djibouti","NAME_FR":"Djibouti"}},{"arcs":[[[-1563,-585,-1561,1564]],[[1565]],[[1566]]],"type":"MultiPolygon","properties":{"ISO_A3":"ERI","NAME":"Eritrea","NAME_AR":"إريتريا","NAME_EN":"Eritrea","NAME_FR":"Érythrée"}},{"arcs":[[-1421,-1419,1567,1568,1569,1570,1571,-1077,-1075]],"type":"Polygon","properties":{"ISO_A3":"AUT","NAME":"Austria","NAME_AR":"النمسا","NAME_EN":"Austria","NAME_FR":"Autriche"}},{"arcs":[[1572,1573,1574,1575,1576,-621,-1349]],"type":"Polygon","properties":{"ISO_A3":"IRQ","NAME":"Iraq","NAME_AR":"العراق","NAME_EN":"Iraq","NAME_FR":"Irak"}},{"arcs":[[[1577,-1569,1578,1579,-632],[1594]],[[1580]],[[1581]],[[1582]],[[1583]],[[1584]],[[1585]],[[1586]],[[1587]],[[1588]],[[1589]],[[1590]],[[1591]],[[1592]],[[1593]]],"type":"MultiPolygon","properties":{"ISO_A3":"ITA","NAME":"Italy","NAME_AR":"إيطاليا","NAME_EN":"Italy","NAME_FR":"Italie"}},{"arcs":[[-1578,-631,-1078,-1572,1595,-1570]],"type":"Polygon","properties":{"ISO_A3":"CHE","NAME":"Switzerland","NAME_AR":"سويسرا","NAME_EN":"Switzerland","NAME_FR":"Suisse"}},{"arcs":[[[-1341,-1381,-1339,1596,1597,1598,1599,1600,-1573,-1348]],[[1601]],[[1602]],[[1603]],[[1604]],[[1605]],[[1606]],[[1607]],[[1608]]],"type":"MultiPolygon","properties":{"ISO_A3":"IRN","NAME":"Iran","NAME_AR":"إيران","NAME_EN":"Iran","NAME_FR":"Iran"}},{"arcs":[[[-1081,-1324,1609]],[[1610,-1322,1611]],[[1612]],[[1613]],[[1614]],[[1615]],[[1616]],[[1617]]],"type":"MultiPolygon","properties":{"ISO_A3":"NLD","NAME":"Netherlands","NAME_AR":"هولندا","NAME_EN":"Netherlands","NAME_FR":"Pays-Bas"}},{"arcs":[[-1571,-1596]],"type":"Polygon","properties":{"ISO_A3":"LIE","NAME":"Liechtenstein","NAME_AR":"ليختنشتاين","NAME_EN":"Liechtenstein","NAME_FR":"Liechtenstein"}},{"arcs":[[[1618,1619,1620,1621,-1549,-1547]],[[1622,1623]]],"type":"MultiPolygon","properties":{"ISO_A3":"CIV","NAME":"Côte d'Ivoire","NAME_AR":"ساحل العاج","NAME_EN":"Ivory Coast","NAME_FR":"Côte d'Ivoire"}},{"arcs":[[-1414,1624,-1330,-1346,1625,1626,1627,-1416]],"type":"Polygon","properties":{"ISO_A3":"SRB","NAME":"Serbia","NAME_AR":"صربيا","NAME_EN":"Serbia","NAME_FR":"Serbie"}},{"arcs":[[1628,1629,1630,1631,-1619,-1546,1632]],"type":"Polygon","properties":{"ISO_A3":"MLI","NAME":"Mali","NAME_AR":"مالي","NAME_EN":"Mali","NAME_FR":"Mali"}},{"arcs":[[-1633,-1545,1633,1634,1635,1636,1637]],"type":"Polygon","properties":{"ISO_A3":"SEN","NAME":"Senegal","NAME_AR":"السنغال","NAME_EN":"Senegal","NAME_FR":"Sénégal"}},{"arcs":[[[1638,1639,1640,1641,1642]],[[1643]],[[1644]]],"type":"MultiPolygon","properties":{"ISO_A3":"NGA","NAME":"Nigeria","NAME_AR":"نيجيريا","NAME_EN":"Nigeria","NAME_FR":"Nigeria"}},{"arcs":[[-1643,1645,1646,1647,1648]],"type":"Polygon","properties":{"ISO_A3":"BEN","NAME":"Benin","NAME_AR":"بنين","NAME_EN":"Benin","NAME_FR":"Bénin"}},{"arcs":[[[-745,1649,-733]],[[-1538,-766,1650,-743]],[[1651]]],"type":"MultiPolygon","properties":{"ISO_A3":"AGO","NAME":"Angola","NAME_AR":"أنغولا","NAME_EN":"Angola","NAME_FR":"Angola"}},{"arcs":[[[-1417,-1628,1652,1653,1654]],[[1655,1656,1657]],[[1658]],[[1659]],[[1660]],[[1661]],[[1662]],[[1663]],[[1664]],[[1665]],[[1666]],[[1667]],[[1668]],[[1669]],[[1670]],[[1671]],[[1672]],[[1673]],[[1674]],[[1675]],[[1676]],[[1677]]],"type":"MultiPolygon","properties":{"ISO_A3":"HRV","NAME":"Croatia","NAME_AR":"كرواتيا","NAME_EN":"Croatia","NAME_FR":"Croatie"}},{"arcs":[[1678,-1579,-1568,-1418,-1655]],"type":"Polygon","properties":{"ISO_A3":"SVN","NAME":"Slovenia","NAME_AR":"سلوفينيا","NAME_EN":"Slovenia","NAME_FR":"Slovénie"}},{"arcs":[[1679,1680]],"type":"Polygon","properties":{"ISO_A3":"QAT","NAME":"Qatar","NAME_AR":"قطر","NAME_EN":"Qatar","NAME_FR":"Qatar"}},{"arcs":[[[-1681,1681,-1310,-787,1682,1683,1684,-1576,1685,1686]],[[1687]],[[1688]],[[1689]],[[1690]],[[1691]],[[1692]],[[1693]],[[1694]],[[1695]]],"type":"MultiPolygon","properties":{"ISO_A3":"SAU","NAME":"Saudi Arabia","NAME_AR":"السعودية","NAME_EN":"Saudi Arabia","NAME_FR":"Arabie saoudite"}},{"arcs":[[1696,-770,-768]],"type":"Polygon","properties":{"ISO_A3":"BWA","NAME":"Botswana","NAME_AR":"بوتسوانا","NAME_EN":"Botswana","NAME_FR":"Botswana"}},{"arcs":[[-1537,1697,-771,-1697]],"type":"Polygon","properties":{"ISO_A3":"ZWE","NAME":"Zimbabwe","NAME_AR":"زيمبابوي","NAME_EN":"Zimbabwe","NAME_FR":"Zimbabwe"}},{"arcs":[[[1698,-477,1699,-1600,1700,-501]],[[1701]]],"type":"MultiPolygon","properties":{"ISO_A3":"PAK","NAME":"Pakistan","NAME_AR":"باكستان","NAME_EN":"Pakistan","NAME_FR":"Pakistan"}},{"arcs":[[-1474,-1331,-1625,-1413,1702,-1353]],"type":"Polygon","properties":{"ISO_A3":"BGR","NAME":"Bulgaria","NAME_AR":"بلغاريا","NAME_EN":"Bulgaria","NAME_FR":"Bulgarie"}},{"arcs":[[[1703,-249,1704,1705,-1379,-1301]],[[1706]],[[1707]],[[1708]],[[1709]],[[1710]],[[1711]],[[1712]],[[1713]],[[1714]],[[1715]],[[1716]],[[1717]],[[1718]],[[1719]],[[1720]]],"type":"MultiPolygon","properties":{"ISO_A3":"THA","NAME":"Thailand","NAME_AR":"تايلاند","NAME_EN":"Thailand","NAME_FR":"Thaïlande"}},{"arcs":[[-1595]],"type":"Polygon","properties":{"ISO_A3":"SMR","NAME":"San Marino","NAME_AR":"سان مارينو","NAME_EN":"San Marino","NAME_FR":"Saint-Marin"}},{"arcs":[[[1721,1722]],[[1723]],[[1724]],[[1725]],[[1726]]],"type":"MultiPolygon","properties":{"ISO_A3":"HTI","NAME":"Haiti","NAME_AR":"هايتي","NAME_EN":"Haiti","NAME_FR":"Haïti"}},{"arcs":[[[1727,-1722]],[[1728]],[[1729]]],"type":"MultiPolygon","properties":{"ISO_A3":"DOM","NAME":"Dominican Rep.","NAME_AR":"جمهورية الدومينيكان","NAME_EN":"Dominican Republic","NAME_FR":"République dominicaine"}},{"arcs":[[-1640,1730,-1401,-1554,-1553,1731]],"type":"Polygon","properties":{"ISO_A3":"TCD","NAME":"Chad","NAME_AR":"تشاد","NAME_EN":"Chad","NAME_FR":"Tchad"}},{"arcs":[[[1732,-1686,-1575]],[[1733]],[[1734]]],"type":"MultiPolygon","properties":{"ISO_A3":"KWT","NAME":"Kuwait","NAME_AR":"الكويت","NAME_EN":"Kuwait","NAME_FR":"Koweït"}},{"arcs":[[1735,1736,1737]],"type":"Polygon","properties":{"ISO_A3":"SLV","NAME":"El Salvador","NAME_AR":"السلفادور","NAME_EN":"El Salvador","NAME_FR":"Salvador"}},{"arcs":[[-1736,1738,1739,1740,1741,1742]],"type":"Polygon","properties":{"ISO_A3":"GTM","NAME":"Guatemala","NAME_AR":"غواتيمالا","NAME_EN":"Guatemala","NAME_FR":"Guatemala"}},{"arcs":[[[-6,1743]],[[1744,-4]],[[1745]]],"type":"MultiPolygon","properties":{"ISO_A3":"TLS","NAME":"Timor-Leste","NAME_AR":"تيمور الشرقية","NAME_EN":"East Timor","NAME_FR":"Timor oriental"}},{"arcs":[[[-254,1746]],[[-252,1747]]],"type":"MultiPolygon","properties":{"ISO_A3":"BRN","NAME":"Brunei","NAME_AR":"بروناي","NAME_EN":"Brunei","NAME_FR":"Brunei"}},{"arcs":[[1748,-634]],"type":"Polygon","properties":{"ISO_A3":"MCO","NAME":"Monaco","NAME_AR":"موناكو","NAME_EN":"Monaco","NAME_FR":"Monaco"}},{"arcs":[[1749,-717,-714,1750,-1406,-1403,1751,-1630]],"type":"Polygon","properties":{"ISO_A3":"DZA","NAME":"Algeria","NAME_AR":"الجزائر","NAME_EN":"Algeria","NAME_FR":"Algérie"}},{"arcs":[[[1752,-772,-1698,-1536,-603,-614,1753,-774],[-606],[-607]],[[1754]],[[1755]],[[1756]]],"type":"MultiPolygon","properties":{"ISO_A3":"MOZ","NAME":"Mozambique","NAME_AR":"موزمبيق","NAME_EN":"Mozambique","NAME_FR":"Mozambique"}},{"arcs":[[-1753,-773]],"type":"Polygon","properties":{"ISO_A3":"SWZ","NAME":"eSwatini","NAME_AR":"إسواتيني","NAME_EN":"Eswatini","NAME_FR":"Eswatini"}},{"arcs":[[-610,-741,1757]],"type":"Polygon","properties":{"ISO_A3":"BDI","NAME":"Burundi","NAME_AR":"بوروندي","NAME_EN":"Burundi","NAME_FR":"Burundi"}},{"arcs":[[-740,1758,-611,-1758]],"type":"Polygon","properties":{"ISO_A3":"RWA","NAME":"Rwanda","NAME_AR":"رواندا","NAME_EN":"Rwanda","NAME_FR":"Rwanda"}},{"arcs":[[[-474,-515,-1380,-1706,1759,1760]],[[1761]],[[1762]],[[1763]],[[1764]],[[1765]],[[1766]],[[1767]],[[1768]],[[1769]],[[1770]],[[1771]],[[1772]],[[1773]],[[1774]],[[1775]],[[1776]],[[1777]],[[1778]],[[1779]],[[1780]],[[1781]],[[1782]],[[1783]],[[1784]],[[1785]],[[1786]],[[1787]],[[1788]],[[1789]],[[1790]]],"type":"MultiPolygon","properties":{"ISO_A3":"MMR","NAME":"Myanmar","NAME_AR":"ميانمار","NAME_EN":"Myanmar","NAME_FR":"Birmanie"}},{"arcs":[[[-1761,1791,-475]],[[1792]],[[1793]],[[1794]],[[1795]],[[1796]],[[1797]],[[1798]],[[1799]],[[1800]],[[1801]],[[1802]],[[1803]],[[1804]],[[1805]],[[1806]],[[1807]],[[1808]]],"type":"MultiPolygon","properties":{"ISO_A3":"BGD","NAME":"Bangladesh","NAME_AR":"بنغلاديش","NAME_EN":"Bangladesh","NAME_FR":"Bangladesh"}},{"arcs":[[-1360,-637]],"type":"Polygon","properties":{"ISO_A3":"AND","NAME":"Andorra","NAME_AR":"أندورا","NAME_EN":"Andorra","NAME_FR":"Andorre"}},{"arcs":[[-1701,-1599,1809,-793,-809,-502]],"type":"Polygon","properties":{"ISO_A3":"AFG","NAME":"Afghanistan","NAME_AR":"أفغانستان","NAME_EN":"Afghanistan","NAME_FR":"Afghanistan"}},{"arcs":[[-1656,1810,-1626,-1345,-1336,1811]],"type":"Polygon","properties":{"ISO_A3":"MNE","NAME":"Montenegro","NAME_AR":"الجبل الأسود","NAME_EN":"Montenegro","NAME_FR":"Monténégro"}},{"arcs":[[1812,-1653,-1627,-1811,-1658]],"type":"Polygon","properties":{"ISO_A3":"BIH","NAME":"Bosnia and Herz.","NAME_AR":"البوسنة والهرسك","NAME_EN":"Bosnia and Herzegovina","NAME_FR":"Bosnie-Herzégovine"}},{"arcs":[[-1759,-739,-592,-601,-612]],"type":"Polygon","properties":{"ISO_A3":"UGA","NAME":"Uganda","NAME_AR":"أوغندا","NAME_EN":"Uganda","NAME_FR":"Ouganda"}},{"arcs":[[[1813,1814]],[[1815,1816]]],"type":"MultiPolygon","properties":{"ISO_A3":"-99","NAME":"USNB Guantanamo Bay","NAME_AR":"قاعدة غوانتانامو","NAME_EN":"Guantanamo Bay Naval Base","NAME_FR":"base navale de la baie de Guantánamo"}},{"arcs":[[[-1815,1817,-1817,1818]],[[1819]],[[1820]],[[1821]],[[1822]],[[1823]],[[1824]],[[1825]],[[1826]],[[1827]],[[1828]],[[1829]],[[1830]],[[1831]],[[1832]],[[1833]],[[1834]],[[1835]],[[1836]],[[1837]],[[1838]],[[1839]],[[1840]]],"type":"MultiPolygon","properties":{"ISO_A3":"CUB","NAME":"Cuba","NAME_AR":"كوبا","NAME_EN":"Cuba","NAME_FR":"Cuba"}},{"arcs":[[[-1743,1841,-728,1842,-1737]],[[1843]],[[1844]],[[1845]],[[1846]],[[1847]]],"type":"MultiPolygon","properties":{"ISO_A3":"HND","NAME":"Honduras","NAME_AR":"هندوراس","NAME_EN":"Honduras","NAME_FR":"Honduras"}},{"arcs":[[[1848,-437,1849]],[[1850]],[[1851]],[[1852]],[[1853]],[[1854]],[[1855]],[[1856]],[[1857]],[[1858]],[[1859]],[[1860]],[[1861]]],"type":"MultiPolygon","properties":{"ISO_A3":"ECU","NAME":"Ecuador","NAME_AR":"الإكوادور","NAME_EN":"Ecuador","NAME_FR":"Équateur"}},{"arcs":[[[1862,1863,1864,1865,-819,-438,-1849]],[[1866]],[[1867]],[[1868]],[[1869]],[[1870]],[[1871]],[[1872]]],"type":"MultiPolygon","properties":{"ISO_A3":"COL","NAME":"Colombia","NAME_AR":"كولومبيا","NAME_EN":"Colombia","NAME_FR":"Colombie"}},{"arcs":[[-434,-818,-441]],"type":"Polygon","properties":{"ISO_A3":"PRY","NAME":"Paraguay","NAME_AR":"باراغواي","NAME_EN":"Paraguay","NAME_FR":"Paraguay"}},{"arcs":[[-443,-817,-863]],"type":"Polygon","properties":{"ISO_A3":"-99","NAME":"Brazilian I.","NAME_AR":"برازيليان آيلاند","NAME_EN":"Brazilian Island","NAME_FR":"Ilha Brasileira"}},{"arcs":[[[1873,-1364]],[[1874]],[[1875]],[[1876]],[[1877]],[[1878]],[[1879]],[[1880]],[[1881]],[[1882]],[[1883]],[[1884]]],"type":"MultiPolygon","properties":{"ISO_A3":"PRT","NAME":"Portugal","NAME_AR":"البرتغال","NAME_EN":"Portugal","NAME_FR":"Portugal"}},{"arcs":[[-752,-1411]],"type":"Polygon","properties":{"ISO_A3":"MDA","NAME":"Moldova","NAME_AR":"مولدوفا","NAME_EN":"Moldova","NAME_FR":"Moldavie"}},{"arcs":[[[-1598,1885,-799,-794,-1810]],[[1886]],[[1887]]],"type":"MultiPolygon","properties":{"ISO_A3":"TKM","NAME":"Turkmenistan","NAME_AR":"تركمانستان","NAME_EN":"Turkmenistan","NAME_FR":"Turkménistan"}},{"arcs":[[-622,-1577,-1685,1888,-576,-581,-574]],"type":"Polygon","properties":{"ISO_A3":"JOR","NAME":"Jordan","NAME_AR":"الأردن","NAME_EN":"Jordan","NAME_FR":"Jordanie"}},{"arcs":[[-470,-517]],"type":"Polygon","properties":{"ISO_A3":"NPL","NAME":"Nepal","NAME_AR":"نيبال","NAME_EN":"Nepal","NAME_FR":"Népal"}},{"arcs":[[-778]],"type":"Polygon","properties":{"ISO_A3":"LSO","NAME":"Lesotho","NAME_AR":"ليسوتو","NAME_EN":"Lesotho","NAME_FR":"Lesotho"}},{"arcs":[[1889,1890,-1641,-1732,-1552,-736,1891]],"type":"Polygon","properties":{"ISO_A3":"CMR","NAME":"Cameroon","NAME_AR":"الكاميرون","NAME_EN":"Cameroon","NAME_FR":"Cameroun"}},{"arcs":[[[-735,1892,1893,-1892]],[[1894]]],"type":"MultiPolygon","properties":{"ISO_A3":"GAB","NAME":"Gabon","NAME_AR":"الغابون","NAME_EN":"Gabon","NAME_FR":"Gabon"}},{"arcs":[[-1649,1895,-1631,-1752,-1402,-1731,-1639]],"type":"Polygon","properties":{"ISO_A3":"NER","NAME":"Niger","NAME_AR":"النيجر","NAME_EN":"Niger","NAME_FR":"Niger"}},{"arcs":[[-1648,1896,1897,-1620,-1632,-1896]],"type":"Polygon","properties":{"ISO_A3":"BFA","NAME":"Burkina Faso","NAME_AR":"بوركينا فاسو","NAME_EN":"Burkina Faso","NAME_FR":"Burkina Faso"}},{"arcs":[[-1897,-1647,1898,1899]],"type":"Polygon","properties":{"ISO_A3":"TGO","NAME":"Togo","NAME_AR":"توغو","NAME_EN":"Togo","NAME_FR":"Togo"}},{"arcs":[[-1900,1900,-1623,1901,-1621,-1898]],"type":"Polygon","properties":{"ISO_A3":"GHA","NAME":"Ghana","NAME_AR":"غانا","NAME_EN":"Ghana","NAME_FR":"Ghana"}},{"arcs":[[[-1544,1902,-1634]],[[1903]],[[1904]],[[1905]],[[1906]],[[1907]],[[1908]],[[1909]],[[1910]],[[1911]],[[1912]],[[1913]],[[1914]]],"type":"MultiPolygon","properties":{"ISO_A3":"GNB","NAME":"Guinea-Bissau","NAME_AR":"غينيا بيساو","NAME_EN":"Guinea-Bissau","NAME_FR":"Guinée-Bissau"}},{"arcs":[[-1362,1915]],"type":"Polygon","properties":{"ISO_A3":"GIB","NAME":"Gibraltar","NAME_AR":"جبل طارق","NAME_EN":"Gibraltar","NAME_FR":"Gibraltar"}},{"arcs":[[[1916,1917,1918,1919,1920]],[[1921,1922]],[[1925]],[[1926]],[[1927]],[[1928]],[[1929]],[[1930]],[[1931]],[[1932]],[[1933]],[[1934]],[[1935]],[[1936]],[[1937]],[[1938]],[[1939]],[[1940]],[[1941]],[[1942]],[[1943]],[[1944]],[[1945]],[[1946]],[[1947]],[[1948]],[[1949]],[[1950]],[[1951]],[[1952]],[[1953]],[[1954]],[[1955]],[[1956]],[[1957]],[[1958]],[[1959]],[[1960]],[[1961]],[[1962]],[[1963]],[[1964]],[[1965]],[[1966]],[[1967]],[[1968]],[[1969]],[[1970]],[[1971]],[[1972]],[[1973]],[[1974]],[[1975]],[[1976]],[[1977]],[[1978]],[[1979]],[[1980]],[[1981]],[[1982]],[[1983]],[[1984]],[[1985]],[[1986]],[[1987]],[[1988]],[[1989]],[[1990]],[[1991]],[[1992]],[[1993]],[[1994]],[[1995]],[[1996]],[[1997]],[[1998]],[[1999]],[[2000]],[[2001]],[[2002]],[[2003]],[[2004]],[[2005]],[[2006]],[[2007]],[[2008]],[[2009]],[[2010]],[[2011]],[[2012]],[[2013]],[[2014]],[[2015]],[[2016]],[[2017]],[[2018]],[[2019]],[[2020]],[[2021]],[[2022]],[[2023]],[[2024]],[[2025]],[[2026]],[[2027]],[[2028]],[[2029]],[[2030]],[[2031]],[[2032]],[[2033]],[[2034]],[[2035]],[[2036]],[[2037]],[[2038]],[[2039]],[[2040]],[[2041]],[[2042]],[[2043]],[[2044]],[[2045]],[[2046]],[[2047]],[[2048]],[[2049]],[[2050]],[[2051]],[[2052]],[[2053]],[[2054]],[[2055]],[[2056]],[[2057]],[[2058]],[[2059]],[[2060]],[[2061]],[[2062]],[[2063]],[[2064]],[[2065]],[[2066]],[[2067]],[[2068]],[[2069]],[[2070]],[[2071]],[[2072]],[[2073]],[[2074]],[[2075]],[[2076]],[[2077]],[[2078]],[[2079]],[[2080]],[[2081]],[[2082]],[[2083]],[[2084]],[[2085]],[[2086]],[[2087]],[[2088]],[[2089]],[[2090]],[[2091]],[[2092]],[[2093]],[[2094]],[[2095]],[[2096]],[[2097]],[[2098]],[[2099]],[[2100]],[[2101]],[[2102]],[[2103]],[[2104]],[[2105]],[[2106]],[[2107]],[[2108]],[[2109]],[[2110]],[[2111]],[[2112]],[[2113]],[[2114]],[[2115]],[[2116]],[[2117]],[[2118]],[[2119]],[[2120]],[[2121]],[[2122]],[[2123]],[[2124]],[[2125]],[[2126]],[[2127]],[[2128]],[[2129]],[[2130]],[[2131]],[[2132]],[[2133]],[[2134]],[[2135]],[[2136]],[[2137]],[[2138]],[[2139]],[[2140]],[[2141]],[[2142]],[[2143]],[[2144]],[[2146],[2145]],[[2147]],[[2148]],[[2149]],[[2150]],[[2151]],[[2152]],[[2153]],[[2154]],[[2155]],[[2156]],[[2157]],[[2158]],[[2159]],[[2160]],[[2161]],[[2162]],[[2163]],[[2164]],[[2165]],[[2166]],[[2167]],[[2168]],[[2169]],[[2170]],[[2171]],[[2172]],[[2173]]],"type":"MultiPolygon","properties":{"ISO_A3":"USA","NAME":"United States of America","NAME_AR":"الولايات المتحدة","NAME_EN":"United States of America","NAME_FR":"États-Unis"}},{"arcs":[[[2174,-1924,2175,-1922,2176,-1917,2177],[2255]],[[-1918,2178]],[[2179]],[[2180]],[[2181]],[[2182]],[[2183]],[[2184]],[[2185]],[[2186]],[[2187]],[[2188]],[[2189]],[[2190]],[[2191]],[[2192]],[[2193]],[[2194]],[[2195]],[[2196]],[[2197]],[[2198]],[[2199]],[[2200]],[[2201]],[[2202]],[[2203]],[[2204]],[[2205]],[[2206]],[[2207]],[[2208]],[[2209]],[[2210]],[[2211]],[[2212]],[[2213]],[[2214]],[[2215]],[[2216]],[[2217]],[[2218]],[[2219]],[[2220]],[[2221]],[[2222]],[[2223]],[[2224]],[[2225]],[[2226]],[[2227]],[[2228]],[[2229]],[[2230]],[[2231]],[[2232]],[[2233]],[[2234]],[[2235]],[[2236]],[[2237]],[[2238]],[[2239]],[[2240]],[[2241]],[[2242]],[[2243]],[[2244]],[[2245]],[[2246]],[[2247]],[[2248]],[[2249]],[[2250]],[[2251]],[[2252]],[[2253]],[[2254]],[[2256]],[[2257]],[[2258]],[[2259]],[[2260]],[[2261]],[[2262]],[[2263]],[[2264]],[[2265]],[[2266]],[[2267]],[[2268]],[[2269]],[[2270]],[[2271]],[[2272]],[[2273]],[[2274]],[[2275]],[[2276]],[[2277]],[[2278]],[[2279]],[[2280]],[[2281]],[[2282]],[[2283]],[[2284]],[[2285]],[[2286]],[[2287]],[[2288]],[[2289]],[[2290]],[[2291]],[[2292]],[[2293]],[[2294]],[[2295]],[[2296]],[[2297]],[[2298]],[[2299]],[[2300]],[[2301]],[[2302]],[[2303]],[[2304]],[[2305]],[[2306]],[[2307]],[[2308]],[[2309]],[[2310]],[[2311]],[[2312]],[[2313]],[[2314]],[[2315]],[[2316]],[[2317]],[[2318]],[[2319]],[[2320]],[[2321]],[[2322]],[[2323]],[[2324]],[[2325]],[[2326]],[[2327]],[[2328]],[[2329]],[[2330]],[[2331]],[[2332]],[[2333]],[[2334]],[[2335]],[[2336]],[[2337]],[[2338]],[[2339]],[[2340]],[[2341]],[[2342]],[[2343]],[[2344]],[[2345]],[[2346]],[[2347]],[[2348]],[[2349]],[[2350]],[[2351]],[[2352]],[[2353]],[[2354]],[[2355]],[[2356]],[[2357]],[[2358]],[[2359]],[[2360]],[[2361]],[[2362]],[[2363]],[[2364]],[[2365]],[[2366]],[[2367]],[[2368]],[[2369]],[[2370]],[[2371]],[[2372]],[[2373]],[[2374]],[[2375]],[[2376]],[[2377]],[[2378]],[[2379]],[[2380]],[[2381]],[[2382]],[[2383]],[[2384]],[[2385]],[[2386]],[[2387]],[[2388]],[[2389]],[[2390]],[[2391]],[[2392]],[[2393]],[[2394]],[[2395]],[[2396]],[[2397]],[[2398]],[[2399]],[[2400]],[[2401]],[[2402]],[[2403]],[[2404]],[[2405]],[[2406]],[[2407]],[[2408]],[[2409]],[[2410]],[[2411]],[[2412]],[[2413]],[[2414]],[[2415]],[[2416]],[[2417]],[[2418]],[[2419]],[[2420]],[[2421]],[[2422]],[[2423]],[[2424]],[[2425]],[[2426]],[[2427]],[[2428]],[[2429]],[[2430]],[[2431]],[[2432]],[[2433]],[[2434]],[[2435]],[[2436]],[[2437]],[[2438]],[[2439]],[[2440]],[[2441]],[[2442]],[[2443]],[[2444]],[[2445]],[[2446]],[[2447]],[[2448]],[[2449]],[[2450]],[[2451]],[[2452]],[[2453]],[[2454]],[[2455]],[[2456]],[[2457]],[[2458]],[[2459]],[[2460]],[[2461]],[[2462]],[[2463]],[[2464]],[[2465]],[[2466]],[[2467]],[[2468]],[[2469]],[[2470]],[[2471]],[[2472]],[[2473]],[[2474]],[[2475]],[[2476]],[[2477]],[[2478]],[[2479]],[[2480]],[[2481]],[[2482]],[[2483]],[[2484]],[[2485]],[[2486]],[[2487]],[[2488]],[[2489]],[[2490]],[[2491]],[[2492]],[[2493]],[[2494]],[[2495]],[[2496]],[[2497]],[[2498]],[[2499]],[[2500]],[[2501]],[[2502]],[[2503]],[[2504]],[[2505]],[[2506]],[[2507]],[[2508]],[[2509]],[[2510]],[[2511]],[[2512]],[[2513]],[[2514]],[[2515]],[[2516]],[[2517]],[[2518]],[[2519]],[[2520]],[[2521]],[[2522]],[[2523]],[[2524]],[[2525]],[[2526]],[[2527]],[[2528]],[[2529]],[[2530]],[[2531]],[[2532]],[[2533]],[[2534]],[[2535]],[[2536]],[[2537]],[[2538]],[[2539]],[[2540]],[[2541]],[[2542]],[[2543]],[[2544]],[[2545]],[[2546]]],"type":"MultiPolygon","properties":{"ISO_A3":"CAN","NAME":"Canada","NAME_AR":"كندا","NAME_EN":"Canada","NAME_FR":"Canada"}},{"arcs":[[[2547,2548,-1740,2549,-1920],[2574],[2575]],[[2550]],[[2551]],[[2552]],[[2553]],[[2554]],[[2555]],[[2556]],[[2557]],[[2558]],[[2559]],[[2560]],[[2561]],[[2562]],[[2563]],[[2564]],[[2565]],[[2566]],[[2567]],[[2568]],[[2569]],[[2570]],[[2571]],[[2572]],[[2573]],[[2576]],[[2577]],[[2578]],[[2579]],[[2580]]],"type":"MultiPolygon","properties":{"ISO_A3":"MEX","NAME":"Mexico","NAME_AR":"المكسيك","NAME_EN":"Mexico","NAME_FR":"Mexique"}},{"arcs":[[[-2549,2581,-1741]],[[2582]],[[2583]],[[2584]]],"type":"MultiPolygon","properties":{"ISO_A3":"BLZ","NAME":"Belize","NAME_AR":"بليز","NAME_EN":"Belize","NAME_FR":"Belize"}},{"arcs":[[[2585,-1864,2586,-723]],[[2587]],[[2588]],[[2589]],[[2590]],[[2591]],[[2592]],[[2593]],[[2594]],[[2595]]],"type":"MultiPolygon","properties":{"ISO_A3":"PAN","NAME":"Panama","NAME_AR":"بنما","NAME_EN":"Panama","NAME_FR":"Panama"}},{"arcs":[[[-657,-820,-1866,2596]],[[2597]],[[2598]],[[2599]],[[2600]],[[2601]],[[2602]],[[2603]],[[2604]],[[2605]],[[2606]],[[2607]],[[2608]],[[2609]],[[2610]],[[2611]],[[2612]],[[2613]]],"type":"MultiPolygon","properties":{"ISO_A3":"VEN","NAME":"Venezuela","NAME_AR":"فنزويلا","NAME_EN":"Venezuela","NAME_FR":"Venezuela"}},{"arcs":[[[2614,-9]],[[2615]],[[2616]],[[2617]],[[2618]],[[2619]],[[2620]],[[2621]],[[2622]],[[2623]],[[2624]],[[2625]],[[2626]],[[2627]],[[2628]],[[2629]],[[2630]],[[2631]],[[2632]],[[2633]],[[2634]],[[2635]],[[2636]],[[2637]],[[2638]],[[2639]],[[2640]],[[2641]],[[2642]],[[2643]],[[2644]],[[2645]],[[2646]],[[2647]],[[2648]],[[2649]],[[2650]],[[2651]],[[2652]],[[2653]],[[2654]],[[2655]],[[2656]],[[2657]],[[2658]],[[2659]],[[2660]],[[2661]],[[2662]],[[2663]],[[2664]],[[2665]]],"type":"MultiPolygon","properties":{"ISO_A3":"PNG","NAME":"Papua New Guinea","NAME_AR":"بابوا غينيا الجديدة","NAME_EN":"Papua New Guinea","NAME_FR":"Papouasie-Nouvelle-Guinée"}},{"arcs":[[[-578,2666,2667,-1559,2668,-1555,-1399,2669,-579]],[[2670]],[[2671]],[[2672]],[[2673]],[[2674]]],"type":"MultiPolygon","properties":{"ISO_A3":"EGY","NAME":"Egypt","NAME_AR":"مصر","NAME_EN":"Egypt","NAME_FR":"Égypte"}},{"arcs":[[[-786,2675,-1683]],[[2676]],[[2677]],[[2678]],[[2679]],[[2680]],[[2681]],[[2682]]],"type":"MultiPolygon","properties":{"ISO_A3":"YEM","NAME":"Yemen","NAME_AR":"اليمن","NAME_EN":"Yemen","NAME_FR":"Yémen"}},{"arcs":[[[-1750,-1629,-1638,2683,-718]],[[2684]]],"type":"MultiPolygon","properties":{"ISO_A3":"MRT","NAME":"Mauritania","NAME_AR":"موريتانيا","NAME_EN":"Mauritania","NAME_FR":"Mauritanie"}},{"arcs":[[[-1890,-1894,2685]],[[2686]]],"type":"MultiPolygon","properties":{"ISO_A3":"GNQ","NAME":"Eq. Guinea","NAME_AR":"غينيا الاستوائية","NAME_EN":"Equatorial Guinea","NAME_FR":"Guinée équatoriale"}},{"arcs":[[2687,-1636]],"type":"Polygon","properties":{"ISO_A3":"GMB","NAME":"Gambia","NAME_AR":"غامبيا","NAME_EN":"The Gambia","NAME_FR":"Gambie"}},{"arcs":[[[2688,-511]],[[2689]],[[2690]],[[2691]]],"type":"MultiPolygon","properties":{"ISO_A3":"HKG","NAME":"Hong Kong","NAME_AR":"هونغ كونغ","NAME_EN":"Hong Kong","NAME_FR":"Hong Kong"}},{"type":null,"properties":{"ISO_A3":"VAT","NAME":"Vatican","NAME_AR":"الفاتيكان","NAME_EN":"Vatican City","NAME_FR":"Cité du Vatican"}},{"arcs":[[2692,-457,2693,2694]],"type":"Polygon","properties":{"ISO_A3":"-99","NAME":"N. Cyprus","NAME_AR":"قبرص الشمالية","NAME_EN":"Turkish Republic of Northern Cyprus","NAME_FR":"Chypre du Nord"}},{"arcs":[[[-2693,2697,-467,-458]],[[-456,-466,2698,-2694]],[[2699,-464,2700,-2696]]],"type":"MultiPolygon","properties":{"ISO_A3":"-99","NAME":"Cyprus U.N. Buffer Zone","NAME_AR":"مقاطعة الأمم المتحدة العازلة في قبرص","NAME_EN":"United Nations Buffer Zone in Cyprus","NAME_FR":"Zone tampon des Nations unies à Chypre"}},{"arcs":[[-1699,-500,-478]],"type":"Polygon","properties":{"ISO_A3":"-99","NAME":"Siachen Glacier","NAME_AR":"نهر سياتشن الجليدي","NAME_EN":"Siachen Glacier","NAME_FR":"glacier de Siachen"}},{"arcs":[[-807]],"type":"Polygon","properties":{"ISO_A3":"-99","NAME":"Baikonur","NAME_AR":"بايكونور","NAME_EN":"Baikonur","NAME_FR":"Baïkonour"}},{"arcs":[[2701,-462,2702]],"type":"Polygon","properties":{"ISO_A3":"-99","NAME":"Akrotiri","NAME_AR":"أكروتيري","NAME_EN":"Akrotiri Sovereign Base Area","NAME_FR":"Akrotiri"}},{"arcs":[[-270,-446]],"type":"Polygon","properties":{"ISO_A3":"-99","NAME":"Southern Patagonian Ice Field","NAME_AR":"قل الثلج الباتاغوني الجنوبي","NAME_EN":"Southern Patagonian Ice Field","NAME_FR":"champ de glace Sud de Patagonie"}},{"arcs":[[-2669,-1558,2703,-1556]],"type":"Polygon","properties":{"ISO_A3":"-99","NAME":"Bir Tawil","NAME_AR":"بئر طويل","NAME_EN":"Bir Tawil","NAME_FR":"Bir Tawil"}},{"arcs":[[[2704]],[[2705]],[[2706]],[[2707]],[[2708]],[[2709]],[[2710]],[[2711]],[[2712]],[[2713]],[[2714]],[[2715]],[[2716]],[[2717]],[[2718]],[[2719]],[[2720]],[[2721]],[[2722]],[[2723]],[[2724]],[[2725]],[[2726]],[[2727]],[[2728]],[[2729]],[[2730]],[[2731]],[[2732]],[[2733]],[[2734]],[[2735]],[[2736]],[[2737]],[[2738]],[[2739]],[[2740]],[[2741]],[[2742]],[[2743]],[[2744]],[[2745]],[[2746]],[[2747]],[[2748]],[[2749]],[[2750]],[[2751]],[[2752]],[[2753]],[[2754]],[[2755]],[[2756]],[[2757]],[[2758]],[[2759]],[[2760]],[[2761]],[[2762]],[[2763]],[[2764]],[[2765]],[[2766]],[[2767]],[[2768]],[[2769]],[[2770]],[[2771]],[[2772]],[[2773]],[[2774]],[[2775]],[[2776]],[[2777]],[[2778]],[[2779]],[[2780]],[[2781]],[[2782]],[[2783]],[[2784]],[[2785]],[[2786]],[[2787]],[[2788]],[[2789]],[[2790]],[[2791]],[[2792]],[[2793]],[[2794]],[[2795]],[[2796]],[[2797]],[[2798]],[[2799]],[[2800]],[[2801]],[[2802]],[[2803]],[[2804]],[[2805]],[[2806]],[[2807]],[[2808]],[[2809]],[[2810]],[[2811]],[[2812]],[[2813]],[[2814]],[[2815]],[[2816]],[[2817]],[[2818]],[[2819]],[[2820]],[[2821]],[[2822]],[[2823]],[[2824]],[[2825]],[[2826]],[[2827]],[[2828]],[[2829]],[[2830]],[[2831]],[[2832]],[[2833]],[[2834]],[[2835]],[[2836]],[[2837]],[[2838]],[[2839]],[[2840]],[[2841]],[[2842]],[[2843]],[[2844]],[[2845]],[[2846]],[[2847]],[[2848]],[[2849]],[[2850]],[[2851]],[[2852]],[[2853]],[[2854]],[[2855]],[[2856]],[[2857]],[[2858]],[[2859]],[[2860]],[[2861]],[[2862]],[[2863]],[[2864]],[[2865]],[[2866]],[[2867]],[[2868]],[[2869]],[[2870]],[[2871]],[[2872]]],"type":"MultiPolygon","properties":{"ISO_A3":"ATA","NAME":"Antarctica","NAME_AR":"القارة القطبية الجنوبية","NAME_EN":"Antarctica","NAME_FR":"Antarctique"}},{"arcs":[[[2873]],[[2874]],[[2875]],[[2876]],[[2877]],[[2878]],[[2879]],[[2880]],[[2881]],[[2882]],[[2883]],[[2884]],[[2885]],[[2886]],[[2887]],[[2888]],[[2889]],[[2890]],[[2891]],[[2892]],[[2893]],[[2894]],[[2895]],[[2896]],[[2897]],[[2898]],[[2899]],[[2900]],[[2901]],[[2902]],[[2903]],[[2904]],[[2905]],[[2906]],[[2907]],[[2908]],[[2909]],[[2910]],[[2911]],[[2912]],[[2913]],[[2914]],[[2915]],[[2916]],[[2917]],[[2918]],[[2919]],[[2920]],[[2921]],[[2922]],[[2923]],[[2924]],[[2925]],[[2926]],[[2927]],[[2928]],[[2929]],[[2930]],[[2931]],[[2932]],[[2933]],[[2934]],[[2935]],[[2936]],[[2937]],[[2938]],[[2939]],[[2940]],[[2941]],[[2942]],[[2943]],[[2944]],[[2945]],[[2946]],[[2947]],[[2948]],[[2949]],[[2950]],[[2951]],[[2952]],[[2953]],[[2954]],[[2955]],[[2956]]],"type":"MultiPolygon","properties":{"ISO_A3":"AUS","NAME":"Australia","NAME_AR":"أستراليا","NAME_EN":"Australia","NAME_FR":"Australie"}},{"arcs":[[[2957]],[[2958]],[[2959]],[[2960]],[[2961]],[[2962]],[[2963]],[[2964]],[[2965]],[[2966]],[[2967]],[[2968]],[[2969]],[[2970]],[[2971]],[[2972]],[[2973]],[[2974]],[[2975]],[[2976]],[[2977]],[[2978]],[[2979]],[[2980]],[[2981]],[[2982]],[[2983]],[[2984]],[[2985]],[[2986]],[[2987]],[[2988]],[[2989]],[[2990]],[[2991]],[[2992]],[[2993]],[[2994]],[[2995]],[[2996]],[[2997]],[[2998]],[[2999]],[[3000]],[[3001]],[[3002]],[[3003]],[[3004]],[[3005]],[[3006]],[[3007]],[[3008]],[[3009]],[[3010]],[[3011]],[[3012]],[[3013]],[[3014]],[[3015]],[[3016]],[[3017]],[[3018]],[[3019]],[[3020]],[[3021]],[[3022]],[[3023]],[[3024]],[[3025]],[[3026]],[[3027]],[[3028]],[[3029]],[[3030]],[[3031]],[[3032]],[[3033]],[[3034]],[[3035]],[[3036]],[[3037]],[[3038]],[[3039]],[[3040]],[[3041]],[[3042]],[[3043]],[[3044]],[[3045]],[[3046]],[[3047]],[[3048]],[[3049]],[[3050]],[[3051]],[[3052]],[[3053]],[[3054]],[[3055]],[[3056]],[[3057]],[[3058]],[[3059]],[[3060]],[[3061]],[[3062]],[[3063]],[[3064]],[[3065]],[[3066]],[[3067]],[[3068]],[[3069]],[[3070]],[[3071]],[[3072]],[[3073]]],"type":"MultiPolygon","properties":{"ISO_A3":"GRL","NAME":"Greenland","NAME_AR":"جرينلاند","NAME_EN":"Greenland","NAME_FR":"Groenland"}},{"arcs":[[[3074]],[[3075]],[[3076]],[[3077]],[[3078]],[[3079]],[[3080]],[[3081]],[[3082]],[[3083]],[[3084]],[[3085]],[[3086]],[[3087]],[[3088]],[[3089]],[[3090]],[[3091]],[[3092]],[[3093]],[[3094]],[[3095]],[[3096]],[[3097]],[[3098]],[[3099]],[[3100]],[[3101]],[[3102]],[[3103]],[[3104]],[[3105]],[[3106]],[[3107]],[[3108]]],"type":"MultiPolygon","properties":{"ISO_A3":"FJI","NAME":"Fiji","NAME_AR":"فيجي","NAME_EN":"Fiji","NAME_FR":"Fidji"}},{"arcs":[[[3109]],[[3110]],[[3111]],[[3112]],[[3113]],[[3114]],[[3115]],[[3116]],[[3117]],[[3118]],[[3119]],[[3120]],[[3121]],[[3122]],[[3123]],[[3124]],[[3125]],[[3126]],[[3127]],[[3128]]],"type":"MultiPolygon","properties":{"ISO_A3":"NZL","NAME":"New Zealand","NAME_AR":"نيوزيلندا","NAME_EN":"New Zealand","NAME_FR":"Nouvelle-Zélande"}},{"arcs":[[[3129]],[[3130]],[[3131]],[[3132]],[[3133]],[[3134]],[[3135]],[[3136]],[[3137]],[[3138]]],"type":"MultiPolygon","properties":{"ISO_A3":"NCL","NAME":"New Caledonia","NAME_AR":"كاليدونيا الجديدة","NAME_EN":"New Caledonia","NAME_FR":"Nouvelle-Calédonie"}},{"arcs":[[[3139]],[[3140]],[[3141]]],"type":"MultiPolygon","properties":{"ISO_A3":"MDG","NAME":"Madagascar","NAME_AR":"مدغشقر","NAME_EN":"Madagascar","NAME_FR":"Madagascar"}},{"arcs":[[[3142]],[[3143]],[[3144]],[[3145]],[[3146]],[[3147]],[[3148]],[[3149]],[[3150]],[[3151]],[[3152]],[[3153]],[[3154]],[[3155]],[[3156]],[[3157]],[[3158]],[[3159]],[[3160]],[[3161]],[[3162]],[[3163]],[[3164]],[[3165]],[[3166]],[[3167]],[[3168]],[[3169]],[[3170]],[[3171]],[[3172]],[[3173]],[[3174]],[[3175]],[[3176]],[[3177]],[[3178]],[[3179]],[[3180]],[[3181]],[[3182]],[[3183]],[[3184]],[[3185]],[[3186]],[[3187]],[[3188]],[[3189]],[[3190]],[[3191]],[[3192]],[[3193]],[[3194]],[[3195]],[[3196]],[[3197]],[[3198]],[[3199]],[[3200]],[[3201]],[[3202]],[[3203]],[[3204]],[[3205]],[[3206]],[[3207]],[[3208]],[[3209]],[[3210]],[[3211]],[[3212]],[[3213]],[[3214]],[[3215]],[[3216]],[[3217]],[[3218]],[[3219]],[[3220]],[[3221]],[[3222]],[[3223]],[[3224]],[[3225]],[[3226]]],"type":"MultiPolygon","properties":{"ISO_A3":"PHL","NAME":"Philippines","NAME_AR":"الفلبين","NAME_EN":"Philippines","NAME_FR":"Philippines"}},{"arcs":[[[3227]],[[3228]],[[3229]],[[3230]],[[3231]]],"type":"MultiPolygon","properties":{"ISO_A3":"LKA","NAME":"Sri Lanka","NAME_AR":"سريلانكا","NAME_EN":"Sri Lanka","NAME_FR":"Sri Lanka"}},{"arcs":[[3232]],"type":"Polygon","properties":{"ISO_A3":"CUW","NAME":"Curaçao","NAME_AR":"كوراساو","NAME_EN":"Curaçao","NAME_FR":"Curaçao"}},{"arcs":[[3233]],"type":"Polygon","properties":{"ISO_A3":"ABW","NAME":"Aruba","NAME_AR":"أروبا","NAME_EN":"Aruba","NAME_FR":"Aruba"}},{"arcs":[[[3234]],[[3235]],[[3236]],[[3237]],[[3238]],[[3239]],[[3240]],[[3241]],[[3242]],[[3243]],[[3244]],[[3245]],[[3246]],[[3247]],[[3248]],[[3249]],[[3250]],[[3251]],[[3252]],[[3253]],[[3254]],[[3255]],[[3256]],[[3257]],[[3258]],[[3259]],[[3260]]],"type":"MultiPolygon","properties":{"ISO_A3":"BHS","NAME":"Bahamas","NAME_AR":"باهاماس","NAME_EN":"The Bahamas","NAME_FR":"Bahamas"}},{"arcs":[[[3261]],[[3262]],[[3263]],[[3264]],[[3265]]],"type":"MultiPolygon","properties":{"ISO_A3":"TCA","NAME":"Turks and Caicos Is.","NAME_AR":"جزر توركس وكايكوس","NAME_EN":"Turks and Caicos Islands","NAME_FR":"îles Turques-et-Caïques"}},{"arcs":[[[3266]],[[3267]],[[3268]],[[3269]],[[3270]],[[3271]]],"type":"MultiPolygon","properties":{"ISO_A3":"TWN","NAME":"Taiwan","NAME_AR":"تايوان","NAME_EN":"Taiwan","NAME_FR":"Taïwan"}},{"arcs":[[[3272]],[[3273]],[[3274]],[[3275]],[[3276]],[[3278],[3277]],[[3279]],[[3280]],[[3281]],[[3282]],[[3283]],[[3284]],[[3285]],[[3286]],[[3287]],[[3288]],[[3289]],[[3290]],[[3291]],[[3292]],[[3293]],[[3294]],[[3295]],[[3296]],[[3297]],[[3298]],[[3299]],[[3300]],[[3301]],[[3302]],[[3303]],[[3304]],[[3305]],[[3306]],[[3307]],[[3308]],[[3309]],[[3310]],[[3311]],[[3312]],[[3313]],[[3314]],[[3315]],[[3316]],[[3317]],[[3318]],[[3319]],[[3320]],[[3321]],[[3322]],[[3323]],[[3324]],[[3325]],[[3326]],[[3327]],[[3328]],[[3329]],[[3330]],[[3331]],[[3332]],[[3333]],[[3334]],[[3335]],[[3336]]],"type":"MultiPolygon","properties":{"ISO_A3":"JPN","NAME":"Japan","NAME_AR":"اليابان","NAME_EN":"Japan","NAME_FR":"Japon"}},{"arcs":[[[3337]],[[3338]]],"type":"MultiPolygon","properties":{"ISO_A3":"SPM","NAME":"St. Pierre and Miquelon","NAME_AR":"سان بيير وميكلون","NAME_EN":"Saint Pierre and Miquelon","NAME_FR":"Saint-Pierre-et-Miquelon"}},{"arcs":[[3339]],"type":"Polygon","properties":{"ISO_A3":"ISL","NAME":"Iceland","NAME_AR":"آيسلندا","NAME_EN":"Iceland","NAME_FR":"Islande"}},{"arcs":[[3340]],"type":"Polygon","properties":{"ISO_A3":"PCN","NAME":"Pitcairn Is.","NAME_AR":"جزر بيتكيرن","NAME_EN":"Pitcairn Islands","NAME_FR":"Iles Pitcairn"}},{"arcs":[[[3341]],[[3342]],[[3343]],[[3344]],[[3345]],[[3346]],[[3347]],[[3348]],[[3349]],[[3350]],[[3351]],[[3352]],[[3353]],[[3354]],[[3355]],[[3356]],[[3357]],[[3358]],[[3359]],[[3360]],[[3361]],[[3362]],[[3363]],[[3364]],[[3365]],[[3366]],[[3367]],[[3368]],[[3369]],[[3370]],[[3371]]],"type":"MultiPolygon","properties":{"ISO_A3":"PYF","NAME":"Fr. Polynesia","NAME_AR":"بولينزيا الفرنسية","NAME_EN":"French Polynesia","NAME_FR":"Polynésie française"}},{"arcs":[[[3372]],[[3373]],[[3374]],[[3375]],[[3376]],[[3377]],[[3378]],[[3379]],[[3380]],[[3381]]],"type":"MultiPolygon","properties":{"ISO_A3":"ATF","NAME":"Fr. S. Antarctic Lands","NAME_AR":"أراض فرنسية جنوبية وأنتارتيكية","NAME_EN":"French Southern and Antarctic Lands","NAME_FR":"Terres australes et antarctiques françaises"}},{"arcs":[[[3382]],[[3383]],[[3384]]],"type":"MultiPolygon","properties":{"ISO_A3":"SYC","NAME":"Seychelles","NAME_AR":"سيشل","NAME_EN":"Seychelles","NAME_FR":"Seychelles"}},{"arcs":[[[3385]],[[3386]],[[3387]],[[3388]],[[3389]],[[3390]],[[3391]],[[3392]],[[3393]],[[3394]],[[3395]],[[3396]],[[3397]],[[3398]],[[3399]],[[3400]],[[3401]],[[3402]]],"type":"MultiPolygon","properties":{"ISO_A3":"KIR","NAME":"Kiribati","NAME_AR":"كيريباتي","NAME_EN":"Kiribati","NAME_FR":"Kiribati"}},{"arcs":[[[3403]],[[3404]]],"type":"MultiPolygon","properties":{"ISO_A3":"MHL","NAME":"Marshall Is.","NAME_AR":"جزر مارشال","NAME_EN":"Marshall Islands","NAME_FR":"Îles Marshall"}},{"arcs":[[[3406]],[[3407]]],"type":"MultiPolygon","properties":{"ISO_A3":"TTO","NAME":"Trinidad and Tobago","NAME_AR":"ترينيداد وتوباغو","NAME_EN":"Trinidad and Tobago","NAME_FR":"Trinité-et-Tobago"}},{"arcs":[[[3408]],[[3409]]],"type":"MultiPolygon","properties":{"ISO_A3":"GRD","NAME":"Grenada","NAME_AR":"غرينادا","NAME_EN":"Grenada","NAME_FR":"Grenade"}},{"arcs":[[[3410]],[[3411]]],"type":"MultiPolygon","properties":{"ISO_A3":"VCT","NAME":"St. Vin. and Gren.","NAME_AR":"سانت فينسنت والغرينادين","NAME_EN":"Saint Vincent and the Grenadines","NAME_FR":"Saint-Vincent-et-les-Grenadines"}},{"arcs":[[3412]],"type":"Polygon","properties":{"ISO_A3":"BRB","NAME":"Barbados","NAME_AR":"باربادوس","NAME_EN":"Barbados","NAME_FR":"Barbade"}},{"arcs":[[3413]],"type":"Polygon","properties":{"ISO_A3":"LCA","NAME":"Saint Lucia","NAME_AR":"سانت لوسيا","NAME_EN":"Saint Lucia","NAME_FR":"Sainte-Lucie"}},{"arcs":[[3414]],"type":"Polygon","properties":{"ISO_A3":"DMA","NAME":"Dominica","NAME_AR":"دومينيكا","NAME_EN":"Dominica","NAME_FR":"Dominique"}},{"type":null,"properties":{"ISO_A3":"UMI","NAME":"U.S. Minor Outlying Is.","NAME_AR":"جزر الولايات المتحدة الصغيرة النائية","NAME_EN":"United States Minor Outlying Islands","NAME_FR":"Îles mineures éloignées des États-Unis"}},{"arcs":[[3415]],"type":"Polygon","properties":{"ISO_A3":"MSR","NAME":"Montserrat","NAME_AR":"مونتسرات","NAME_EN":"Montserrat","NAME_FR":"Montserrat"}},{"arcs":[[[3416]],[[3417]]],"type":"MultiPolygon","properties":{"ISO_A3":"ATG","NAME":"Antigua and Barb.","NAME_AR":"أنتيغوا وباربودا","NAME_EN":"Antigua and Barbuda","NAME_FR":"Antigua-et-Barbuda"}},{"arcs":[[[3418]],[[3419]]],"type":"MultiPolygon","properties":{"ISO_A3":"KNA","NAME":"St. Kitts and Nevis","NAME_AR":"سانت كيتس ونيفيس","NAME_EN":"Saint Kitts and Nevis","NAME_FR":"Saint-Christophe-et-Niévès"}},{"arcs":[[[3420]],[[3421]],[[3422]]],"type":"MultiPolygon","properties":{"ISO_A3":"VIR","NAME":"U.S. Virgin Is.","NAME_AR":"جزر العذراء الأمريكية","NAME_EN":"United States Virgin Islands","NAME_FR":"îles Vierges des États-Unis"}},{"arcs":[[3423]],"type":"Polygon","properties":{"ISO_A3":"BLM","NAME":"St-Barthélemy","NAME_AR":"سان بارتيلمي","NAME_EN":"Saint Barthélemy","NAME_FR":"Saint-Barthélemy"}},{"arcs":[[[3424]],[[3425]],[[3426]],[[3427]]],"type":"MultiPolygon","properties":{"ISO_A3":"PRI","NAME":"Puerto Rico","NAME_AR":"بورتوريكو","NAME_EN":"Puerto Rico","NAME_FR":"Porto Rico"}},{"arcs":[[3428]],"type":"Polygon","properties":{"ISO_A3":"AIA","NAME":"Anguilla","NAME_AR":"أنغويلا","NAME_EN":"Anguilla","NAME_FR":"Anguilla"}},{"arcs":[[[3429]],[[3430]],[[3431]]],"type":"MultiPolygon","properties":{"ISO_A3":"VGB","NAME":"British Virgin Is.","NAME_AR":"جزر العذراء البريطانية","NAME_EN":"British Virgin Islands","NAME_FR":"îles Vierges britanniques"}},{"arcs":[[3432]],"type":"Polygon","properties":{"ISO_A3":"JAM","NAME":"Jamaica","NAME_AR":"جامايكا","NAME_EN":"Jamaica","NAME_FR":"Jamaïque"}},{"arcs":[[[3433]],[[3434]],[[3435]]],"type":"MultiPolygon","properties":{"ISO_A3":"CYM","NAME":"Cayman Is.","NAME_AR":"جزر كايمان","NAME_EN":"Cayman Islands","NAME_FR":"îles Caïmans"}},{"arcs":[[3436]],"type":"Polygon","properties":{"ISO_A3":"BMU","NAME":"Bermuda","NAME_AR":"برمودا","NAME_EN":"Bermuda","NAME_FR":"Bermudes"}},{"arcs":[[3437]],"type":"Polygon","properties":{"ISO_A3":"HMD","NAME":"Heard I. and McDonald Is.","NAME_AR":"جزيرة هيرد وجزر ماكدونالد","NAME_EN":"Heard Island and McDonald Islands","NAME_FR":"îles Heard-et-MacDonald"}},{"arcs":[[[3438]],[[3439]],[[3440]],[[3441]]],"type":"MultiPolygon","properties":{"ISO_A3":"SHN","NAME":"Saint Helena","NAME_AR":"سانت هيلينا","NAME_EN":"Saint Helena","NAME_FR":"Sainte-Hélène"}},{"arcs":[[[3442]],[[3443]]],"type":"MultiPolygon","properties":{"ISO_A3":"MUS","NAME":"Mauritius","NAME_AR":"موريشيوس","NAME_EN":"Mauritius","NAME_FR":"Maurice"}},{"arcs":[[[3444]],[[3445]],[[3446]]],"type":"MultiPolygon","properties":{"ISO_A3":"COM","NAME":"Comoros","NAME_AR":"جزر القمر","NAME_EN":"Comoros","NAME_FR":"Comores"}},{"arcs":[[[3447]],[[3448]]],"type":"MultiPolygon","properties":{"ISO_A3":"STP","NAME":"São Tomé and Principe","NAME_AR":"ساو تومي وبرينسيب","NAME_EN":"São Tomé and Príncipe","NAME_FR":"Sao Tomé-et-Principe"}},{"arcs":[[[3449]],[[3450]],[[3451]],[[3452]],[[3453]],[[3454]],[[3455]],[[3456]],[[3457]],[[3458]]],"type":"MultiPolygon","properties":{"ISO_A3":"CPV","NAME":"Cabo Verde","NAME_AR":"الرأس الأخضر","NAME_EN":"Cape Verde","NAME_FR":"Cap-Vert"}},{"arcs":[[[3459]],[[3460]]],"type":"MultiPolygon","properties":{"ISO_A3":"MLT","NAME":"Malta","NAME_AR":"مالطا","NAME_EN":"Malta","NAME_FR":"Malte"}},{"arcs":[[3461]],"type":"Polygon","properties":{"ISO_A3":"JEY","NAME":"Jersey","NAME_AR":"جيرزي","NAME_EN":"Jersey","NAME_FR":"Jersey"}},{"arcs":[[3462]],"type":"Polygon","properties":{"ISO_A3":"GGY","NAME":"Guernsey","NAME_AR":"غيرنزي","NAME_EN":"Guernsey","NAME_FR":"Guernesey"}},{"arcs":[[3463]],"type":"Polygon","properties":{"ISO_A3":"IMN","NAME":"Isle of Man","NAME_AR":"جزيرة مان","NAME_EN":"Isle of Man","NAME_FR":"île de Man"}},{"arcs":[[[3464]],[[3465]],[[3466]],[[3467]],[[3468]],[[3469]],[[3470]],[[3471]],[[3472]],[[3473]]],"type":"MultiPolygon","properties":{"ISO_A3":"ALA","NAME":"Åland","NAME_AR":"جزر أولاند","NAME_EN":"Åland","NAME_FR":"Åland"}},{"arcs":[[[3474]],[[3475]],[[3476]],[[3477]],[[3478]],[[3479]],[[3480]],[[3481]],[[3482]]],"type":"MultiPolygon","properties":{"ISO_A3":"FRO","NAME":"Faeroe Is.","NAME_AR":"جزر فارو","NAME_EN":"Faroe Islands","NAME_FR":"îles Féroé"}},{"arcs":[[[3483]],[[3484]]],"type":"MultiPolygon","properties":{"ISO_A3":"-99","NAME":"Indian Ocean Ter.","NAME_AR":"أقاليم المحيط الهندي الأسترالية","NAME_EN":"Australian Indian Ocean Territories","NAME_FR":"Territoires extérieurs australiens de l'Océan Indien"}},{"arcs":[[[3485]],[[3486]]],"type":"MultiPolygon","properties":{"ISO_A3":"IOT","NAME":"Br. Indian Ocean Ter.","NAME_AR":"إقليم المحيط الهندي البريطاني","NAME_EN":"British Indian Ocean Territory","NAME_FR":"Territoire britannique de l’océan Indien"}},{"arcs":[[3487]],"type":"Polygon","properties":{"ISO_A3":"SGP","NAME":"Singapore","NAME_AR":"سنغافورة","NAME_EN":"Singapore","NAME_FR":"Singapour"}},{"arcs":[[3488]],"type":"Polygon","properties":{"ISO_A3":"NFK","NAME":"Norfolk Island","NAME_AR":"جزيرة نورفولك","NAME_EN":"Norfolk Island","NAME_FR":"Île Norfolk"}},{"arcs":[[[3489]],[[3490]],[[3491]],[[3492]],[[3493]]],"type":"MultiPolygon","properties":{"ISO_A3":"COK","NAME":"Cook Is.","NAME_AR":"جزر كوك","NAME_EN":"Cook Islands","NAME_FR":"Îles Cook"}},{"arcs":[[[3494]],[[3495]],[[3496]],[[3497]],[[3498]],[[3499]],[[3500]],[[3501]]],"type":"MultiPolygon","properties":{"ISO_A3":"TON","NAME":"Tonga","NAME_AR":"تونغا","NAME_EN":"Tonga","NAME_FR":"Tonga"}},{"arcs":[[[3502]],[[3503]]],"type":"MultiPolygon","properties":{"ISO_A3":"WLF","NAME":"Wallis and Futuna Is.","NAME_AR":"واليس وفوتونا","NAME_EN":"Wallis and Futuna","NAME_FR":"Wallis-et-Futuna"}},{"arcs":[[[3504]],[[3505]]],"type":"MultiPolygon","properties":{"ISO_A3":"WSM","NAME":"Samoa","NAME_AR":"ساموا","NAME_EN":"Samoa","NAME_FR":"Samoa"}},{"arcs":[[[3506]],[[3507]],[[3508]],[[3509]],[[3510]],[[3511]],[[3512]],[[3513]],[[3514]],[[3515]],[[3516]],[[3517]],[[3518]],[[3519]],[[3520]],[[3521]],[[3522]],[[3523]],[[3524]],[[3525]],[[3526]],[[3527]],[[3528]],[[3529]],[[3530]],[[3531]],[[3532]],[[3533]],[[3534]],[[3535]],[[3536]],[[3537]],[[3538]],[[3539]],[[3540]],[[3541]],[[3542]],[[3543]],[[3544]],[[3545]],[[3546]],[[3547]]],"type":"MultiPolygon","properties":{"ISO_A3":"SLB","NAME":"Solomon Is.","NAME_AR":"جزر سليمان","NAME_EN":"Solomon Islands","NAME_FR":"Îles Salomon"}},{"type":null,"properties":{"ISO_A3":"TUV","NAME":"Tuvalu","NAME_AR":"توفالو","NAME_EN":"Tuvalu","NAME_FR":"Tuvalu"}},{"arcs":[[3548]],"type":"Polygon","properties":{"ISO_A3":"MDV","NAME":"Maldives","NAME_AR":"المالديف","NAME_EN":"Maldives","NAME_FR":"Maldives"}},{"arcs":[[3549]],"type":"Polygon","properties":{"ISO_A3":"NRU","NAME":"Nauru","NAME_AR":"ناورو","NAME_EN":"Nauru","NAME_FR":"Nauru"}},{"arcs":[[[3550]],[[3551]],[[3552]],[[3553]],[[3554]]],"type":"MultiPolygon","properties":{"ISO_A3":"FSM","NAME":"Micronesia","NAME_AR":"ولايات ميكرونيسيا المتحدة","NAME_EN":"Federated States of Micronesia","NAME_FR":"États fédérés de Micronésie"}},{"arcs":[[[3555]],[[3556]],[[3557]],[[3558]],[[3559]],[[3560]],[[3561]],[[3562]],[[3563]]],"type":"MultiPolygon","properties":{"ISO_A3":"SGS","NAME":"S. Geo. and the Is.","NAME_AR":"جورجيا الجنوبية وجزر ساندويتش الجنوبية","NAME_EN":"South Georgia and the South Sandwich Islands","NAME_FR":"Géorgie du Sud-et-les Îles Sandwich du Sud"}},{"arcs":[[[3564]],[[3565]],[[3566]],[[3567]],[[3568]],[[3569]],[[3570]],[[3571]],[[3572]],[[3573]],[[3574]],[[3575]],[[3576]],[[3577]],[[3578]]],"type":"MultiPolygon","properties":{"ISO_A3":"FLK","NAME":"Falkland Is.","NAME_AR":"جزر فوكلاند","NAME_EN":"Falkland Islands","NAME_FR":"îles Malouines"}},{"arcs":[[[3579]],[[3580]],[[3581]],[[3582]],[[3583]],[[3584]],[[3585]],[[3586]],[[3587]],[[3588]],[[3589]],[[3590]],[[3591]],[[3592]],[[3593]],[[3594]],[[3595]],[[3596]],[[3597]],[[3598]],[[3599]],[[3600]],[[3601]],[[3602]],[[3603]],[[3604]]],"type":"MultiPolygon","properties":{"ISO_A3":"VUT","NAME":"Vanuatu","NAME_AR":"فانواتو","NAME_EN":"Vanuatu","NAME_FR":"Vanuatu"}},{"arcs":[[3605]],"type":"Polygon","properties":{"ISO_A3":"NIU","NAME":"Niue","NAME_AR":"نييوي","NAME_EN":"Niue","NAME_FR":"Niue"}},{"arcs":[[[3606]],[[3607]]],"type":"MultiPolygon","properties":{"ISO_A3":"ASM","NAME":"American Samoa","NAME_AR":"ساموا الأمريكية","NAME_EN":"American Samoa","NAME_FR":"Samoa américaines"}},{"arcs":[[[3608]],[[3609]],[[3610]],[[3611]],[[3612]],[[3613]]],"type":"MultiPolygon","properties":{"ISO_A3":"PLW","NAME":"Palau","NAME_AR":"بالاو","NAME_EN":"Palau","NAME_FR":"Palaos"}},{"arcs":[[3614]],"type":"Polygon","properties":{"ISO_A3":"GUM","NAME":"Guam","NAME_AR":"غوام","NAME_EN":"Guam","NAME_FR":"Guam"}},{"arcs":[[[3615]],[[3616]],[[3617]],[[3618]],[[3619]],[[3620]],[[3621]]],"type":"MultiPolygon","properties":{"ISO_A3":"MNP","NAME":"N. Mariana Is.","NAME_AR":"جزر ماريانا الشمالية","NAME_EN":"Northern Mariana Islands","NAME_FR":"îles Mariannes du Nord"}},{"arcs":[[[3622]],[[3623]],[[3624]],[[3625]]],"type":"MultiPolygon","properties":{"ISO_A3":"BHR","NAME":"Bahrain","NAME_AR":"البحرين","NAME_EN":"Bahrain","NAME_FR":"Bahreïn"}},{"type":null,"properties":{"ISO_A3":"-99","NAME":"Coral Sea Is.","NAME_AR":"جزر بحر المرجان","NAME_EN":"Coral Sea Islands","NAME_FR":"Îles de la mer de Corail"}},{"type":null,"properties":{"ISO_A3":"-99","NAME":"Spratly Is.","NAME_AR":"جزيرة ويك","NAME_EN":"Wake Island","NAME_FR":"Wake"}},{"type":null,"properties":{"ISO_A3":"-99","NAME":"Clipperton I.","NAME_AR":"جزيرة كليبرتون","NAME_EN":"Clipperton Island","NAME_FR":"île Clipperton"}},{"arcs":[[3626]],"type":"Polygon","properties":{"ISO_A3":"MAC","NAME":"Macao","NAME_AR":"ماكاو","NAME_EN":"Macau","NAME_FR":"Macao"}},{"type":null,"properties":{"ISO_A3":"-99","NAME":"Ashmore and Cartier Is.","NAME_AR":"جزر أشمور وكارتيير","NAME_EN":"Ashmore and Cartier Islands","NAME_FR":"Îles Ashmore-et-Cartier"}},{"type":null,"properties":{"ISO_A3":"-99","NAME":"Bajo Nuevo Bank","NAME_AR":"ضفة باجو نيوفو","NAME_EN":"Bajo Nuevo Bank","NAME_FR":"Banc de Bajo Nuevo"}},{"type":null,"properties":{"ISO_A3":"-99","NAME":"Serranilla Bank","NAME_AR":"ضفة سيرانيلا","NAME_EN":"Serranilla Bank","NAME_FR":"Banc de Serranilla"}},{"type":null,"properties":{"ISO_A3":"-99","NAME":"Scarborough Reef","NAME_AR":"سكاربورو شول","NAME_EN":"Scarborough Shoal","NAME_FR":"Récif de Scarborough"}}]}}}